{
    "Pruning Time": 73.75775718688965,
    "Cut Data": [
        {
            "Rule": [
                "Vigor",
                "Vigor"
            ],
            "Sequence": [
                1,
                2
            ],
            "Vertices": [
                [
                    [
                        0.36422058134641827,
                        2.8388348779838863,
                        0.06635706902818053
                    ],
                    [
                        0.3689560498414061,
                        2.827017609169461,
                        0.11635706902818048
                    ],
                    [
                        0.5399637578497839,
                        2.837131555844805,
                        0.11635706902818048
                    ],
                    [
                        0.5414079078163405,
                        2.849314307199883,
                        0.06635706902818053
                    ],
                    [
                        0.36422058134641827,
                        2.8358657063726875,
                        0.06635706902818053
                    ],
                    [
                        0.3689560498414061,
                        2.8241519909447805,
                        0.11635706902818048
                    ],
                    [
                        0.5414079078163405,
                        2.8463451355886837,
                        0.06635706902818053
                    ],
                    [
                        0.5399637578497839,
                        2.8342659376201245,
                        0.11635706902818048
                    ]
                ],
                [
                    [
                        0.6962918898030446,
                        2.0897642227152313,
                        0.016586266385067765
                    ],
                    [
                        0.6896756678632386,
                        2.1035916455032444,
                        0.06658626638506951
                    ],
                    [
                        0.8052141457494754,
                        2.0878750147082195,
                        0.06658626638506951
                    ],
                    [
                        0.8158605536424626,
                        2.0734993681092275,
                        0.016586266385067765
                    ],
                    [
                        0.6962918898030446,
                        2.086691972400764,
                        0.016586266385067765
                    ],
                    [
                        0.6896756678632386,
                        2.1006229485752956,
                        0.06658626638506951
                    ],
                    [
                        0.8158605536424626,
                        2.0704271177947597,
                        0.016586266385067765
                    ],
                    [
                        0.8052141457494754,
                        2.08490631778027,
                        0.06658626638506951
                    ]
                ]
            ],
            "Cut Time": [
                1.1900694370269775,
                0.8755409717559814
            ],
            "Rule Time": [
                3.3390755653381348,
                3.124744415283203
            ],
            "Between Time": [
                30.43495225906372,
                28.31236481666565
            ]
        }
    ],
    "Explanations": [
        {
            "Branch Num": 2,
            "Decision": "Branch Vigor",
            "Explanation": "Branch is strong vigor and removed to prevent shading."
        },
        {
            "Branch Num": 1,
            "Decision": "Branch Vigor",
            "Explanation": "Branch is vigorous and removed due to placement and shading."
        },
        {
            "Branch Num": 2,
            "Decision": "Branch Vigor",
            "Explanation": "Branch is strong vigor and removed to prevent shading."
        },
        {
            "Branch Num": 3,
            "Decision": "Branch Vigor",
            "Explanation": "Branch is vigorous and removed to prevent shading"
        },
        {
            "Branch Num": 2,
            "Decision": "Branch Vigor",
            "Explanation": "Branch is strong vigor and removed to prevent shading."
        }
    ],
    "Reset Answer": ""
}