{
    "Pruning Time": 58.16148090362549,
    "Cut Data": [
        {
            "Rule": [
                "Canopy",
                "Canopy",
                "Canopy",
                "Canopy",
                "Canopy"
            ],
            "Sequence": [
                1,
                2,
                3,
                4,
                5
            ],
            "Vertices": [
                [
                    [
                        -0.28581130329048415,
                        2.0193754286061263,
                        0.18264433500221952
                    ],
                    [
                        -0.2749633860998379,
                        2.0072535910078235,
                        0.23264433500222104
                    ],
                    [
                        -0.3294452954199296,
                        1.9840937725901486,
                        0.23264433500222104
                    ],
                    [
                        -0.3424426451189392,
                        1.9953019038368203,
                        0.18264433500221952
                    ],
                    [
                        -0.28581130329048415,
                        2.0166470957989384,
                        0.18264433500221952
                    ],
                    [
                        -0.2749633860998379,
                        2.0046288115871542,
                        0.23264433500222104
                    ],
                    [
                        -0.3424426451189392,
                        1.9925735710296324,
                        0.18264433500221952
                    ],
                    [
                        -0.3294452954199296,
                        1.9814689931694789,
                        0.23264433500222104
                    ]
                ],
                [
                    [
                        -0.24634047898339945,
                        1.384392326958504,
                        -0.06060891912257386
                    ],
                    [
                        -0.23844803149175275,
                        1.3945040105832185,
                        -0.010608919122572
                    ],
                    [
                        -0.18162637292350534,
                        1.3816216495837157,
                        -0.010608919122572
                    ],
                    [
                        -0.18763806697033408,
                        1.3710835696615733,
                        -0.06060891912257386
                    ],
                    [
                        -0.24634047898339945,
                        1.381160200186392,
                        -0.06060891912257386
                    ],
                    [
                        -0.23844803149175275,
                        1.391375437197625,
                        -0.010608919122572
                    ],
                    [
                        -0.18763806697033408,
                        1.3678514428894617,
                        -0.06060891912257386
                    ],
                    [
                        -0.18162637292350534,
                        1.3784930761981222,
                        -0.010608919122572
                    ]
                ],
                [
                    [
                        -0.2370470302401851,
                        1.5347835620758599,
                        -0.041080062413610945
                    ],
                    [
                        -0.22935609204619742,
                        1.5401439726720945,
                        0.008919937586391218
                    ],
                    [
                        -0.1251943733876623,
                        1.5365108811419148,
                        0.008919937586391218
                    ],
                    [
                        -0.1293924837555595,
                        1.5310286430321296,
                        -0.041080062413610945
                    ],
                    [
                        -0.2370470302401851,
                        1.531591880888689,
                        -0.041080062413610945
                    ],
                    [
                        -0.22935609204619742,
                        1.5370558448714415,
                        0.008919937586391218
                    ],
                    [
                        -0.1293924837555595,
                        1.5278369618449585,
                        -0.041080062413610945
                    ],
                    [
                        -0.1251943733876623,
                        1.5334227533412619,
                        0.008919937586391218
                    ]
                ],
                [
                    [
                        0.5953494127430633,
                        1.5151161464339262,
                        -0.11445427941228585
                    ],
                    [
                        0.5769113120072593,
                        1.5208420395708124,
                        -0.06445427941228513
                    ],
                    [
                        0.6546734924963982,
                        1.5246539110693058,
                        -0.06445427941228513
                    ],
                    [
                        0.6755968745699973,
                        1.5190498454459704,
                        -0.11445427941228585
                    ],
                    [
                        0.5953494127430633,
                        1.5117725022736888,
                        -0.11445427941228585
                    ],
                    [
                        0.5769113120072593,
                        1.517601948797093,
                        -0.06445427941228513
                    ],
                    [
                        0.6755968745699973,
                        1.515706201285733,
                        -0.11445427941228585
                    ],
                    [
                        0.6546734924963982,
                        1.5214138202955865,
                        -0.06445427941228513
                    ]
                ],
                [
                    [
                        0.755182361094528,
                        1.342170067395514,
                        -0.1317693861464214
                    ],
                    [
                        0.7304888414615691,
                        1.3538706590952758,
                        -0.07841256606012137
                    ],
                    [
                        0.7707770504246165,
                        1.294259494828351,
                        -0.07841256606012137
                    ],
                    [
                        0.7968324768007575,
                        1.280543801224741,
                        -0.1317693861464214
                    ],
                    [
                        0.7501131035908093,
                        1.342170067395514,
                        -0.1317693861464214
                    ],
                    [
                        0.7255853423443561,
                        1.3538706590952758,
                        -0.07841256606012137
                    ],
                    [
                        0.7917632192970387,
                        1.280543801224741,
                        -0.1317693861464214
                    ],
                    [
                        0.7658735513074035,
                        1.294259494828351,
                        -0.07841256606012137
                    ]
                ]
            ],
            "Cut Time": [
                0.9699141979217529,
                0.6747009754180908,
                0.5840494632720947,
                0.5572607517242432,
                1.342616319656372
            ],