{
    "Pruning Time": 137.25699663162231,
    "Cut Data": [
        {
            "Rule": [
                "Spacing",
                "Spacing",
                "Spacing",
                "Canopy",
                "Canopy",
                "Spacing",
                "Canopy",
                "Canopy"
            ],
            "Sequence": [
                1,
                2,
                3,
                4,
                5,
                6,
                7,
                8
            ],
            "Vertices": [
                [
                    [
                        -0.8740339431785059,
                        2.1550322100270236,
                        0.13182146719580967
                    ],
                    [
                        -0.8603648958206332,
                        2.142057579833866,
                        0.18182146719580936
                    ],
                    [
                        -0.7611981431623754,
                        2.0906686476522527,
                        0.18182146719580936
                    ],
                    [
                        -0.7711056836306124,
                        2.1016940376285977,
                        0.13182146719580967
                    ],
                    [
                        -0.8761427250362104,
                        2.1525719645871093,
                        0.13182146719580967
                    ],
                    [
                        -0.8623966123755595,
                        2.13968724391164,
                        0.18182146719580936
                    ],
                    [
                        -0.773214465488317,
                        2.099233792188683,
                        0.13182146719580967
                    ],
                    [
                        -0.7632298597173018,
                        2.0882983117300262,
                        0.18182146719580936
                    ]
                ],
                [
                    [
                        -0.549362399239111,
                        2.075898076970764,
                        0.00022418636465347473
                    ],
                    [
                        -0.5477167399748953,
                        2.0667000996976808,
                        0.050224186364652375
                    ],
                    [
                        -0.5146071652984373,
                        2.0366742606588693,
                        0.050224186364652375
                    ],
                    [
                        -0.5151109385425849,
                        2.0448367040667708,
                        0.00022418636465347473
                    ],
                    [
                        -0.549362399239111,
                        2.0727919396803647,
                        0.00022418636465347473
                    ],
                    [
                        -0.5477167399748953,
                        2.0636975157938,
                        0.050224186364652375
                    ],
                    [
                        -0.5151109385425849,
                        2.0417305667763714,
                        0.00022418636465347473
                    ],
                    [
                        -0.5146071652984373,
                        2.033671676754988,
                        0.050224186364652375
                    ]
                ],
                [
                    [
                        -0.3980525982905655,
                        1.448498192650377,
                        -0.0027299881507879048
                    ],
                    [
                        -0.4014446714678262,
                        1.4601936339512507,
                        0.04727001184921043
                    ],
                    [
                        -0.41315421545184694,
                        1.414178188548816,
                        0.04727001184921043
                    ],
                    [
                        -0.4101651608699044,
                        1.400898989571782,
                        -0.0027299881507879048
                    ],
                    [
                        -0.4027209817846856,
                        1.448498192650377,
                        -0.0027299881507879048
                    ],
                    [
                        -0.40595772487833415,
                        1.4601936339512507,
                        0.04727001184921043
                    ],
                    [
                        -0.41483354436402453,
                        1.400898989571782,
                        -0.0027299881507879048
                    ],
                    [
                        -0.41766726886235495,
                        1.414178188548816,
                        0.04727001184921043
                    ]
                ],
                [
                    [
                        -0.5354104733882021,
                        1.4054757579152923,
                        -0.006225007249955277
                    ],
                    [
                        -0.534235002485191,
                        1.4185722156220002,
                        0.043774992750043686
                    ],
                    [
                        -0.4520709965207327,
                        1.3990573057235907,
                        0.043774992750043686
                    ],
                    [
                        -0.45042533725651707,
                        1.3852907966923536,
                        -0.006225007249955277
                    ],
                    [
                        -0.5354104733882021,
                        1.4023562639081109,
                        -0.006225007249955277
                    ],
                    [
                        -0.534235002485191,
                        1.4155562750013369,
                        0.043774992750043686
                    ],
                    [
                        -0.45042533725651707,
                        1.382171302685172,
                        -0.006225007249955277
                    ],
                    [
                        -0.4520709965207327,
                        1.3960413651029273,
                        0.043774992750043686
                    ]
                ],
                [
                    [
                        -0.6122337900969513,
                        1.5812191840424437,
                        -0.061586395751977024
                    ],
                    [
                        -0.6086402076220314,
                        1.5882242660716135,
                        -0.011586395751976016
                    ],
                    [
                        -0.5192912518207345,
                        1.5569182880126347,
                        -0.011586395751976016
                    ],
                    [
                        -0.519929364596655,
                        1.5488776721182833,
                        -0.061586395751977024
                    ],
                    [
                        -0.6122337900969513,
                        1.577985032850028,
                        -0.061586395751977024
                    ],
                    [
                        -0.6086402076220314,
                        1.5850936682657157,
                        -0.011586395751976016
                    ],
                    [
                        -0.519929364596655,
                        1.5456435209258674,
                        -0.061586395751977024
                    ],
                    [
                        -0.5192912518207345,
                        1.5537876902067367,
                        -0.011586395751976016
                    ]
                ],
                [
                    [
                        -0.21338059023550307,
