{
    "Pruning Time": 113.2548418045044,
    "Cut Data": [
        {
            "Rule": [
                "Vigor",
                "Vigor",
                "Canopy",
                "Vigor",
                "Vigor",
                "Canopy"
            ],
            "Sequence": [
                1,
                2,
                3,
                4,
                5,
                6
            ],
            "Vertices": [
                [
                    [
                        0.6277054257146906,
                        2.145829928683855,
                        0.07050094173063273
                    ],
                    [
                        0.6232386362832482,
                        2.1302360069493558,
                        0.12050094173063294
                    ],
                    [
                        0.7307249656731486,
                        2.0899013812978535,
                        0.12050094173063294
                    ],
                    [
                        0.7390876015259995,
                        2.104033372869744,
                        0.07050094173063273
                    ],
                    [
                        0.6260074456929549,
                        2.143094294271932,
                        0.07050094173063273
                    ],
                    [
                        0.6216000469974459,
                        2.12759605760963,
                        0.12050094173063294
                    ],
                    [
                        0.7373896215042638,
                        2.101297738457821,
                        0.07050094173063273
                    ],
                    [
                        0.7290863763873463,
                        2.0872614319581277,
                        0.12050094173063294
                    ]
                ],
                [
                    [
                        0.8982142165437804,
                        2.0931679506014222,
                        0.07830357605662275
                    ],
                    [
                        0.8842093203564758,
                        2.0793405278134096,
                        0.12830357605662313
                    ],
                    [
                        0.9855595007862415,
                        2.0609583876991033,
                        0.12830357605662313
                    ],
                    [
                        1.0032587340972956,
                        2.074115759162587,
                        0.07830357605662275
                    ],
                    [
                        0.8982142165437804,
                        2.0902235210154205,
                        0.07830357605662275
                    ],
                    [
                        0.8842093203564758,
                        2.076499651613926,
                        0.12830357605662313
                    ],
                    [
                        1.0032587340972956,
                        2.071171329576585,
                        0.07830357605662275
                    ],
                    [
                        0.9855595007862415,
                        2.0581175114996197,
                        0.12830357605662313
                    ]
                ],
                [
                    [
                        0.3387975204490371,
                        1.4231933358334847,
                        0.07992533819572498
                    ],
                    [
                        0.3444733656664341,
                        1.4329395369175473,
                        0.1299253381957269
                    ],
                    [
                        0.33895171000962115,
                        1.3928804674551793,
                        0.1299253381957269
                    ],
                    [
                        0.3330743554945651,
                        1.3816723362085075,
                        0.07992533819572498
                    ],
                    [
                        0.3343859141299649,
                        1.4231933358334847,
                        0.07992533819572498
                    ],
                    [
                        0.34021708943097406,
                        1.4329395369175473,
                        0.1299253381957269
                    ],
                    [
                        0.3286627491754929,
                        1.3816723362085075,
                        0.07992533819572498
                    ],
                    [
                        0.3346954337741611,
                        1.3928804674551793,
                        0.1299253381957269
                    ]
                ],
                [
                    [
                        0.5508863956418701,
                        1.385114756772335,
                        0.014551226433846268
                    ],
                    [
                        0.5483760450646855,
                        1.400648817342211,
                        0.0878320540315408
                    ],
                    [
                        0.6451281351940564,
                        1.3972079991507422,
                        0.0878320540315408
                    ],
                    [
                        0.6526591869256102,
                        1.3814953861605228,
                        0.014551226433846268
                    ],
                    [
                        0.5508863956418701,
                        1.3820382917522946,
                        0.014551226433846268
                    ],
                    [
                        0.5483760450646855,
                        1.3977241218794625,
                        0.0878320540315408
                    ],
                    [
                        0.6526591869256102,
                        1.3784189211404823,
                        0.014551226433846268
                    ],
                    [
                        0.6451281351940564,
                        1.3942833036879936,
                        0.0878320540315408
                    ]
                ],
                [
                    [
                        0.7637018914753678,
                        1.5100681900249855,
                        0.08270700301615411
                    ],
                    [
                        0.7543988789001083,
                        1.5167687032702781,
                        0.1327070030161526
                    ],
                    [
                        0.8223610342741442,
                        1.5067742689032024,
                        0.1327070030161526
                    ],
                    [
                        0.8341493281871987,
                        1.4997082731172577,
                        0.08270700301615411
                    ],
                    [
                        0.7637018914753678,
                        1.5071328802344628,
                        0.08270700301615411
                    ],
                    [
                        0.7543988789001083,
                        1.5139369468662736,
                        0.1327070030161526
                    ],
                    [
                        0.8341493281871987,
                        1.4967729633267346,
                        0.08270700301615411
                    ],
                    [
                        0.8223610342741442,
                        1.5039425124991976,
                        0.1327070030161526
                    ]
                ],
                [
                    [
                        1.0401132567140288,
                        1.3659971978618042,
                        -0.03162236323172697
                    ],
                    [
                        1.0101456714994264,
                        1.3845289730229753,
