{
    "Pruning Time": 118.33059978485107,
    "Cut Data": [
        {
            "Rule": [
                "Vigor",
                "Vigor",
                "Vigor",
                "Vigor",
                "Vigor",
                "Vigor",
                "Vigor"
            ],
            "Sequence": [
                1,
                2,
                3,
                4,
                5,
                6,
                7
            ],
            "Vertices": [
                [
                    [
                        -0.3771281457256177,
                        1.8852929392623414,
                        0.08197347703995941
                    ],
                    [
                        -0.3654741913443355,
                        1.879567046125455,
                        0.13197347703995987
                    ],
                    [
                        -0.22223358609122415,
                        1.8852979092996716,
                        0.13197347703995987
                    ],
                    [
                        -0.22931999639223438,
                        1.8912065437068841,
                        0.08197347703995941
                    ],
                    [
                        -0.3771281457256177,
                        1.8819418967437669,
                        0.08197347703995941
                    ],
                    [
                        -0.3654741913443355,
                        1.8763195569933988,
                        0.13197347703995987
                    ],
                    [
                        -0.22931999639223438,
                        1.88785550118831,
                        0.08197347703995941
                    ],
                    [
                        -0.22223358609122415,
                        1.8820504201676158,
                        0.13197347703995987
                    ]
                ],
                [
                    [
                        0.23219636534609922,
                        1.3899065297915008,
                        -0.019830019500636727
                    ],
                    [
                        0.22544580387452065,
                        1.3989217657942583,
                        0.030169980499364427
                    ],
                    [
                        0.08636481043949303,
                        1.3439953311756434,
                        0.030169980499364427
                    ],
                    [
                        0.08895084642611764,
                        1.3333354237399502,
                        -0.019830019500636727
                    ],
                    [
                        0.23006315215571482,
                        1.3866408701732669,
                        -0.019830019500636727
                    ],
                    [
                        0.22337460882448143,
                        1.3957510475243322,
                        0.030169980499364427
                    ],
                    [
                        0.08681763323573329,
                        1.3300697641217163,
                        -0.019830019500636727
                    ],
                    [
                        0.08429361538945383,
                        1.3408246129057173,
                        0.030169980499364427
                    ]
                ],
                [
                    [
                        0.7210910297761125,
                        1.4077968156715108,
                        0.04586267424775709
                    ],
                    [
                        0.6992944407459915,
                        1.4166293104039418,
                        0.0958626742477562
                    ],
                    [
                        0.6066298461325011,
                        1.3599551724847303,
                        0.0958626742477562
                    ],
                    [
                        0.6255381352295091,
                        1.3493561788058133,
                        0.04586267424775709
                    ],
                    [
                        0.7182177428865403,
                        1.4049565551381493,
                        0.04586267424775709
                    ],
                    [
                        0.6965080053785039,
                        1.4138749030971878,
                        0.0958626742477562
                    ],
                    [
                        0.6226648483399368,
                        1.3465159182724513,
                        0.04586267424775709
                    ],
                    [
                        0.6038434107650136,
                        1.357200765177976,
                        0.0958626742477562
                    ]
                ],
                [
                    [
                        -0.3697713358283143,
                        1.4577602824653977,
                        0.05670853134892982
                    ],
                    [
                        -0.3585204000423505,
                        1.4651308470352196,
                        0.10670853134892894
                    ],
                    [
                        -0.28574610988450033,
                        1.4670719144150937,
                        0.10670853134892894
                    ],
                    [
                        -0.29471327363032823,
                        1.4597622636020475,
                        0.05670853134892982
                    ],
                    [
                        -0.3697713358283143,
                        1.4543569145330935,
                        0.05670853134892982
                    ],
                    [
                        -0.3585204000423505,
                        1.4618310324894335,
                        0.10670853134892894
                    ],
                    [
                        -0.29471327363032823,
                        1.4563588956697429,
                        0.05670853134892982
                    ],
                    [
                        -0.28574610988450033,
                        1.4637720998693076,
                        0.10670853134892894
                    ]
                ],
                [
                    [
                        -0.6912479247422362,
                        1.4408816955078503,
                        0.06390182417047555
                    ],
                    [
                        -0.6700487560934278,
                        1.4488283271580948,
                        0.11407762928171913
                    ],
                    [
                        -0.6210467802900929,
                        1.5377044575483072,
                        0.11407762928171913
                    ],
                    [
                        -0.6406956122809598,
                        1.532569710943534,
                        0.06390182417047555
                    ],
                    [
                        -0.68670181489215,
                        1.4423970654204659,
                        0.06390182417047555
                    ],
                    [
                        -0.6656420661908863,
                        1.4502972237560094,
                        0.11407762928171913
                    ],
                    [
                        -0.6361495024308736,
                        1.5340850808561497,
                        0.06390182417047555
                    ],
                    [
                        -0.6166400903875514,
                        1.5391733541462223,
                        0.11407762928171913
                    ]
                ],
                [
                    [
                        -0.03933724049574233,
                        1.528767310304929,
                        0.02674546026731067
                    ],
                    [
