{
    "Pruning Time": 156.11324405670166,
    "Cut Data": [
        {
            "Rule": [
                "Spacing",
                "Canopy",
                "Canopy",
                "Canopy",
                "Canopy",
                "Canopy"
            ],
            "Sequence": [
                1,
                2,
                3,
                4,
                5,
                6
            ],
            "Vertices": [
                [
                    [
                        0.22878941545279471,
                        2.164479574845831,
                        0.86546046870651
                    ],
                    [
                        0.3815111851824783,
                        2.3595236447837706,
                        -0.4799054096791704
                    ],
                    [
                        0.2682404124463333,
                        2.3293115737935377,
                        -0.4799054096791704
                    ],
                    [
                        0.1769688222528537,
                        2.150657761833576,
                        0.86546046870651
                    ],
                    [
                        0.22878941545279471,
                        2.1621298666337476,
                        0.86546046870651
                    ],
                    [
                        0.3815111851824783,
                        2.354387592715431,
                        -0.4799054096791704
                    ],
                    [
                        0.1769688222528537,
                        2.148308053621493,
                        0.86546046870651
                    ],
                    [
                        0.2682404124463333,
                        2.324175521725198,
                        -0.4799054096791704
                    ]
                ],
                [
                    [
                        0.5248052527579754,
                        1.6599168355423952,
                        -0.031999951323566846
                    ],
                    [
                        0.5151674057575533,
                        1.6683229339773986,
                        0.0181758943237887
                    ],
                    [
                        0.6158634135547161,
                        1.6947609609792,
                        0.016418238969676792
                    ],
                    [
                        0.6280533229081534,
                        1.6870249138687259,
                        -0.0338021530917515
                    ],
                    [
                        0.5248052527579754,
                        1.6557274052555988,
                        -0.031999951323566846
                    ],
                    [
                        0.5151674057575533,
                        1.6642370570771203,
                        0.0181758943237887
                    ],
                    [
                        0.6280533229081534,
                        1.6828354835819295,
                        -0.0338021530917515
                    ],
                    [
                        0.6158634135547161,
                        1.6906750840789218,
                        0.016418238969676792
                    ]
                ],
                [
                    [
                        -0.4813832919593726,
                        1.8009797508861287,
                        -0.008418716112552288
                    ],
                    [
                        -0.4661049512500934,
                        1.805913765184935,
                        0.04132221586056736
                    ],
                    [
                        -0.34458156927770894,
                        1.7699718698488118,
                        0.039201017337942935
                    ],
                    [
                        -0.35677057134912754,
                        1.7641241491983746,
                        -0.01059383924168582
                    ],
                    [
                        -0.4813832919593726,
                        1.7968027826948498,
                        -0.008418716112552288
                    ],
                    [
                        -0.4661049512500934,
                        1.8018403503801745,
                        0.04132221586056736
                    ],
                    [
                        -0.35677057134912754,
                        1.759947181007096,
                        -0.01059383924168582
                    ],
                    [
                        -0.34458156927770894,
                        1.7658984550440513,
                        0.039201017337942935
                    ]
                ],
                [
                    [
                        0.9996440036893751,
                        2.4742712244369476,
                        0.27915230402846636
                    ],
                    [
                        0.9621221528309357,
                        2.459609539033888,
                        0.3320732197175977
                    ],
                    [
                        1.0467600976838707,
                        2.4462875234097172,
                        0.3454785532433487
                    ],
                    [
                        1.0869819249683947,
                        2.460524232424282,
                        0.2929852718093523
                    ],
                    [
                        0.9996440036893751,
                        2.470376243366692,
                        0.27915230402846636
                    ],
                    [
                        0.9621221528309357,
                        2.4558349679403726,
                        0.3320732197175977
                    ],
                    [
                        1.0869819249683947,
                        2.4566292513540273,
                        0.2929852718093523
                    ],
                    [
                        1.0467600976838707,
                        2.442512952316202,
                        0.3454785532433487
                    ]
                ],
                [
                    [
                        0.11764370288894196,
                        2.030940388614625,
                        0.3111698637788041
                    ],
                    [
                        0.11505961745531898,
                        2.0300266822629944,
                        0.36111010274196914
                    ],
                    [
                        0.21212459858884825,
                        2.05404802807339,
                        0.36449968657385384
                    ],
                    [
                        0.21766235332918416,
                        2.055692699506326,
                        0.3146625920157034
                    ],
                    [
                        0.11764370288894196,
                        2.0274338112383012,
                        0.3111698637788041
                    ],
                    [
                        0.11505961745531898,
                        2.0266236582731887,
                        0.36111010274196914
                    ],
                    [
                        0.21766235332918416,
                        2.0521861221300015,
                        0.3146625920157034
                    ],
                    [
                        0.21212459858884825,
                        2.050645004083584,
                        0.36449968657385384
                    ]
                ],
                [
                    [
                        -0.6356620468647302,
                        2.27963962547292,
                        0.14167299291578855
                    ],
                    [
                        -0.6408912877830995,
