{
    "Pruning Time": 181.9822964668274,
    "Cut Data": [
        {
            "Rule": [
                "Vigor",
                "Canopy",
                "Canopy",
                "Canopy",
                "Canopy",
                "Spacing",
                "Spacing",
                "Canopy",
                "Canopy"
            ],
            "Sequence": [
                1,
                2,
                3,
                4,
                5,
                6,
                7,
                8,
                9
            ],
            "Vertices": [
                [
                    [
                        0.15853125967655304,
                        1.6142923578941695,
                        0.006327646755583977
                    ],
                    [
                        0.14594201867202503,
                        1.6237949039511297,
                        0.054736396846892986
                    ],
                    [
                        0.20812817297006422,
                        1.614148619437056,
                        0.06909320180273655
                    ],
                    [
                        0.22228817099391127,
                        1.6044024183529944,
                        0.021047089543175506
                    ],
                    [
                        0.15853125967655304,
                        1.61008913358917,
                        0.006327646755583977
                    ],
                    [
                        0.14594201867202503,
                        1.6196952330326484,
                        0.054736396846892986
                    ],
                    [
                        0.22228817099391127,
                        1.6001991940479947,
                        0.021047089543175506
                    ],
                    [
                        0.20812817297006422,
                        1.6100489485185745,
                        0.06909320180273655
                    ]
                ],
                [
                    [
                        0.6667515072182956,
                        1.755519598393469,
                        0.736219634583322
                    ],
                    [
                        0.4206308538798546,
                        1.4644994942567218,
                        -0.5323690068292241
                    ],
                    [
                        0.45226639728579393,
                        1.4871661823305113,
                        -0.5457974983021514
                    ],
                    [
                        0.6811945754768207,
                        1.765867975181047,
                        0.7300889158387817
                    ],
                    [
                        0.6667515072182956,
                        1.7533205683261086,
                        0.736219634583322
                    ],
                    [
                        0.4206308538798546,
                        1.4596828230410415,
                        -0.5323690068292241
                    ],
                    [
                        0.6811945754768207,
                        1.7636689451136867,
                        0.7300889158387817
                    ],
                    [
                        0.45226639728579393,
                        1.4823495111148308,
                        -0.5457974983021514
                    ]
                ],
                [
                    [
                        -0.4903471093862051,
                        1.7097697520730586,
                        0.034656349858054054
                    ],
                    [
                        -0.48127335798151166,
                        1.7173839716699817,
                        0.08614595771296252
                    ],
                    [
                        -0.40208781232232466,
                        1.6879919047236598,
                        0.09586872016658281
                    ],
                    [
                        -0.40902815276262944,
                        1.6795858062886566,
                        0.044641062240162246
                    ],
                    [
                        -0.4903471093862051,
                        1.705822620701252,
                        0.034656349858054054
                    ],
                    [
                        -0.48127335798151166,
                        1.7135403936846934,
                        0.08614595771296252
                    ],
                    [
                        -0.40902815276262944,
                        1.6756386749168504,
                        0.044641062240162246
                    ],
                    [
                        -0.40208781232232466,
                        1.6841483267383717,
                        0.09586872016658281
                    ]
                ],
                [
                    [
                        -0.6615867393271874,
                        1.5950663347935652,
                        0.07738393371344068
                    ],
                    [
                        -0.6624196918617965,
                        1.607188172391868,
                        0.13134838520966954
                    ],
                    [
                        -0.622347231528923,
                        1.6012663860460168,
                        0.14835813544453275
                    ],
                    [
                        -0.6202776770842408,
                        1.5889618071773877,
                        0.09491859031680663
                    ],
                    [
                        -0.6615867393271874,
                        1.5916071024777314,
                        0.07738393371344068
                    ],
                    [
                        -0.6624196918617965,
                        1.6038324934625523,
                        0.13134838520966954
                    ],
                    [
                        -0.6202776770842408,
                        1.5855025748615539,
                        0.09491859031680663
                    ],
                    [
                        -0.622347231528923,
                        1.5979107071167011,
                        0.14835813544453275
                    ]
                ],
                [
                    [
                        -0.6430740305948681,
                        2.2887707303065006,
                        0.11297999830319073
                    ],
                    [
                        -0.6178855826756542,
                        2.2860515126129313,
                        0.16228286690369106
                    ],
                    [
                        -0.5718927638000162,
                        2.2818435961302383,
                        0.16030147819226886
                    ],
                    [
                        -0.5956725797660402,
                        2.284433937060896,
                        0.11093792517366087
                    ],
                    [
                        -0.6430740305948681,
                        2.2853051756389724,
                        0.11334424277629257
                    ],
                    [
                        -0.6178855826756542,
                        2.282688944055635,
                        0.162636287100434
                    ],
                    [
                        -0.5956725797660402,
                        2.2809683823933677,
                        0.11130216964676308
                    ],
                    [
                        -0.5718927638000162,
                        2.2784810275729415,
                        0.16065489838901217
                    ]
                ],
                [
                    [
                        0.14065853712475027,
                        2.266551740199281,
