{
    "Pruning Time": 187.62795209884644,
    "Cut Data": [
        {
            "Rule": [
                "Vigor",
                "Canopy",
                "Canopy",
                "Canopy",
                "Canopy",
                "Vigor",
                "Vigor",
                "Spacing"
            ],
            "Sequence": [
                1,
                2,
                3,
                4,
                5,
                6,
                7,
                8
            ],
            "Vertices": [
                [
                    [
                        0.5759787528379593,
                        1.2985005663923677,
                        -0.11730568092137238
                    ],
                    [
                        0.5647932654352213,
                        1.3116579378558513,
                        -0.0649108174699321
                    ],
                    [
                        0.6019975244325612,
                        1.3116579378558513,
                        -0.07080339320891477
                    ],
                    [
                        0.6144435249328218,
                        1.2985005663923677,
                        -0.12339790232182792
                    ],
                    [
                        0.5759787528379593,
                        1.295340617146382,
                        -0.11730568092137238
                    ],
                    [
                        0.5647932654352213,
                        1.3086015419963837,
                        -0.0649108174699321
                    ],
                    [
                        0.6144435249328218,
                        1.295340617146382,
                        -0.12339790232182792
                    ],
                    [
                        0.6019975244325612,
                        1.3086015419963837,
                        -0.07080339320891477
                    ]
                ],
                [
                    [
                        0.33261342014186684,
                        1.2808660502154792,
                        -0.12320200525448467
                    ],
                    [
                        0.33946378878142386,
                        1.2948762142738182,
                        -0.0722743657200936
                    ],
                    [
                        0.36847661765438827,
                        1.2931148065097913,
                        -0.08341134727906165
                    ],
                    [
                        0.3626295830737736,
                        1.279043728694677,
                        -0.13472413067380679
                    ],
                    [
                        0.33261342014186684,
                        1.2777681036301154,
                        -0.12320200525448467
                    ],
                    [
                        0.33946378878142386,
                        1.2918818210749725,
                        -0.0722743657200936
                    ],
                    [
                        0.3626295830737736,
                        1.275945782109313,
                        -0.13472413067380679
                    ],
                    [
                        0.36847661765438827,
                        1.2901204133109456,
                        -0.08341134727906165
                    ]
                ],
                [
                    [
                        0.812682345785291,
                        1.3251049351533088,
                        -0.14555565485784938
                    ],
                    [
                        0.7687023952240644,
                        1.3392202364579353,
                        -0.11756911936066897
                    ],
                    [
                        0.7931728484115453,
                        1.3487745319427928,
                        -0.10108193089447018
                    ],
                    [
                        0.8378048967580949,
                        1.3349138370763172,
                        -0.1286291096293281
                    ],
                    [
                        0.812682345785291,
                        1.3211645811198158,
                        -0.14493156408957408
                    ],
                    [
                        0.7687023952240644,
                        1.3353821608969354,
                        -0.11696122791101672
                    ],
                    [
                        0.8378048967580949,
                        1.3309734830428244,
                        -0.12800501886105278
                    ],
                    [
                        0.7931728484115453,
                        1.3449364563817932,
                        -0.10047403944481793
                    ]
                ],
                [
                    [
                        -0.21712100666644152,
                        1.5234023741781617,
                        -0.04616138684211034
                    ],
                    [
                        -0.21604754637820553,
                        1.5264162422872374,
                        0.0045731724006331295
                    ],
                    [
                        -0.1664960295093357,
                        1.5279816486369704,
                        0.010747722686244549
                    ],
                    [
                        -0.16596943157428015,
                        1.525018328754487,
                        -0.0397874553753784
                    ],
                    [
                        -0.21712100666644152,
                        1.5200964572394078,
                        -0.04633464260736454
                    ],
                    [
                        -0.21604754637820553,
                        1.5232137368186847,
                        0.004405336200884372
                    ],
                    [
                        -0.16596943157428015,
                        1.5217124118157332,
                        -0.039960711140632606
                    ],
                    [
                        -0.1664960295093357,
                        1.5247791431684177,
                        0.010579886486495792
                    ]
                ],
                [
                    [
                        -0.48869540517107163,
                        1.366614538845055,
                        -0.04713106504665988
                    ],
                    [
                        -0.4820486484213837,
                        1.3749522555817941,
                        0.005605404209448635
                    ],
                    [
                        -0.45679380763241556,
                        1.3746953360823873,
                        0.010507720295371028
                    ],
                    [
                        -0.4625834006968053,
                        1.3663488993514588,
                        -0.042062361559691536
                    ],
                    [
                        -0.48869540517107163,
                        1.36346428782662,
                        -0.0472961627067203
                    ],
                    [
                        -0.4820486484213837,
                        1.37190541603356,
                        0.005445726114893834
                    ],
                    [
                        -0.4625834006968053,
                        1.3631986483330238,
                        -0.04222745921975196
                    ],
                    [
                        -0.45679380763241556,
                        1.3716484965341533,
                        0.010348042200816226
                    ]
                ],
                [
                    [
                        0.08859015355337424,
                        1.6154425203848182,
