{
    "Pruning Time": 171.48669004440308,
    "Cut Data": [
        {
            "Rule": [
                "Vigor",
                "Canopy",
                "Vigor",
                "Vigor",
                "Canopy",
                "Canopy"
            ],
            "Sequence": [
                1,
                2,
                3,
                4,
                5,
                6
            ],
            "Vertices": [
                [
                    [
                        0.6079029550951377,
                        2.046060687615011,
                        -0.024879545209436475
                    ],
                    [
                        0.6086139202592019,
                        2.0343043325573613,
                        0.025249245275712515
                    ],
                    [
                        0.6466694145711797,
                        2.0291078921549155,
                        0.021919820938539374
                    ],
                    [
                        0.6472967327000764,
                        2.0406815059422385,
                        -0.028326054163329832
                    ],
                    [
                        0.6079029550951377,
                        2.0430124846671065,
                        -0.024879545209436475
                    ],
                    [
                        0.6086139202592019,
                        2.031359682995975,
                        0.025249245275712515
                    ],
                    [
                        0.6472967327000764,
                        2.037633302994334,
                        -0.028326054163329832
                    ],
                    [
                        0.6466694145711797,
                        2.026163242593529,
                        0.021919820938539374
                    ]
                ],
                [
                    [
                        0.9325163821683663,
                        2.0937320939112793,
                        0.07132052845013959
                    ],
                    [
                        0.9138055067139769,
                        2.080696549961346,
                        0.11987453084040264
                    ],
                    [
                        0.9411642332942084,
                        2.054012212347233,
                        0.12226810926467828
                    ],
                    [
                        0.9608119070536704,
                        2.066134049945535,
                        0.07379606610611938
                    ],
                    [
                        0.9325163821683663,
                        2.0906043155951615,
                        0.07132052845013959
                    ],
                    [
                        0.9138055067139769,
                        2.0776723250317466,
                        0.11987453084040264
                    ],
                    [
                        0.9608119070536704,
                        2.0630062716294177,
                        0.07379606610611938
                    ],
                    [
                        0.9411642332942084,
                        2.0509879874176336,
                        0.12226810926467828
                    ]
                ],
                [
                    [
                        0.719085785605425,
                        1.343026072812458,
                        0.01325137402721216
                    ],
                    [
                        0.7216700223897172,
                        1.3684605184204068,
                        0.05997812321476153
                    ],
                    [
                        0.7739292355832184,
                        1.3589864931361515,
                        0.05133378144955202
                    ],
                    [
                        0.7737846185186209,
                        1.333109771085525,
                        0.0042034879806124945
                    ],
                    [
                        0.719085785605425,
                        1.3407395702620661,
                        0.013654546118304934
                    ],
                    [
                        0.7216700223897172,
                        1.3662759960479085,
                        0.06036331344899419
                    ],
                    [
                        0.7737846185186209,
                        1.330823268535133,
                        0.004606660071705269
                    ],
                    [
                        0.7739292355832184,
                        1.3568019707636534,
                        0.05171897168378468
                    ]
                ],
                [
                    [
                        0.5708585603464217,
                        1.3851644478051677,
                        -0.01225600697952242
                    ],
                    [
                        0.5530969338158668,
                        1.3907150652430287,
                        0.034985462418189846
                    ],
                    [
                        0.6059585305819768,
                        1.3551504619939638,
                        0.052839759107862525
                    ],
                    [
                        0.6252251582009453,
                        1.3485872991569225,
                        0.006106612152048995
                    ],
                    [
                        0.5708585603464217,
                        1.3814328017988653,
                        -0.012516949088045027
                    ],
                    [
                        0.5530969338158668,
                        1.3870867203723996,
                        0.03473174382875501
                    ],
                    [
                        0.6252251582009453,
                        1.3448556531506204,
                        0.005845670043526387
                    ],
                    [
                        0.6059585305819768,
                        1.3515221171233347,
                        0.05258604051842769
                    ]
                ],
                [
                    [
                        1.0696406144502342,
                        1.4526046971965938,
                        0.08349898539410977
                    ],
                    [
                        1.0555666810977549,
                        1.4577811162889698,
                        0.13609174044441777
                    ],
                    [
                        1.0912357705204372,
                        1.443456897545749,
                        0.13069978544179295
                    ],
                    [
                        1.1066430857256595,
                        1.4377450105276124,
                        0.07790546833684123
                    ],
                    [
                        1.0696406144502342,
                        1.4497380035352077,
                        0.08329852664555056
                    ],
                    [
                        1.0555666810977549,
                        1.4550177237632569,
                        0.13589850521494634
                    ],
                    [
                        1.1066430857256595,
                        1.4348783168662262,
                        0.0777050095882817
                    ],
                    [
                        1.0912357705204372,
                        1.4406935050200358,
                        0.13050655021232122
                    ]
                ],
                [
                    [
                        0.3341266148466033,
                        1.4143598163105355,
                        0.07936089798807937
                    ],
                    [
                        0.32834398759245764,
