{
    "Pruning Time": 194.45956110954285,
    "Cut Data": [
        {
            "Rule": [
                "Vigor",
                "Vigor",
                "Canopy",
                "Canopy",
                "Spacing",
                "Vigor",
                "Vigor",
                "Spacing"
            ],
            "Sequence": [
                1,
                2,
                3,
                4,
                5,
                6,
                7,
                8
            ],
            "Vertices": [
                [
                    [
                        -0.023502778918260896,
                        1.5337624720775738,
                        0.04009089201651207
                    ],
                    [
                        -0.02293183590822691,
                        1.525705088002636,
                        0.08969573148102847
                    ],
                    [
                        0.049910466388493814,
                        1.4737141193495216,
                        0.07576479341671448
                    ],
                    [
                        0.0511531070573913,
                        1.4804770636658555,
                        0.02581310986422963
                    ],
                    [
                        -0.027541783180268408,
                        1.5305704351779748,
                        0.03923558830705416
                    ],
                    [
                        -0.02687272235791484,
                        1.5225905938975266,
                        0.08886120530073272
                    ],
                    [
                        0.047114102795383785,
                        1.4772850267662563,
                        0.024957806154771722
                    ],
                    [
                        0.04596957993880588,
                        1.4705996252444122,
                        0.07493026723641917
                    ]
                ],
                [
                    [
                        0.13811080248343618,
                        1.358356783503525,
                        -0.02624000632923445
                    ],
                    [
                        0.13478589907206173,
                        1.3545945859003186,
                        0.024515724881724398
                    ],
                    [
                        0.18652190073608546,
                        1.352209387061142,
                        0.023876612778979317
                    ],
                    [
                        0.19112302969930062,
                        1.3559127464935028,
                        -0.026894884072341745
                    ],
                    [
                        0.13811080248343618,
                        1.3542019205864873,
                        -0.02735329849251692
                    ],
                    [
                        0.13478589907206173,
                        1.3505397478737182,
                        0.02342923430705769
                    ],
                    [
                        0.19112302969930062,
                        1.351757883576465,
                        -0.02800817623562422
                    ],
                    [
                        0.18652190073608546,
                        1.3481545490345417,
                        0.022790122204312608
                    ]
                ],
                [
                    [
                        -0.6449859075399831,
                        1.3944026125774498,
                        0.062050025836783866
                    ],
                    [
                        -0.6271523346971571,
                        1.396773505488912,
                        0.1127166261548062
                    ],
                    [
                        -0.561011975482391,
                        1.401025872826592,
                        0.11323875121116085
                    ],
                    [
                        -0.5769647948803991,
                        1.398775899344869,
                        0.06258699793222364
                    ],
                    [
                        -0.6449859075399831,
                        1.390685318825144,
                        0.06159359955565976
                    ],
                    [
                        -0.6271523346971571,
                        1.3931589932518842,
                        0.11227281985690443
                    ],
                    [
                        -0.5769647948803991,
                        1.395058605592563,
                        0.062130571651099926
                    ],
                    [
                        -0.561011975482391,
                        1.3974113605895644,
                        0.11279494491325949
                    ]
                ],
                [
                    [
                        -0.3641495186608562,
                        1.4117143345761927,
                        0.05933285320559064
                    ],
                    [
                        -0.35410763866084677,
                        1.4136015497686993,
                        0.10994006536727313
                    ],
                    [
                        -0.2972609274377008,
                        1.4136015497686993,
                        0.10994006536727313
                    ],
                    [
                        -0.3056907330564378,
                        1.4117143345761927,
                        0.05933285320559064
                    ],
                    [
                        -0.3641495186608562,
                        1.4079871600515328,
                        0.05887521371817169
                    ],
                    [
                        -0.35410763866084677,
                        1.4099771567593176,
                        0.10949504586307654
                    ],
                    [
                        -0.3056907330564378,
                        1.4079871600515328,
                        0.05887521371817169
                    ],
                    [
                        -0.2972609274377008,
                        1.4099771567593176,
                        0.10949504586307654
                    ]
                ],
                [
                    [
                        0.5017748095417996,
                        1.4802356047013396,
                        0.05950650671624754
                    ],
                    [
                        0.513482799193753,
                        1.4840323496825767,
                        0.11087189370065946
                    ],
                    [
                        0.5653139794053359,
                        1.5175577009072463,
                        0.08321839560404914
                    ],
                    [
                        0.5554092821857214,
                        1.5149273583098284,
                        0.030890897711844906
                    ],
                    [
                        0.5017748095417996,
                        1.4771631679539825,
                        0.05929166100960697
                    ],
                    [
                        0.513482799193753,
                        1.4810632140708928,
                        0.11066427151310665
                    ],
                    [
                        0.5554092821857214,
                        1.5118549215624713,
                        0.03067605200520401
                    ],
                    [
                        0.5653139794053359,
                        1.5145885652955624,
                        0.08301077341649601
                    ]
                ],
                [
                    [
                        0.6505717154849415,
                        1.384962536738861,
                        0.04437286683527896
