{
    "Pruning Time": 218.28031945228577,
    "Cut Data": [
        {
            "Rule": [
                "Canopy",
                "Vigor",
                "Canopy",
                "Canopy"
            ],
            "Sequence": [
                1,
                2,
                3,
                4
            ],
            "Vertices": [
                [
                    [
                        0.23994565300807388,
                        2.019004551377593,
                        -0.0033600318465642084
                    ],
                    [
                        0.24958770259696308,
                        2.0396221092961224,
                        0.0474527550790993
                    ],
                    [
                        0.3128687885832901,
                        2.036347331542352,
                        0.04762437890881994
                    ],
                    [
                        0.30566335802408406,
                        2.015603679299295,
                        -0.003181799693314885
                    ],
                    [
                        0.23994565300807388,
                        2.01611381011104,
                        -0.0032085345163022057
                    ],
                    [
                        0.24958770259696308,
                        2.0368385482054174,
                        0.04759863533436192
                    ],
                    [
                        0.30566335802408406,
                        2.0127129380327418,
                        -0.003030302363052883
                    ],
                    [
                        0.3128687885832901,
                        2.033563770451647,
                        0.047770259164082556
                    ]
                ],
                [
                    [
                        0.7214193259124357,
                        2.079559239633529,
                        0.011799251908766782
                    ],
                    [
                        0.7105273233449881,
                        2.094428728544314,
                        0.060907674884297824
                    ],
                    [
                        0.7786487865276516,
                        2.0803591236305548,
                        0.06591750311406058
                    ],
                    [
                        0.7918860041250401,
                        2.065005260964899,
                        0.0169815533050315
                    ],
                    [
                        0.7214193259124357,
                        2.0764482448230788,
                        0.011853554525174516
                    ],
                    [
                        0.7105273233449881,
                        2.0914212713486995,
                        0.06096017024491593
                    ],
                    [
                        0.7918860041250401,
                        2.0618942661544484,
                        0.017035855921439233
                    ],
                    [
                        0.7786487865276516,
                        2.07735166643494,
                        0.065969998474679
                    ]
                ],
                [
                    [
                        0.4121205828591339,
                        2.8142750541708286,
                        0.054944462126180725
                    ],
                    [
                        0.40618337018362216,
                        2.803919715519012,
                        0.10466890193557346
                    ],
                    [
                        0.4974301862552967,
                        2.803919715519012,
                        0.12075817751275245
                    ],
                    [
                        0.5064764163228147,
                        2.8142750541708286,
                        0.07158194135306227
                    ],
                    [
                        0.4121205828591339,
                        2.8111323036291203,
                        0.054944462126180725
                    ],
                    [
                        0.40618337018362216,
                        2.8008805183638223,
                        0.10466890193557346
                    ],
                    [
                        0.5064764163228147,
                        2.8111323036291203,
                        0.07158194135306227
                    ],
                    [
                        0.4974301862552967,
                        2.8008805183638223,
                        0.12075817751275245
                    ]
                ],
                [
                    [
                        0.49853341777492355,
                        2.037425810937193,
                        0.0015270207332530096
                    ],
                    [
                        0.49047942730059957,
                        2.0497051085229447,
                        0.05133709976447313
                    ],
                    [
                        0.5329497003694308,
                        2.045535254746442,
                        0.058684704948993915
                    ],
                    [
                        0.5423266769680127,
                        2.033126062571184,
                        0.009103510240930654
                    ],
                    [
                        0.49853341777492355,
                        2.0340000926700754,
                        0.0014073920153032736
                    ],
                    [
                        0.49047942730059957,
                        2.04638288056042,
                        0.051221085007594716
                    ],
                    [
                        0.5423266769680127,
                        2.0297003443040667,
                        0.008983881522981102
                    ],
                    [
                        0.5329497003694308,
                        2.042213026783917,
                        0.058568690192115504
                    ]
                ]
            ],
            "Cut Time": [
                0.8164916038513184,
                0.5997686386108398,
                0.6421101093292236,
                0.6536414623260498
            ],
            "Rule Time": [
                8.080868244171143,
                1.3029344081878662,
                3.689987897872925,
                3.3646504878997803
            ],
            "Between Time": [
                3.0315961837768555,
                52.561100006103516,
                52.11125373840332,
                35.6465961933136
            ]
        }
    ],
    "Explanations": [
        {
            "Branch Num": 2,
            "Decision": "Branch Vigor",
            "Explanation": "Branch is strong vigor and removed to prevent shading."
        },
        {
            "Branch Num": 3,
            "Decision": "Branch Vigor",
            "Explanation": "Branch is vigorous and removed to prevent shading"
        },
        {
            "Branch Num": 1,
            "Decision": "Branch Vigor",
            "Explanation": "Branch is vigorous and removed due to placement and shading."
        }
    ],
    "Reset Answer": ""
}