{
    "Pruning Time": 190.1846103668213,
    "Cut Data": [
        {
            "Rule": [
                "Vigor",
                "Vigor",
                "Vigor",
                "Vigor",
                "Vigor",
                "Vigor",
                "Canopy"
            ],
            "Sequence": [
                1,
                2,
                3,
                4,
                5,
                6,
                7
            ],
            "Vertices": [
                [
                    [
                        0.576015786263813,
                        2.052952399117256,
                        -0.005565469481251012
                    ],
                    [
                        0.5734297502771885,
                        2.041826837014028,
                        0.04463634432981852
                    ],
                    [
                        0.7050311209038379,
                        2.0452855674648087,
                        0.044575971965230804
                    ],
                    [
                        0.7122518707366207,
                        2.056532938526667,
                        -0.005627968029120299
                    ],
                    [
                        0.576015786263813,
                        2.0499089406192565,
                        -0.005512345715562126
                    ],
                    [
                        0.5734297502771885,
                        2.0388869161308647,
                        0.04468766083971778
                    ],
                    [
                        0.7122518707366207,
                        2.053489480028668,
                        -0.005574844263431413
                    ],
                    [
                        0.7050311209038379,
                        2.042345646581645,
                        0.04462728847513038
                    ]
                ],
                [
                    [
                        0.6598654610378992,
                        1.3934126430366722,
                        -0.00673967979078609
                    ],
                    [
                        0.6618158469672393,
                        1.3901574685383398,
                        0.044477342265995035
                    ],
                    [
                        0.7729544705206983,
                        1.3645398707123204,
                        0.019389545421175308
                    ],
                    [
                        0.7742548815270743,
                        1.3670457322728948,
                        -0.032561292931862
                    ],
                    [
                        0.6598654610378992,
                        1.389892955563752,
                        -0.007682777206765156
                    ],
                    [
                        0.6618158469672393,
                        1.3867378059558568,
                        0.043561046438631734
                    ],
                    [
                        0.7742548815270743,
                        1.3635260447999744,
                        -0.03350439034784087
                    ],
                    [
                        0.7729544705206983,
                        1.3611202081298377,
                        0.018473249593812194
                    ]
                ],
                [
                    [
                        0.5104039715143723,
                        1.3852444052573991,
                        0.015114748113135195
                    ],
                    [
                        0.516600296298526,
                        1.3822221223175708,
                        0.06569795972431078
                    ],
                    [
                        0.6504549516674766,
                        1.3716125138512008,
                        0.04090675655333772
                    ],
                    [
                        0.648172851765104,
                        1.374324546891012,
                        -0.010401408134991894
                    ],
                    [
                        0.5104039715143723,
                        1.381723831562993,
                        0.01417141323482486
                    ],
                    [
                        0.516600296298526,
                        1.3788015735136023,
                        0.06478142643461621
                    ],
                    [
                        0.648172851765104,
                        1.3708039731966055,
                        -0.011344743013302424
                    ],
                    [
                        0.6504549516674766,
                        1.3681919650472318,
                        0.03999022326364295
                    ]
                ],
                [
                    [
                        0.9762433825958241,
                        2.0370586163907545,
                        -0.026877268666916913
                    ],
                    [
                        0.9697018908155378,
                        2.0170394854511704,
                        0.021240291900756755
                    ],
                    [
                        0.847388187944709,
                        2.020703707821568,
                        0.042278095586198716
                    ],
                    [
                        0.8506125399946725,
                        2.0408222122354265,
                        -0.005268921102859934
                    ],
                    [
                        0.9762433825958241,
                        2.0332703493027298,
                        -0.027892331773866515
                    ],
                    [
                        0.9697018908155378,
                        2.013351243253583,
                        0.02025203038242312
                    ],
                    [
                        0.8506125399946725,
                        2.0370339451474018,
                        -0.0062839842098095355
                    ],
                    [
                        0.847388187944709,
                        2.0170154656239814,
                        0.04128983406786468
                    ]
                ],
                [
                    [
                        0.26490594255639316,
                        1.3959966885803943,
                        0.08448800421348594
                    ],
                    [
                        0.27826728915804355,
                        1.3926209008529387,
                        0.13380163413559434
                    ],
                    [
                        0.42357543030991546,
                        1.374785926906261,
                        0.10519635328975806
                    ],
                    [
                        0.4145263653576845,
                        1.37763242955541,
                        0.05503380997098648
                    ],
                    [
                        0.26490594255639316,
                        1.3925261902190598,
                        0.08355808698023266
                    ],
                    [
                        0.27826728915804355,
                        1.3892504273820419,
                        0.13289851849095718
                    ],
                    [
                        0.4145263653576845,
                        1.3741619311940754,
                        0.054103892737733396
                    ],
                    [
                        0.42357543030991546,
                        1.371415453435364,
                        0.10429323764512054
                    ]
                ],
                [
                    [
                        0.4388994525617755,
                        1.4446588661199435,
                        -0.03413062236891435
                    ],
                    [
