{
    "Pruning Time": 191.48441433906555,
    "Cut Data": [
        {
            "Rule": [
                "Vigor",
                "Vigor",
                "Canopy",
                "Spacing",
                "Canopy",
                "Vigor",
                "Canopy",
                "Canopy",
                "Spacing",
                "Canopy"
            ],
            "Sequence": [
                1,
                2,
                3,
                4,
                5,
                6,
                7,
                8,
                9,
                10
            ],
            "Vertices": [
                [
                    [
                        -0.6946635150877676,
                        1.4384492748981534,
                        0.01820113002699441
                    ],
                    [
                        -0.6687111979746576,
                        1.4491674407037216,
                        0.06422703487129468
                    ],
                    [
                        -0.5133475888478889,
                        1.4407642656307569,
                        -0.008220205863117403
                    ],
                    [
                        -0.5345534453528034,
                        1.4297893772909238,
                        -0.056459421638150244
                    ],
                    [
                        -0.6946635150877676,
                        1.4347688184150809,
                        0.01820113002699441
                    ],
                    [
                        -0.6687111979746576,
                        1.4455960912977115,
                        0.06422703487129468
                    ],
                    [
                        -0.5345534453528034,
                        1.426108920807851,
                        -0.056459421638150244
                    ],
                    [
                        -0.5133475888478889,
                        1.4371929162247468,
                        -0.008220205863117403
                    ]
                ],
                [
                    [
                        -0.6450486947516059,
                        1.3812727909038145,
                        0.0037710054714039914
                    ],
                    [
                        -0.6198255488107944,
                        1.3929073184479135,
                        0.04698812341295362
                    ],
                    [
                        -0.47456377456174087,
                        1.3737249407831555,
                        -0.03024893201514868
                    ],
                    [
                        -0.4956354036853945,
                        1.361542189428078,
                        -0.07567345060408232
                    ],
                    [
                        -0.6450486947516059,
                        1.3775458995139531,
                        0.0037710054714039914
                    ],
                    [
                        -0.6198255488107944,
                        1.3892839804445702,
                        0.04698812341295362
                    ],
                    [
                        -0.4956354036853945,
                        1.3578152980382165,
                        -0.07567345060408232
                    ],
                    [
                        -0.47456377456174087,
                        1.3701016027798123,
                        -0.03024893201514868
                    ]
                ],
                [
                    [
                        -0.4336308125991572,
                        1.434430511104321,
                        0.00935373854536453
                    ],
                    [
                        -0.41309294992342444,
                        1.4452122460535644,
                        0.05506206578896033
                    ],
                    [
                        -0.3838190899987303,
                        1.4472166966408322,
                        0.03949687836586356
                    ],
                    [
                        -0.4034673419279293,
                        1.4364958754483645,
                        -0.006684463302171653
                    ],
                    [
                        -0.4336308125991572,
                        1.4309193917194472,
                        0.00935373854536453
                    ],
                    [
                        -0.41309294992342444,
                        1.4418046800552085,
                        0.05506206578896033
                    ],
                    [
                        -0.4034673419279293,
                        1.4329847560634905,
                        -0.006684463302171653
                    ],
                    [
                        -0.3838190899987303,
                        1.4438091306424765,
                        0.03949687836586356
                    ]
                ],
                [
                    [
                        -0.21914012204936525,
                        1.999288744682186,
                        0.016182938809114773
                    ],
                    [
                        -0.2402376302418713,
                        1.9923445764097925,
                        0.06262740064512262
                    ],
                    [
                        -0.1604730374114677,
                        2.0024679751682024,
                        0.08104250790774484
                    ],
                    [
                        -0.13649580801687675,
                        2.0097776259812488,
                        0.035262882096608245
                    ],
                    [
                        -0.21914012204936525,
                        1.9963168949807852,
                        0.016182938809114773
                    ],
                    [
                        -0.2402376302418713,
                        1.9894762800949095,
                        0.06262740064512262
                    ],
                    [
                        -0.13649580801687675,
                        2.0068057762798475,
                        0.035262882096608245
                    ],
                    [
                        -0.1604730374114677,
                        1.9995996788533195,
                        0.08104250790774484
                    ]
                ],
                [
                    [
                        -0.27839733524534294,
                        2.1203885228476933,
                        -0.03953214913340513
                    ],
                    [
                        -0.2989058095556046,
                        2.1117277975670854,
                        0.007767663511473273
                    ],
                    [
                        -0.18146873434666372,
                        2.151002300022892,
                        0.03220001381403761
                    ],
                    [
                        -0.15637888539672148,
                        2.161195175258844,
                        -0.014146660736548083
                    ],
                    [
                        -0.2770899947112505,
                        2.123012139146957,
                        -0.03941304989083929
                    ],
                    [
                        -0.2976475551783659,
                        2.1142529060653352,
                        0.007882290985628896
                    ],
                    [
                        -0.15507154486262906,
                        2.163818791558108,
                        -0.014027561493982394
                    ],
                    [
                        -0.18021047996942502,
                        2.153527408521142,
                        0.032314641288193086
                    ]
                ],
                [
                    [
