{
    "Pruning Time": 205.51072430610657,
    "Cut Data": [
        {
            "Rule": [
                "Vigor",
                "Vigor",
                "Vigor",
                "Vigor",
                "Vigor",
                "Vigor",
                "Vigor",
                "Vigor",
                "Canopy"
            ],
            "Sequence": [
                1,
                2,
                3,
                4,
                5,
                6,
                7,
                8,
                9
            ],
            "Vertices": [
                [
                    [
                        -0.39589433909588434,
                        1.3085294215034724,
                        0.026577817162567713
                    ],
                    [
                        -0.40658493554114633,
                        1.3215040516966305,
                        0.07676160611802404
                    ],
                    [
                        -0.3124628238595967,
                        1.323281027979745,
                        0.12065146759685076
                    ],
                    [
                        -0.2985457738748944,
                        1.3103673115433623,
                        0.07197219863551674
                    ],
                    [
                        -0.39589433909588434,
                        1.3054050084356597,
                        0.026577817162567713
                    ],
                    [
                        -0.40658493554114633,
                        1.3184831920153361,
                        0.07676160611802404
                    ],
                    [
                        -0.2985457738748944,
                        1.3072428984755493,
                        0.07197219863551674
                    ],
                    [
                        -0.3124628238595967,
                        1.3202601682984503,
                        0.12065146759685076
                    ]
                ],
                [
                    [
                        -0.37073933523661645,
                        1.9069993356365063,
                        0.05832929740543923
                    ],
                    [
                        -0.38240395539189787,
                        1.9000551673641117,
                        0.10805889164568808
                    ],
                    [
                        -0.28068378546388106,
                        1.8877710781399997,
                        0.15549178587194998
                    ],
                    [
                        -0.26548832935977823,
                        1.8942888501149664,
                        0.10740864747432553
                    ],
                    [
                        -0.37073933523661645,
                        1.9039125034384181,
                        0.05832929740543923
                    ],
                    [
                        -0.38240395539189787,
                        1.897071888552542,
                        0.10805889164568808
                    ],
                    [
                        -0.26548832935977823,
                        1.8912020179168783,
                        0.10740864747432553
                    ],
                    [
                        -0.28068378546388106,
                        1.8847877993284297,
                        0.15549178587194998
                    ]
                ],
                [
                    [
                        -0.6187968544446464,
                        1.3001787093101098,
                        0.019601448793516645
                    ],
                    [
                        -0.6223040260285128,
                        1.3142497871252243,
                        0.07313492377362099
                    ],
                    [
                        -0.4771103809382207,
                        1.312579872783775,
                        0.140839832394663
                    ],
                    [
                        -0.4683069554311223,
                        1.298447881211885,
                        0.08977604117849519
                    ],
                    [
                        -0.6187968544446464,
                        1.2972363015431279,
                        0.019601448793516645
                    ],
                    [
                        -0.6223040260285128,
                        1.3114109327447605,
                        0.07313492377362099
                    ],
                    [
                        -0.4683069554311223,
                        1.2955054734449032,
                        0.08977604117849519
                    ],
                    [
                        -0.4771103809382207,
                        1.3097410184033114,
                        0.140839832394663
                    ]
                ],
                [
                    [
                        0.11831334492395355,
                        1.3768979163224269,
                        0.05277346814064689
                    ],
                    [
                        0.11922505258196196,
                        1.3867659449200391,
                        0.10288469593328764
                    ],
                    [
                        0.21905354026826046,
                        1.3712975965210288,
                        0.09415083496379942
                    ],
                    [
                        0.22128679834871023,
                        1.3609422578692134,
                        0.043764458321866144
                    ],
                    [
                        0.11831334492395355,
                        1.373507338901119,
                        0.05277346814064689
                    ],
                    [
                        0.11922505258196196,
                        1.3834789208852494,
                        0.10288469593328764
                    ],
                    [
                        0.22128679834871023,
                        1.3575516804479055,
                        0.043764458321866144
                    ],
                    [
                        0.21905354026826046,
                        1.368010572486239,
                        0.09415083496379942
                    ]
                ],
                [
                    [
                        0.6152665798748022,
                        1.3962399708565196,
                        0.04825095449892442
                    ],
                    [
                        0.6006542013344637,
                        1.4057425169134798,
                        0.09972036384552029
                    ],
                    [
                        0.6918255270383747,
                        1.407628782830701,
                        0.0917439064077982
                    ],
                    [
                        0.7093821288232273,
                        1.3981871505305161,
                        0.04001691090441784
                    ],
                    [
                        0.6152665798748022,
                        1.392929765410725,
                        0.04825095449892442
                    ],
                    [
                        0.6006542013344637,
                        1.4025358648542037,
                        0.09972036384552029
                    ],
                    [
                        0.7093821288232273,
                        1.3948769450847218,
                        0.04001691090441784
                    ],
                    [
                        0.6918255270383747,
                        1.4044221307714249,
                        0.0917439064077982
                    ]
                ],
                [
                    [
                        -0.04811578193600622,
                        1.5511430050704977,
