{
    "Pruning Time": 248.02094054222107,
    "Cut Data": [
        {
            "Rule": [
                "Vigor",
                "Canopy",
                "Vigor",
                "Vigor",
                "Vigor",
                "Spacing"
            ],
            "Sequence": [
                1,
                2,
                3,
                4,
                5,
                6
            ],
            "Vertices": [
                [
                    [
                        0.4545534487810746,
                        2.6969788386050237,
                        0.04804127502449728
                    ],
                    [
                        0.4755993892813154,
                        2.689978001296124,
                        0.09371920618234438
                    ],
                    [
                        0.5486254440450367,
                        2.6924501292438143,
                        0.0670926959942781
                    ],
                    [
                        0.5306092123452752,
                        2.6995535303270173,
                        0.02031008278145963
                    ],
                    [
                        0.4545534487810746,
                        2.6943797002479943,
                        0.04808664315327662
                    ],
                    [
                        0.4755993892813154,
                        2.6874824005539306,
                        0.09376276705533425
                    ],
                    [
                        0.5306092123452752,
                        2.6969543919699883,
                        0.020355450910238965
                    ],
                    [
                        0.5486254440450367,
                        2.6899545285016213,
                        0.06713625686726796
                    ]
                ],
                [
                    [
                        1.0206832685536784,
                        2.6774541551614837,
                        0.04922565906687118
                    ],
                    [
                        1.0260950152557051,
                        2.66332502718059,
                        0.10183095822842583
                    ],
                    [
                        1.0636634901789292,
                        2.6296477962344507,
                        0.07541288257250334
                    ],
                    [
                        1.0597204435011058,
                        2.642460348282816,
                        0.021774796521553823
                    ],
                    [
                        1.0181825785863108,
                        2.6752762205103244,
                        0.05028414178735418
                    ],
                    [
                        1.0236884090282738,
                        2.6612290332098,
                        0.10284961753445106
                    ],
                    [
                        1.0572197535337382,
                        2.640282413631657,
                        0.022833279242036528
                    ],
                    [
                        1.0612568839514978,
                        2.6275518022636604,
                        0.07643154187852827
                    ]
                ],
                [
                    [
                        0.7091437439364419,
                        2.082784447793545,
                        0.0161480655810278
                    ],
                    [
                        0.7082702909261174,
                        2.0875216072526004,
                        0.06801036942497636
                    ],
                    [
                        0.7907160697884765,
                        2.075029325626455,
                        0.05578253230992707
                    ],
                    [
                        0.7940562792263754,
                        2.0699184003249083,
                        0.0035543747350162925
                    ],
                    [
                        0.7091437439364419,
                        2.079263741692249,
                        0.015590440515627002
                    ],
                    [
                        0.7082702909261174,
                        2.0841031796237974,
                        0.06746894367819863
                    ],
                    [
                        0.7940562792263754,
                        2.066397694223612,
                        0.0029967496696154962
                    ],
                    [
                        0.7907160697884765,
                        2.071610897997652,
                        0.055241106563149345
                    ]
                ],
                [
                    [
                        0.5987601315709082,
                        2.1261916172800595,
                        -0.011145535562622794
                    ],
                    [
                        0.6013534713777153,
                        2.135737888015374,
                        0.039480528089102664
                    ],
                    [
                        0.6533041808976283,
                        2.1141943801047085,
                        0.03196398177929056
                    ],
                    [
                        0.652444237499387,
                        2.103929284937825,
                        -0.018912880263807434
                    ],
                    [
                        0.5987601315709082,
                        2.1229889151785377,
                        -0.011313382067468623
                    ],
                    [
                        0.6013534713777153,
                        2.1326385973840534,
                        0.03931810114976229
                    ],
                    [
                        0.652444237499387,
                        2.100726582836303,
                        -0.019080726768653262
                    ],
                    [
                        0.6533041808976283,
                        2.1110950894733875,
                        0.03180155483995018
                    ]
                ],
                [
                    [
                        0.6897812172588685,
                        2.7652682593501314,
                        -0.014216407441724865
                    ],
                    [
                        0.6894411169896412,
                        2.7543567067266292,
                        0.03569818256363497
                    ],
                    [
                        0.7625800408284736,
                        2.7511192850242834,
                        0.026535861712324627
                    ],
                    [
                        0.7653202284326384,
                        2.7619246001696025,
                        -0.02367939405457034
                    ],
                    [
                        0.6897812172588685,
                        2.7620135443698515,
                        -0.014386979826040706
                    ],
                    [
                        0.6894411169896412,
                        2.75120540321655,
                        0.03553302974482476
                    ],
                    [
                        0.7653202284326384,
                        2.7586698851893225,
                        -0.023849966438886008
                    ],
                    [
                        0.7625800408284736,
                        2.7479679815142046,
                        0.026370708893514415
                    ]
                ],
                [
                    [
                        0.41552365655425133,
                        2.9084721917900604,
                        0.04328934960953402
                    ],
                    [
                        0.3878213070407452,
