{
    "Pruning Time": 192.29710626602173,
    "Cut Data": [
        {
            "Rule": [
                "Canopy",
                "Vigor",
                "Spacing",
                "Canopy",
                "Canopy",
                "Vigor",
                "Canopy",
                "Canopy",
                "Canopy",
                "Canopy"
            ],
            "Sequence": [
                1,
                2,
                3,
                4,
                5,
                6,
                7,
                8,
                9,
                10
            ],
            "Vertices": [
                [
                    [
                        -0.9129299190533013,
                        1.660882130530145,
                        -0.015593809868390086
                    ],
                    [
                        -0.9149601912669477,
                        1.6719684342632664,
                        0.04209645541737754
                    ],
                    [
                        -0.7666380951699117,
                        1.700806374108254,
                        0.1347783874793653
                    ],
                    [
                        -0.7595950620532956,
                        1.690694690483539,
                        0.08022044285031255
                    ],
                    [
                        -0.9129299190533013,
                        1.6577145460350973,
                        -0.015593809868390086
                    ],
                    [
                        -0.9149601912669477,
                        1.6689044031547366,
                        0.04209645541737754
                    ],
                    [
                        -0.7595950620532956,
                        1.687527105988491,
                        0.08022044285031255
                    ],
                    [
                        -0.7666380951699117,
                        1.6977423429997243,
                        0.1347783874793653
                    ]
                ],
                [
                    [
                        0.13442818811444712,
                        1.63175714509391,
                        0.008365256632456335
                    ],
                    [
                        0.12491891290343976,
                        1.6408942086102178,
                        0.05745984544005881
                    ],
                    [
                        0.27050808816131666,
                        1.6169538225175657,
                        0.0831311451371158
                    ],
                    [
                        0.283721724520246,
                        1.607207621433504,
                        0.03468973514618015
                    ],
                    [
                        0.13442818811444712,
                        1.627583726071641,
                        0.008365256632456335
                    ],
                    [
                        0.12491891290343976,
                        1.6368243429744669,
                        0.05745984544005881
                    ],
                    [
                        0.283721724520246,
                        1.603034202411235,
                        0.03468973514618015
                    ],
                    [
                        0.27050808816131666,
                        1.6128839568818147,
                        0.0831311451371158
                    ]
                ],
                [
                    [
                        0.25737287272999715,
                        2.20995537778186,
                        0.06336624325070717
                    ],
                    [
                        0.21790911263458135,
                        2.207213057310576,
                        0.09488122479100121
                    ],
                    [
                        0.3193870534933216,
                        2.269588990330425,
                        0.19224521430072583
                    ],
                    [
                        0.3614156082239811,
                        2.2739078254316256,
                        0.16319104972072151
                    ],
                    [
                        0.2591188274106708,
                        2.213932515851895,
                        0.06483835278886853
                    ],
                    [
                        0.2196120271627916,
                        2.21109215352947,
                        0.09631704483112082
                    ],
                    [
                        0.36316156290465473,
                        2.2778849635016605,
                        0.1646631592588829
                    ],
                    [
                        0.32108996802153184,
                        2.273468086549318,
                        0.19368103434084544
                    ]
                ],
                [
                    [
                        -0.715518805996579,
                        2.3367930830951855,
                        0.08669826704373058
                    ],
                    [
                        -0.7398787754622231,
                        2.3284536933804585,
                        0.1339556299345766
                    ],
                    [
                        -0.6374863272801956,
                        2.3388814425666467,
                        0.23582689079444177
                    ],
                    [
                        -0.6089941886799927,
                        2.3476416565129954,
                        0.19268066390334643
                    ],
                    [
                        -0.715518805996579,
                        2.334133702928241,
                        0.08693093266034392
                    ],
                    [
                        -0.7398787754622231,
                        2.325897472548133,
                        0.13417927027887377
                    ],
                    [
                        -0.6089941886799927,
                        2.3449822763460517,
                        0.19291332951995963
                    ],
                    [
                        -0.6374863272801956,
                        2.3363252217343216,
                        0.23605053113873894
                    ]
                ],
                [
                    [
                        0.9544793308984819,
                        2.432592781027858,
                        0.18641933210088746
                    ],
                    [
                        0.9110576275700647,
                        2.425889769418948,
                        0.2202308613422813
                    ],
                    [
                        1.0178084555618863,
                        2.320782009514375,
                        0.28882558004522757
                    ],
                    [
                        1.063815070932902,
                        2.3249398950623554,
                        0.25667503384040075
                    ],
                    [
                        0.9504160559005241,
                        2.429311090362968,
                        0.18444552926263727
                    ],
                    [
                        0.9070904163886713,
                        2.422685664379006,
                        0.21830372308712812
                    ],
                    [
                        1.059751795934944,
                        2.321658204397465,
                        0.25470123100215053
                    ],
                    [
                        1.0138412443804927,
                        2.3175779044744336,
                        0.2868984417900744
                    ]
                ],
                [
                    [
                        -0.5628734445668615,
