{
    "Pruning Time": 134.26460194587708,
    "Cut Data": [
        {
            "Rule": [
                "Canopy"
            ],
            "Sequence": [
                1
            ],
            "Vertices": [
                [
                    [
                        0.7277051985227881,
                        2.21174654752213,
                        0.11632840118140336
                    ],
                    [
                        0.71947690220171,
                        2.2221627999307216,
                        0.16632840118140318
                    ],
                    [
                        0.8484755712508785,
                        2.199415894661892,
                        0.16632840118140318
                    ],
                    [
                        0.861540090715774,
                        2.188146849658445,
                        0.11632840118140336
                    ],
                    [
                        0.7277051985227881,
                        2.208880869924397,
                        0.11632840118140336
                    ],
                    [
                        0.71947690220171,
                        2.2194006757195064,
                        0.16632840118140318
                    ],
                    [
                        0.861540090715774,
                        2.185281172060712,
                        0.11632840118140336
                    ],
                    [
                        0.8484755712508785,
                        2.1966537704506766,
                        0.16632840118140318
                    ]
                ]
            ],
            "Cut Time": [
                1.2183785438537598
            ],
            "Rule Time": [
                11.91908860206604
            ],
            "Between Time": [
                33.76424860954285
            ]
        }
    ],
    "Explanations": [],
    "Reset Answer": ""
}