{
    "Pruning Time": 121.79165840148926,
    "Cut Data": [
        {
            "Rule": [
                "Vigor",
                "Canopy",
                "Canopy",
                "Vigor",
                "Canopy",
                "Canopy",
                "Canopy",
                "Canopy",
                "Canopy",
                "Canopy",
                "Vigor"
            ],
            "Sequence": [
                1,
                2,
                3,
                4,
                5,
                6,
                7,
                8,
                9,
                10,
                11
            ],
            "Vertices": [
                [
                    [
                        -0.8333582517940097,
                        2.1592417419241383,
                        0.11661880187898607
                    ],
                    [
                        -0.8071996776929592,
                        2.14852092073167,
                        0.16030674815915325
                    ],
                    [
                        -0.7415382336838144,
                        2.1168372006651546,
                        0.13640793700088766
                    ],
                    [
                        -0.7656770019178787,
                        2.1265834017492167,
                        0.09198484150614122
                    ],
                    [
                        -0.8333582517940097,
                        2.155771793280553,
                        0.11661880187898607
                    ],
                    [
                        -0.8071996776929592,
                        2.1451545254746027,
                        0.16030674815915325
                    ],
                    [
                        -0.7656770019178787,
                        2.1231134531056313,
                        0.09198484150614122
                    ],
                    [
                        -0.7415382336838144,
                        2.1134708054080873,
                        0.13640793700088766
                    ]
                ],
                [
                    [
                        -0.5543816769918973,
                        1.403620793009247,
                        0.07544839083040941
                    ],
                    [
                        -0.535923612758732,
                        1.4158644581211006,
                        0.12193909349116062
                    ],
                    [
                        -0.4408688378057005,
                        1.3795531382420005,
                        0.08734198478338462
                    ],
                    [
                        -0.4562971932383863,
                        1.3661521117514148,
                        0.03974855830076449
                    ],
                    [
                        -0.5543816769918973,
                        1.4002683320545988,
                        0.07544839083040941
                    ],
                    [
                        -0.535923612758732,
                        1.4126155505529703,
                        0.12193909349116062
                    ],
                    [
                        -0.4562971932383863,
                        1.3627996507967666,
                        0.03974855830076449
                    ],
                    [
                        -0.4408688378057005,
                        1.3763042306738704,
                        0.08734198478338462
                    ]
                ],
                [
                    [
                        -0.6215246570475638,
                        1.520017013383339,
                        -0.030308212989567554
                    ],
                    [
                        -0.6024354034809662,
                        1.5280576292776897,
                        0.015952755541625147
                    ],
                    [
                        -0.5362581242168153,
                        1.5177567819018447,
                        -0.008133804295247592
                    ],
                    [
                        -0.55339069084977,
                        1.509411597223617,
                        -0.05510694862806393
                    ],
                    [
                        -0.6215246570475638,
                        1.5164111718890336,
                        -0.030308212989567554
                    ],
                    [
                        -0.6024354034809662,
                        1.5245553411699024,
                        0.015952755541625147
                    ],
                    [
                        -0.55339069084977,
                        1.5058057557293116,
                        -0.05510694862806393
                    ],
                    [
                        -0.5362581242168153,
                        1.5142544937940574,
                        -0.008133804295247592
                    ]
                ],
                [
                    [
                        -0.5422563612734295,
                        2.0645323260977926,
                        -0.005045822019436433
                    ],
                    [
                        -0.5317598443171541,
                        2.056308968933115,
                        0.04384969651749503
                    ],
                    [
                        -0.5091536349005166,
                        2.0430188742476942,
                        0.03945549454265714
                    ],
                    [
                        -0.5189248595076936,
                        2.050815835114944,
                        -0.0095810065453073
                    ],
                    [
                        -0.5422563612734295,
                        2.0612011782876727,
                        -0.005045822019436433
                    ],
                    [
                        -0.5317598443171541,
                        2.0530813745095133,
                        0.04384969651749503
                    ],
                    [
                        -0.5189248595076936,
                        2.047484687304824,
                        -0.0095810065453073
                    ],
                    [
                        -0.5091536349005166,
                        2.0397912798240925,
                        0.03945549454265714
                    ]
                ],
                [
                    [
                        -0.30109765510069914,
                        2.1280810683297835,
                        -0.027162502371791696
                    ],
                    [
                        -0.298051868639708,
                        2.1177257296779675,
                        0.02318129146211472
                    ],
                    [
                        -0.19285281469392135,
                        2.1326775287216364,
                        0.0027326668351373012
                    ],
                    [
                        -0.19246994641371978,
                        2.1435201774276558,
                        -0.048277589967288655
                    ],
                    [
                        -0.30109765510069914,
                        2.1248002576464855,
                        -0.027162502371791696
                    ],
                    [
                        -0.298051868639708,
                        2.114548472381188,
                        0.02318129146211472
                    ],
                    [
                        -0.19246994641371978,
                        2.1402393667443578,
                        -0.048277589967288655
                    ],
                    [
                        -0.19285281469392135,
                        2.1295002714248565,
                        0.0027326668351373012
                    ]
                ],
                [
