{
    "Pruning Time": 91.78735399246216,
    "Cut Data": [
        {
            "Rule": [
                "Canopy",
                "Vigor",
                "Canopy",
                "Vigor"
            ],
            "Sequence": [
                1,
                2,
                3,
                4
            ],
            "Vertices": [
                [
                    [
                        0.5394952168061733,
                        1.39286638314945,
                        -0.11605960660185884
                    ],
                    [
                        0.5228035299834145,
                        1.4023689292064103,
                        -0.06605960660185846
                    ],
                    [
                        0.6658644556931617,
                        1.3985531462475183,
                        -0.06605960660185846
                    ],
                    [
                        0.6871236865961923,
                        1.388928772677007,
                        -0.11605960660185884
                    ],
                    [
                        0.5394952168061733,
                        1.3895194142478735,
                        -0.11605960660185884
                    ],
                    [
                        0.5228035299834145,
                        1.3991255136913519,
                        -0.06605960660185846
                    ],
                    [
                        0.6871236865961923,
                        1.3855818037754306,
                        -0.11605960660185884
                    ],
                    [
                        0.6658644556931617,
                        1.3953097307324598,
                        -0.06605960660185846
                    ]
                ],
                [
                    [
                        0.09369425334556987,
                        1.7321983339461011,
                        0.03169757946885052
                    ],
                    [
                        0.09050368946596823,
                        1.731101886324144,
                        0.08169757946884898
                    ],
                    [
                        0.1267051652523555,
                        1.6222452841896402,
                        0.08169757946884898
                    ],
                    [
                        0.13117195468379783,
                        1.619504165134748,
                        0.03169757946885052
                    ],
                    [
                        0.08913282259058818,
                        1.7321983339461011,
                        0.03169757946885052
                    ],
                    [
                        0.08609758879459872,
                        1.731101886324144,
                        0.08169757946884898
                    ],
                    [
                        0.12661052392881614,
                        1.619504165134748,
                        0.03169757946885052
                    ],
                    [
                        0.12229906458098601,
                        1.6222452841896402,
                        0.08169757946884898
                    ]
                ],
                [
                    [
                        -0.2188885653297783,
                        1.5118465589339232,
                        -0.04442486415565917
                    ],
                    [
                        -0.21180215502876812,
                        1.5179379346114619,
                        0.005575135844340645
                    ],
                    [
                        -0.1435436406119139,
                        1.5215791759192328,
                        0.005575135844340645
                    ],
                    [
                        -0.1483462788727881,
                        1.5156096277552447,
                        -0.04442486415565917
                    ],
                    [
                        -0.2188885653297783,
                        1.5086479504358,
                        -0.04442486415565917
                    ],
                    [
                        -0.21180215502876812,
                        1.514842879499857,
                        0.005575135844340645
                    ],
                    [
                        -0.1483462788727881,
                        1.5124110192571214,
                        -0.04442486415565917
                    ],
                    [
                        -0.1435436406119139,
                        1.5184841208076276,
                        0.005575135844340645
                    ]
                ],
                [
                    [
                        0.06403778223740697,
                        1.8152625362614743,
                        0.027285283730015996
                    ],
                    [
                        0.02718631297418718,
                        1.8114858833414,
                        0.061144492585451744
                    ],
                    [
                        0.051021609712502455,
                        1.7503484634445032,
                        0.08497978932376701
                    ],
                    [
                        0.08868051432385445,
                        1.7520540486342142,
                        0.051928015816463474
                    ],
                    [
                        0.060685645887412244,
                        1.8152625362614743,
                        0.023933147380021263
                    ],
                    [
                        0.023944011579636902,
                        1.8114858833414,
                        0.05790219119090147
                    ],
                    [
                        0.08532837797385971,
                        1.7520540486342142,
                        0.04857587946646874
                    ],
                    [
                        0.04777930831795218,
                        1.7503484634445032,
                        0.08173748792921674
                    ]
                ]
            ],
            "Cut Time": [
                1.1127099990844727,
                0.8771705627441406,
                1.6569654941558838,
                1.105743408203125
            ],
            "Rule Time": [
                16.036859035491943,
                2.5409116744995117,
                2.375905752182007,
                2.747333526611328
            ],
            "Between Time": [
                1.2266907691955566,
                12.709533929824829,
                10.228017330169678,
                22.863081693649292
            ]
        }
    ],
    "Explanations": [],
    "Reset Answer": ""
}