{
    "Pruning Time": 96.4990165233612,
    "Cut Data": [
        {
            "Rule": [
                "Canopy",
                "Canopy",
                "Canopy",
                "Canopy",
                "Canopy"
            ],
            "Sequence": [
                1,
                2,
                3,
                4,
                5
            ],
            "Vertices": [
                [
                    [
                        0.5907029714139054,
                        2.1174669654396157,
                        0.04800630161252917
                    ],
                    [
                        0.58757957730019,
                        2.103091318840624,
                        0.09800630161252961
                    ],
                    [
                        0.7420209824317074,
                        2.072347065708712,
                        0.09800630161252961
                    ],
                    [
                        0.7506522973481038,
                        2.0856262646857466,
                        0.04800630161252917
                    ],
                    [
                        0.5907029714139054,
                        2.1144597881461946,
                        0.04800630161252917
                    ],
                    [
                        0.58757957730019,
                        2.1001876949337217,
                        0.09800630161252961
                    ],
                    [
                        0.7506522973481038,
                        2.0826190873923256,
                        0.04800630161252917
                    ],
                    [
                        0.7420209824317074,
                        2.0694434418018095,
                        0.09800630161252961
                    ]
                ],
                [
                    [
                        0.8960628151864644,
                        2.1097505016874183,
                        0.09273394360173107
                    ],
                    [
                        0.8795908114782444,
                        2.0927092356951476,
                        0.1512612549539244
                    ],
                    [
                        1.004611174208549,
                        2.0779210217986774,
                        0.1512612549539244
                    ],
                    [
                        1.0265083247228177,
                        2.094320566477432,
                        0.09273394360173107
                    ],
                    [
                        0.8960628151864644,
                        2.1068359583699765,
                        0.09273394360173107
                    ],
                    [
                        0.8795908114782444,
                        2.089915906403592,
                        0.1512612549539244
                    ],
                    [
                        1.0265083247228177,
                        2.09140602315999,
                        0.09273394360173107
                    ],
                    [
                        1.004611174208549,
                        2.075127692507122,
                        0.1512612549539244
                    ]
                ],
                [
                    [
                        1.0657563340373675,
                        1.4689059289088822,
                        0.0844062890077732
                    ],
                    [
                        1.0445806898365828,
                        1.477555528625097,
                        0.13739042184623945
                    ],
                    [
                        1.1049879596335819,
                        1.454315061466525,
                        0.13739042184623945
                    ],
                    [
                        1.1285124988213442,
                        1.4447617722277206,
                        0.0844062890077732
                    ],
                    [
                        1.0657563340373675,
                        1.4659741384547413,
                        0.0844062890077732
                    ],
                    [
                        1.0445806898365828,
                        1.474733471898699,
                        0.13739042184623945
                    ],
                    [
                        1.1285124988213442,
                        1.4418299817735798,
                        0.0844062890077732
                    ],
                    [
                        1.1049879596335819,
                        1.451493004740127,
                        0.13739042184623945
                    ]
                ],
                [
                    [
                        0.756818858427798,
                        1.4826232679332438,
                        0.11306373291799446
                    ],
                    [
                        0.7918767111408211,
                        1.4946841917747704,
                        0.1487381294304374
                    ],
                    [
                        0.8470700984038115,
                        1.4770560668261397,
                        0.09726946315266059
                    ],
                    [
                        0.8152544862473682,
                        1.4639596091194316,
                        0.05857162840831956
                    ],
                    [
                        0.756818858427798,
                        1.4807569020518627,
                        0.11306373291799446
                    ],
                    [
                        0.7918767111408211,
                        1.4929213792799072,
                        0.1487381294304374
                    ],
                    [
                        0.8152544862473682,
                        1.4620932432380502,
                        0.05857162840831956
                    ],
                    [
                        0.8470700984038115,
                        1.4752932543312764,
                        0.09726946315266059
                    ]
                ],
                [
                    [
                        0.5805002564879165,
                        1.4809216888115253,
                        0.09742071175199277
                    ],
                    [
                        0.5813413374984754,
                        1.4889623047058766,
                        0.1474839925423977
                    ],
                    [
                        0.6534469716120355,
                        1.4857647638680869,
                        0.1424418754256713
                    ],
                    [
                        0.6553531424936929,
                        1.4776023204601847,
                        0.0921864880688379
                    ],
                    [
                        0.5805002564879165,
                        1.4781002257128857,
                        0.09742071175199277
                    ],
                    [
                        0.5813413374984754,
                        1.4862443949937552,
                        0.1474839925423977
                    ],
                    [
                        0.6553531424936929,
                        1.4747808573615455,
                        0.0921864880688379
                    ],
                    [
                        0.6534469716120355,
                        1.4830468541559654,
                        0.1424418754256713
                    ]
                ]
            ],
            "Cut Time": [
                0.7443642616271973,
                0.9388236999511719,
                1.141108512878418,
                1.5966384410858154,
                1.2976386547088623
            ],