{
    "Pruning Time": 134.50325298309326,
    "Cut Data": [
        {
            "Rule": [
                "Canopy",
                "Canopy",
                "Canopy",
                "Canopy",
                "Canopy",
                "Canopy",
                "Canopy"
            ],
            "Sequence": [
                1,
                2,
                3,
                4,
                5,
                6,
                7
            ],
            "Vertices": [
                [
                    [
                        0.017654594737889117,
                        1.4765342032179392,
                        0.12676031556306713
                    ],
                    [
                        0.004092072880479973,
                        1.4836001990038843,
                        0.1749094805423366
                    ],
                    [
                        0.13782434974887123,
                        1.4947932921588558,
                        0.20825268204960382
                    ],
                    [
                        0.15575356557017095,
                        1.488092778913563,
                        0.16119225615537855
                    ],
                    [
                        0.017654594737889117,
                        1.4732592734375123,
                        0.12676031556306713
                    ],
                    [
                        0.004092072880479973,
                        1.4804288226099755,
                        0.1749094805423366
                    ],
                    [
                        0.15575356557017095,
                        1.4848178491331363,
                        0.16119225615537855
                    ],
                    [
                        0.13782434974887123,
                        1.4916219157649473,
                        0.20825268204960382
                    ]
                ],
                [
                    [
                        0.5882373742145139,
                        1.571025965281432,
                        0.01755129990336037
                    ],
                    [
                        0.560857850560913,
                        1.5745589631744048,
                        0.06225549941950612
                    ],
                    [
                        0.7089575522245984,
                        1.5529311982044745,
                        0.09918090225698352
                    ],
                    [
                        0.7405082462317667,
                        1.548789062743748,
                        0.05551669231461136
                    ],
                    [
                        0.5882373742145139,
                        1.5672456918500257,
                        0.01755129990336037
                    ],
                    [
                        0.560857850560913,
                        1.5708822431295164,
                        0.06225549941950612
                    ],
                    [
                        0.7405082462317667,
                        1.5450087893123416,
                        0.05551669231461136
                    ],
                    [
                        0.7089575522245984,
                        1.5492544781595863,
                        0.09918090225698352
                    ]
                ],
                [
                    [
                        -0.3270789583002071,
                        2.006919204050323,
                        0.1609480411825416
                    ],
                    [
                        -0.3306015890344536,
                        1.9940769981782225,
                        0.22323259546707272
                    ],
                    [
                        -0.20986494128392527,
                        1.9120089986866255,
                        0.2533356227206926
                    ],
                    [
                        -0.2010697972408347,
                        1.9212673331525587,
                        0.19236565364941965
                    ],
                    [
                        -0.3296757914638125,
                        2.0044659000969633,
                        0.16030057795614286
                    ],
                    [
                        -0.33308976472188145,
                        1.9917263461085508,
                        0.22261222359220328
                    ],
                    [
                        -0.2036666304044401,
                        1.9188140291991986,
                        0.1917181904230209
                    ],
                    [
                        -0.21235311697135317,
                        1.9096583466169539,
                        0.25271525084582314
                    ]
                ],
                [
                    [
                        -0.6478033316486226,
                        1.3818431084638834,
                        0.04369765500988987
                    ],
                    [
                        -0.6399234309072257,
                        1.3924421021428004,
                        0.09719301639183975
                    ],
                    [
                        -0.5169946540306788,
                        1.4065826951477292,
                        0.12784260282242427
                    ],
                    [
                        -0.520638209881734,
                        1.3964710115230152,
                        0.0754034808513382
                    ],
                    [
                        -0.6478033316486226,
                        1.3787346790638177,
                        0.04369765500988987
                    ],
                    [
                        -0.6399234309072257,
                        1.3894372261292531,
                        0.09719301639183975
                    ],
                    [
                        -0.520638209881734,
                        1.3933625821229496,
                        0.0754034808513382
                    ],
                    [
                        -0.5169946540306788,
                        1.403577819134182,
                        0.12784260282242427
                    ]
                ],
                [
                    [
                        -0.3866210378749022,
                        1.4143344653378394,
                        0.04456778618450569
                    ],
                    [
                        -0.38740935052451203,
                        1.4234715288541475,
                        0.09590191923345674
                    ],
                    [
                        -0.2730058915988076,
                        1.4197844825722028,
                        0.12442590516575446
                    ],
                    [
                        -0.26843745581627754,
                        1.410525591542344,
                        0.0740342626680357
                    ],
                    [
                        -0.3866210378749022,
                        1.4110969226116683,
                        0.04456778618450569
                    ],
                    [
                        -0.38740935052451203,
                        1.4203375395144946,
                        0.09590191923345674
                    ],
                    [
                        -0.26843745581627754,
                        1.4072880488161728,
                        0.0740342626680357
                    ],
                    [
                        -0.2730058915988076,
                        1.4166504932325499,
                        0.12442590516575446
                    ]
                ],
                [
                    [
                        -0.011444771227851518,
                        1.6041300023253313,
                        0.059558234506586476
                    ],
                    [
