{
    "Pruning Time": 77.45525741577148,
    "Cut Data": [
        {
            "Rule": [
                "Vigor",
                "Vigor",
                "Canopy",
                "Canopy",
                "Canopy",
                "Spacing"
            ],
            "Sequence": [
                1,
                2,
                3,
                4,
                5,
                6
            ],
            "Vertices": [
                [
                    [
                        0.1359727627363353,
                        1.6181975930199912,
                        0.016481778357810915
                    ],
                    [
                        0.13506597089686956,
                        1.627821966590502,
                        0.06648177835780933
                    ],
                    [
                        0.2493550612274079,
                        1.6231108522435462,
                        0.06648177835780933
                    ],
                    [
                        0.25321732276587305,
                        1.6133646511594846,
                        0.016481778357810915
                    ],
                    [
                        0.1359727627363353,
                        1.6140895924385608,
                        0.016481778357810915
                    ],
                    [
                        0.13506597089686956,
                        1.6238175193955897,
                        0.06648177835780933
                    ],
                    [
                        0.25321732276587305,
                        1.609256650578054,
                        0.016481778357810915
                    ],
                    [
                        0.2493550612274079,
                        1.619106405048634,
                        0.06648177835780933
                    ]
                ],
                [
                    [
                        0.9326875318816206,
                        2.3793012505412516,
                        0.10156799897554047
                    ],
                    [
                        0.9107566033197276,
                        2.3693113944300888,
                        0.1515679989755379
                    ],
                    [
                        0.9355883522728586,
                        2.285991140808666,
                        0.1515679989755379
                    ],
                    [
                        0.9581909784936149,
                        2.29372718791914,
                        0.10156799897554047
                    ],
                    [
                        0.9267898598525969,
                        2.3793012505412516,
                        0.10156799897554047
                    ],
                    [
                        0.905014261374316,
                        2.3693113944300888,
                        0.1515679989755379
                    ],
                    [
                        0.9522933064645913,
                        2.29372718791914,
                        0.10156799897554047
                    ],
                    [
                        0.929846010327447,
                        2.285991140808666,
                        0.1515679989755379
                    ]
                ],
                [
                    [
                        -0.5153278376726668,
                        1.6906510696378738,
                        0.04674076710924533
                    ],
                    [
                        -0.4931802153834449,
                        1.7017855297512807,
                        0.11704483117795479
                    ],
                    [
                        -0.3793503233055985,
                        1.6857278275071188,
                        0.11704483117795479
                    ],
                    [
                        -0.3972478688229014,
                        1.6739938195414517,
                        0.04674076710924533
                    ],
                    [
                        -0.5153278376726668,
                        1.6866057374715997,
                        0.04674076710924533
                    ],
                    [
                        -0.4931802153834449,
                        1.6978858020634127,
                        0.11704483117795479
                    ],
                    [
                        -0.3972478688229014,
                        1.6699484873751778,
                        0.04674076710924533
                    ],
                    [
                        -0.3793503233055985,
                        1.681828099819251,
                        0.11704483117795479
                    ]
                ],
                [
                    [
                        -0.8723661760190037,
                        1.6727826500732008,
                        0.02506851218827079
                    ],
                    [
                        -0.8477484568216561,
                        1.6810669209946532,
                        0.07506851218826954
                    ],
                    [
                        -0.7649982504961635,
                        1.7021727865170657,
                        0.07506851218826954
                    ],
                    [
                        -0.7874665371851478,
                        1.6944367394065918,
                        0.02506851218827079
                    ],
                    [
                        -0.8723661760190037,
                        1.6686924331991158,
                        0.02506851218827079
                    ],
                    [
                        -0.8477484568216561,
                        1.6770802575070864,
                        0.07506851218826954
                    ],
                    [
                        -0.7874665371851478,
                        1.6903465225325067,
                        0.02506851218827079
                    ],
                    [
                        -0.7649982504961635,
                        1.698186123029499,
                        0.07506851218826954
                    ]
                ],
                [
                    [
                        -0.6507531357031252,
                        2.3978415495579446,
                        0.05618255463494659
                    ],
                    [
                        -0.6314418280107994,
                        2.38760803841968,
                        0.10618255463494516
                    ],
                    [
                        -0.4635282257544072,
                        2.364536131370889,
                        0.10618255463494516
                    ],
                    [
                        -0.47840632889823387,
                        2.3741605049414,
                        0.05618255463494659
                    ],
                    [
                        -0.6507531357031252,
                        2.393815771973132,
                        0.05618255463494659
                    ],
                    [
                        -0.6314418280107994,
                        2.3836858142213853,
                        0.10618255463494516
                    ],
                    [
                        -0.47840632889823387,
                        2.370134727356587,
                        0.05618255463494659
                    ],
                    [
                        -0.4635282257544072,
                        2.3606139071725947,
                        0.10618255463494516
                    ]
                ],
                [
                    [
                        0.6354371219516792,
                        2.174416004610604,
                        0.6755581935501029
                    ],
                    [
                        -0.16148270467858578,
