{
    "Canopy Spacing Manipulation": {
        "Total Time": 14.693454027175903,
        "Answers": [
            "Enough Space",
            "Too Close"
        ],
        "Submit Times": [
            7.655902147293091,
            3.4420034885406494
        ]
    },
    "Vigor Bins": {
        "Total Time": 53.30634021759033,
        "Answers": [
            [
                "Don't Prune",
                "Heading Cut",
                "Heading Cut"
            ]
        ],
        "Submit Times": [
            33.60418772697449
        ]
    }
}