{
    "Bud Spacing Bins": {
        "Total Time": 14.557770252227783,
        "Answers": [
            [
                "Heading Cut",
                "Heading Cut",
                "Don't Prune"
            ]
        ],
        "Submit Times": [
            14.557772874832153
        ]
    },
    "Bud Spacing Manipulation": {
        "Total Time": 27.261677503585815,
        "Answers": [
            "Too Close"
        ],
        "Submit Times": [
            27.261683225631714
        ]
    }
}