{
    "Pruning Time": 19.332140922546387,
    "Cut Data": [
        {
            "Rule": [
                "Canopy"
            ],
            "Sequence": [
                1
            ],
            "Vertices": [
                [
                    [
                        0.3913855698348265,
                        1.3077594694160133,
                        -0.05862597098222344
                    ],
                    [
                        0.3816795386642488,
                        1.3189113725795067,
                        -0.008625970982224769
                    ],
                    [
                        0.4551310627975082,
                        1.3234481419535604,
                        -0.008625970982224769
                    ],
                    [
                        0.46698652647644917,
                        1.312428999542013,
                        -0.05862597098222344
                    ],
                    [
                        0.3913855698348265,
                        1.3041172359177335,
                        -0.05862597098222344
                    ],
                    [
                        0.3816795386642488,
                        1.3153726924677451,
                        -0.008625970982224769
                    ],
                    [
                        0.46698652647644917,
                        1.3087867660437333,
                        -0.05862597098222344
                    ],
                    [
                        0.4551310627975082,
                        1.3199094618417988,
                        -0.008625970982224769
                    ]
                ]
            ],
            "Cut Time": [
                0.5671942234039307
            ],
            "Rule Time": [
                1.2948153018951416
            ],
            "Between Time": [
                2.1068315505981445
            ]
        }
    ],
    "Explanations": [],
    "Reset Answer": ""
}