{
    "Pruning Time": 56.915834188461304,
    "Cut Data": [
        {
            "Rule": [
                "Spacing",
                "Vigor",
                "Canopy"
            ],
            "Sequence": [
                1,
                2,
                3
            ],
            "Vertices": [
                [
                    [
                        0.22085436729421917,
                        2.2386014717881757,
                        0.1580543087898045
                    ],
                    [
                        0.21565376000512212,
                        2.228333968998227,
                        0.23731694862894268
                    ],
                    [
                        0.3202449864445368,
                        2.228333968998227,
                        0.23731694862894268
                    ],
                    [
                        0.33014875162986074,
                        2.2386014717881757,
                        0.1580543087898045
                    ],
                    [
                        0.22085436729421917,
                        2.2347866775060283,
                        0.1580543087898045
                    ],
                    [
                        0.21565376000512212,
                        2.2246833330116744,
                        0.23731694862894268
                    ],
                    [
                        0.33014875162986074,
                        2.2347866775060283,
                        0.1580543087898045
                    ],
                    [
                        0.3202449864445368,
                        2.2246833330116744,
                        0.23731694862894268
                    ]
                ],
                [
                    [
                        0.9163333276241258,
                        2.371462736421716,
                        0.16328242307675717
                    ],
                    [
                        0.8941107132744657,
                        2.3613506010262464,
                        0.2132824230767584
                    ],
                    [
                        1.0082832420122578,
                        2.31195077202519,
                        0.2132824230767584
                    ],
                    [
                        1.0337008920578894,
                        2.320680488910899,
                        0.16328242307675717
                    ],
                    [
                        0.9138552382309156,
                        2.368036242530516,
                        0.16328242307675717
                    ],
                    [
                        0.8917000836100768,
                        2.358017384782472,
                        0.2132824230767584
                    ],
                    [
                        1.0312228026646793,
                        2.317253995019699,
                        0.16328242307675717
                    ],
                    [
                        1.005872612347869,
                        2.308617555781415,
                        0.2132824230767584
                    ]
                ],
                [
                    [
                        -0.6521636553706749,
                        2.298388263116471,
                        0.11397484403204308
                    ],
                    [
                        -0.6322232093752804,
                        2.290477757199509,
                        0.16397484403204404
                    ],
                    [
                        -0.5714664910007938,
                        2.2867175273328484,
                        0.16397484403204404
                    ],
                    [
                        -0.5897523649393458,
                        2.294525631878717,
                        0.11397484403204308
                    ],
                    [
                        -0.6521636553706749,
                        2.2944821772772923,
                        0.11397484403204308
                    ],
                    [
                        -0.6322232093752804,
                        2.2866752247468485,
                        0.16397484403204404
                    ],
                    [
                        -0.5897523649393458,
                        2.290619546039539,
                        0.11397484403204308
                    ],
                    [
                        -0.5714664910007938,
                        2.2829149948801883,
                        0.16397484403204404
                    ]
                ]
            ],
            "Cut Time": [
                0.6414597034454346,
                0.509617805480957,
                1.0774807929992676
            ],
            "Rule Time": [
                1.111271858215332,
                2.101698398590088,
                1.1838431358337402
            ],
            "Between Time": [
                1.9094717502593994,
                8.672462940216064,
                3.8409245014190674
            ]
        },
        {
            "Rule": [
                "Spacing",
                "Vigor",
                "Canopy"
            ],
            "Sequence": [
                1,
                2,
                3
            ],