{
    "Pruning Time": 17.890073776245117,
    "Cut Data": [
        {
            "Rule": [
                "Canopy",
                "Vigor",
                "Vigor"
            ],
            "Sequence": [
                1,
                2,
                3
            ],
            "Vertices": [
                [
                    [
                        -0.19019346316789637,
                        1.5685832334846648,
                        0.11177178741620225
                    ],
                    [
                        -0.18250918376687042,
                        1.5800070847871766,
                        0.16177178741619855
                    ],
                    [
                        -0.11875224735255722,
                        1.6129857432565438,
                        0.16177178741619855
                    ],
                    [
                        -0.12470233140237888,
                        1.602458914920049,
                        0.11177178741620225
                    ],
                    [
                        -0.19019346316789637,
                        1.564672584966021,
                        0.11177178741620225
                    ],
                    [
                        -0.18250918376687042,
                        1.5761999896550511,
                        0.16177178741619855
                    ],
                    [
                        -0.12470233140237888,
                        1.5985482664014055,
                        0.11177178741620225
                    ],
                    [
                        -0.11875224735255722,
                        1.6091786481244184,
                        0.16177178741619855
                    ]
                ],
                [
                    [
                        -0.4907482344246802,
                        1.706724689118797,
                        0.03603190880674764
                    ],
                    [
                        -0.47570857474095907,
                        1.7141910861594694,
                        0.08603190880674741
                    ],
                    [
                        -0.3910118858128658,
                        1.7121712351782643,
                        0.08603190880674741
                    ],
                    [
                        -0.40383895142780885,
                        1.7046520720807674,
                        0.03603190880674764
                    ],
                    [
                        -0.4907482344246802,
                        1.7026571781816637,
                        0.03603190880674764
                    ],
                    [
                        -0.47570857474095907,
                        1.7102271286088542,
                        0.08603190880674741
                    ],
                    [
                        -0.40383895142780885,
                        1.700584561143634,
                        0.03603190880674764
                    ],
                    [
                        -0.3910118858128658,
                        1.7082072776276491,
                        0.08603190880674741
                    ]
                ],
                [
                    [
                        0.12138507559822133,
                        2.011681254027855,
                        0.2970908644346213
                    ],
                    [
                        0.12075717728140595,
                        2.011338274658496,
                        0.3470908644346204
                    ],
                    [
                        0.1998321383534284,
                        2.0218043743432608,
                        0.3470908644346204
                    ],
                    [
                        0.2028520302581119,
                        2.0224639500535675,
                        0.2970908644346213
                    ],
                    [
                        0.12138507559822133,
                        2.008154413869445,
                        0.2970908644346213
                    ],
                    [
                        0.12075717728140595,
                        2.0079149878866036,
                        0.3470908644346204
                    ],
                    [
                        0.2028520302581119,
                        2.0189371098951576,
                        0.2970908644346213
                    ],
                    [
                        0.1998321383534284,
                        2.018381087571369,
                        0.3470908644346204
                    ]
                ]
            ],
            "Cut Time": [
                0.8554210662841797,
                0.4254586696624756,
                0.6598541736602783
            ],
            "Rule Time": [
                0.8973362445831299,
                0.7646207809448242,
                0.8671979904174805
            ],
            "Between Time": [
                2.894273519515991,
                1.3554713726043701,
                1.5637266635894775
            ]
        }
    ],
    "Reset Answer": "",
    "Explanations": [
        {
            "Branch Num": 1,
            "Decision": "Canopy Cut",
            "Explanation": "Branch too long. Pruned back to ~6 inches to keep buds"
        }
    ]
}