{
    "Pruning Time": 14.901488542556763,
    "Cut Data": [
        {
            "Rule": [
                "Vigor"
            ],
            "Sequence": [
                1
            ],
            "Vertices": [
                [
                    [
                        0.13788630356191156,
                        1.668270710606068,
                        0.0550412175531861
                    ],
                    [
                        0.13691234195655944,
                        1.6767986365546224,
                        0.10504121755318746
                    ],
                    [
                        0.24892220720405067,
                        1.6675643118847545,
                        0.10504121755318746
                    ],
                    [
                        0.25285163850840237,
                        1.6587927309090984,
                        0.0550412175531861
                    ],
                    [
                        0.13788630356191156,
                        1.664242569234856,
                        0.0550412175531861
                    ],
                    [
                        0.13691234195655944,
                        1.6728740485699285,
                        0.10504121755318746
                    ],
                    [
                        0.25285163850840237,
                        1.6547645895378862,
                        0.0550412175531861
                    ],
                    [
                        0.24892220720405067,
                        1.6636397239000604,
                        0.10504121755318746
                    ]
                ]
            ],
            "Cut Time": [
                1.0234479904174805
            ],
            "Rule Time": [
                0.979985237121582
            ],
            "Between Time": [
                6.04427170753479
            ]
        }
    ],
    "Explanations": [],
    "Reset Answer": ""
}