{
    "Pruning Time": 26.67737913131714,
    "Cut Data": [
        {
            "Rule": [
                "Vigor",
                "Vigor"
            ],
            "Sequence": [
                1,
                2
            ],
            "Vertices": [
                [
                    [
                        0.15750409954833708,
                        1.643296938788137,
                        0.037531441624326554
                    ],
                    [
                        0.1560390034757679,
                        1.6523850604726722,
                        0.08753144162432318
                    ],
                    [
                        0.23380741646254796,
                        1.6504266664471658,
                        0.08753144162432318
                    ],
                    [
                        0.23730570708480495,
                        1.6412873440770843,
                        0.037531441624326554
                    ],
                    [
                        0.15750409954833708,
                        1.639232533485033,
                        0.037531441624326554
                    ],
                    [
                        0.1560390034757679,
                        1.648424208556086,
                        0.08753144162432318
                    ],
                    [
                        0.23730570708480495,
                        1.6372229387739803,
                        0.037531441624326554
                    ],
                    [
                        0.23380741646254796,
                        1.64646581453058,
                        0.08753144162432318
                    ]
                ],
                [
                    [
                        -0.5563634021419188,
                        1.6322126739600151,
                        0.08446665840217972
                    ],
                    [
                        -0.5392307480688122,
                        1.6418128025000178,
                        0.13446665840218205
                    ],
                    [
                        -0.4142851219192364,
                        1.6284404804600183,
                        0.13446665840218205
                    ],
                    [
                        -0.42806898496932744,
                        1.6184819471211889,
                        0.08446665840217972
                    ],
                    [
                        -0.5563634021419188,
                        1.6282454746697972,
                        0.08446665840217972
                    ],
                    [
                        -0.5392307480688122,
                        1.637949156596318,
                        0.13446665840218205
                    ],
                    [
                        -0.42806898496932744,
                        1.614514747830971,
                        0.08446665840217972
                    ],
                    [
                        -0.4142851219192364,
                        1.6245768345563185,
                        0.13446665840218205
                    ]
                ]
            ],
            "Cut Time": [
                0.6789183616638184,
                0.6644680500030518
            ],
            "Rule Time": [
                1.1616084575653076,
                1.6889162063598633
            ],
            "Between Time": [
                1.5001003742218018,
                13.6351797580719
            ]
        }
    ],
    "Explanations": [
        {
            "Branch Num": 4,
            "Decision": "Branch Vigor",
            "Explanation": "Branch is vigorous and removed to prevent shading"
        }
    ],
    "Reset Answer": ""
}