{
    "Pruning Time": 28.481207847595215,
    "Cut Data": [
        {
            "Rule": [
                "Vigor",
                "Canopy"
            ],
            "Sequence": [
                1,
                2
            ],
            "Vertices": [
                [
                    [
                        -0.6008649436048367,
                        1.4257704272395029,
                        0.19247343872481637
                    ],
                    [
                        -0.597007853944399,
                        1.4400810188497999,
                        0.2424734387248177
                    ],
                    [
                        -0.5082719875456464,
                        1.3756947968193527,
                        0.2424734387248177
                    ],
                    [
                        -0.5086008866639783,
                        1.3588241709317215,
                        0.19247343872481637
                    ],
                    [
                        -0.6034910915872197,
                        1.4237045242110333,
                        0.19247343872481637
                    ],
                    [
                        -0.5995335776577783,
                        1.43809411624433,
                        0.2424734387248177
                    ],
                    [
                        -0.5112270346463612,
                        1.3567582679032522,
                        0.19247343872481637
                    ],
                    [
                        -0.5107977112590255,
                        1.3737078942138825,
                        0.2424734387248177
                    ]
                ],
                [
                    [
                        -0.7356909651749791,
                        2.131065020363655,
                        0.09739108425870603
                    ],
                    [
                        -0.7272890876975922,
                        2.1192632623451457,
                        0.14739108425870587
                    ],
                    [
                        -0.6641981665573352,
                        2.1109527218936455,
                        0.14739108425870587
                    ],
                    [
                        -0.6702678502865507,
                        2.1224472757988746,
                        0.09739108425870603
                    ],
                    [
                        -0.7356909651749791,
                        2.128160122299944,
                        0.09739108425870603
                    ],
                    [
                        -0.7272890876975922,
                        2.1164619176679524,
                        0.14739108425870587
                    ],
                    [
                        -0.6702678502865507,
                        2.119542377735163,
                        0.09739108425870603
                    ],
                    [
                        -0.6641981665573352,
                        2.1081513772164517,
                        0.14739108425870587
                    ]
                ]
            ],
            "Cut Time": [
                0.9124574661254883,
                0.5502457618713379
            ],
            "Rule Time": [
                4.791543960571289,
                1.1330385208129883
            ],
            "Between Time": [
                1.9942302703857422,
                14.110934972763062
            ]
        }
    ],
    "Explanations": [],
    "Reset Answer": ""
}