{
    "Pruning Time": 17.83172106742859,
    "Cut Data": [
        {
            "Rule": [
                "Canopy"
            ],
            "Sequence": [
                1
            ],
            "Vertices": [
                [
                    [
                        0.3067836040822377,
                        1.5245853407887013,
                        0.027001068599785506
                    ],
                    [
                        0.29761493103875053,
                        1.5328165074093758,
                        0.0770010685997856
                    ],
                    [
                        0.35648381849696475,
                        1.5716012079467245,
                        0.0770010685997856
                    ],
                    [
                        0.3674660752193834,
                        1.5645648880935674,
                        0.027001068599785506
                    ],
                    [
                        0.3067836040822377,
                        1.5211204466889463,
                        0.027001068599785506
                    ],
                    [
                        0.29761493103875053,
                        1.529455166696139,
                        0.0770010685997856
                    ],
                    [
                        0.3674660752193834,
                        1.5610999939938122,
                        0.027001068599785506
                    ],
                    [
                        0.35648381849696475,
                        1.5682398672334874,
                        0.0770010685997856
                    ]
                ]
            ],
            "Cut Time": [
                0.8961348533630371
            ],
            "Rule Time": [
                1.1380000114440918
            ],
            "Between Time": [
                6.4529454708099365
            ]
        }
    ],
    "Explanations": [],
    "Reset Answer": ""
}