{
    "Pruning Time": 7.55113959312439,
    "Cut Data": [
        {
            "Rule": [
                "Vigor"
            ],
            "Sequence": [
                1
            ],
            "Vertices": [
                [
                    [
                        0.11450463849531754,
                        1.6412622920609417,
                        0.03690919244036764
                    ],
                    [
                        0.1141352047829426,
                        1.6503993555772498,
                        0.08690919244036731
                    ],
                    [
                        0.26576740154541617,
                        1.6457380136516133,
                        0.08690919244036731
                    ],
                    [
                        0.2700998514450859,
                        1.6364791226217545,
                        0.03690919244036764
                    ],
                    [
                        0.11450463849531754,
                        1.6371965980376324,
                        0.03690919244036764
                    ],
                    [
                        0.1141352047829426,
                        1.6464372149404587,
                        0.08690919244036731
                    ],
                    [
                        0.2700998514450859,
                        1.6324134285984453,
                        0.03690919244036764
                    ],
                    [
                        0.26576740154541617,
                        1.6417758730148222,
                        0.08690919244036731
                    ]
                ]
            ],
            "Cut Time": [
                0.8303127288818359
            ],
            "Rule Time": [
                0.7426187992095947
            ],
            "Between Time": [
                2.5286850929260254
            ]
        }
    ],
    "Explanations": [],
    "Reset Answer": ""
}