{
    "Pruning Time": 168.84722232818604,
    "Cut Data": [
        {
            "Rule": [
                "Canopy",
                "Canopy",
                "Spacing",
                "Canopy"
            ],
            "Sequence": [
                1,
                2,
                3,
                4
            ],
            "Vertices": [
                [
                    [
                        0.08793958280812923,
                        2.3167997417476944,
                        0.024484083927775555
                    ],
                    [
                        0.10369907758140302,
                        2.3230206250416163,
                        0.07396422745843455
                    ],
                    [
                        0.05779304654776025,
                        2.228340300989806,
                        0.07556730138644134
                    ],
                    [
                        0.04041993967073373,
                        2.21879137313535,
                        0.026143506432106584
                    ],
                    [
                        0.08371775692521019,
                        2.315629908131797,
                        0.024631513336267275
                    ],
                    [
                        0.09962061113670446,
                        2.3218905151601024,
                        0.0741066506450297
                    ],
                    [
                        0.03619811378781477,
                        2.217621539519452,
                        0.026290935840598308
                    ],
                    [
                        0.05371458010306177,
                        2.2272101911082918,
                        0.0757097245730365
                    ]
                ],
                [
                    [
                        0.4001442576435062,
                        2.8692360712216054,
                        0.06927079171684798
                    ],
                    [
                        0.40550491885926226,
                        2.8562054967499755,
                        0.11911407051715095
                    ],
                    [
                        0.4888236426458695,
                        2.8562054967499755,
                        0.11620451656945215
                    ],
                    [
                        0.4865109154038685,
                        2.8692360712216054,
                        0.0662548015694256
                    ],
                    [
                        0.4001442576435062,
                        2.8663017688481442,
                        0.06927079171684798
                    ],
                    [
                        0.40550491885926226,
                        2.8533747477630325,
                        0.11911407051715095
                    ],
                    [
                        0.4865109154038685,
                        2.8663017688481442,
                        0.0662548015694256
                    ],
                    [
                        0.4888236426458695,
                        2.8533747477630325,
                        0.11620451656945215
                    ]
                ],
                [
                    [
                        0.3024755992841658,
                        2.0118631855886857,
                        0.015914885688675624
                    ],
                    [
                        0.31094395788492757,
                        2.0284266073630377,
                        0.06564964130494953
                    ],
                    [
                        0.2803167704783148,
                        1.996356701217711,
                        0.06671916625655637
                    ],
                    [
                        0.2707726704750512,
                        1.978666864361332,
                        0.01702197635783196
                    ],
                    [
                        0.29790069052962825,
                        2.0118631855886857,
                        0.016074645022738497
                    ],
                    [
                        0.3065242845911122,
                        2.0284266073630377,
                        0.06580397969727159
                    ],
                    [
                        0.2661977617205137,
                        1.978666864361332,
                        0.017181735691894996
                    ],
                    [
                        0.27589709718449945,
                        1.996356701217711,
                        0.06687350464887859
                    ]
                ],
                [
                    [
                        0.7726505682815692,
                        2.241538826686318,
                        0.1481901967072207
                    ],
                    [
                        0.7643254083210526,
                        2.25129255728296,
                        0.19851139491412537
                    ],
                    [
                        0.8222331997292619,
                        2.2486814555221515,
                        0.19648921027858327
                    ],
                    [
                        0.8328293693172824,
                        2.2388253235544155,
                        0.146088706667963
                    ],
                    [
                        0.7726505682815692,
                        2.2387947966441817,
                        0.1481901967072207
                    ],
                    [
                        0.7643254083210526,
                        2.248652080627342,
                        0.19851139491412537
                    ],
                    [
                        0.8328293693172824,
                        2.2360812935122794,
                        0.146088706667963
                    ],
                    [
                        0.8222331997292619,
                        2.2460409788665334,
                        0.19648921027858327
                    ]
                ]
            ],
            "Cut Time": [
                1.007826566696167,
                0.8701944351196289,
                1.0955688953399658,
                1.0072658061981201
            ],
            "Rule Time": [
                2.480952262878418,
                5.91240668296814,
                1.6466655731201172,
                3.0020711421966553
            ],
            "Between Time": [
                2.247012138366699,
                9.873801946640015,
                3.7614293098449707,
                3.9781484603881836
            ]
        }
    ],
    "Reset Answer": "",
    "Explanations": [
        {
            "Branch Num": 1,
            "Decision": "Branch Vigor",
            "Explanation": "Branch is vigorous and removed due to placement and shading."
        },
        {
            "Branch Num": 2,
            "Decision": "Branch Vigor",
            "Explanation": "Branch is strong vigor and removed to prevent shading."
        },
        {
            "Branch Num": 3,
            "Decision": "Branch Vigor",
            "Explanation": "Branch is vigorous and removed for lighting"
        }
    ]
}