{
    "Pruning Time": 102.26859617233276,
    "Cut Data": [
        {
            "Rule": [
                "Vigor",
                "Vigor",
                "Canopy",
                "Canopy",
                "Vigor",
                "Spacing",
                "Spacing",
                "Canopy"
            ],
            "Sequence": [
                1,
                2,
                3,
                4,
                5,
                6,
                7,
                8
            ],
            "Vertices": [
                [
                    [
                        0.1266115985954848,
                        1.3553955396912434,
                        -0.021346738432680323
                    ],
                    [
                        0.12293390845413761,
                        1.3654052737156186,
                        0.028653261567317616
                    ],
                    [
                        0.1968941460606922,
                        1.3756741655708937,
                        0.028653261567317616
                    ],
                    [
                        0.20278443027081736,
                        1.3659716356597986,
                        -0.021346738432680323
                    ],
                    [
                        0.1266115985954848,
                        1.3518305140085096,
                        -0.021346738432680323
                    ],
                    [
                        0.12293390845413761,
                        1.361943801419403,
                        0.028653261567317616
                    ],
                    [
                        0.20278443027081736,
                        1.3624066099770646,
                        -0.021346738432680323
                    ],
                    [
                        0.1968941460606922,
                        1.3722126932746779,
                        0.028653261567317616
                    ]
                ],
                [
                    [
                        0.6446482251389458,
                        1.3839989576317488,
                        0.054183274465955715
                    ],
                    [
                        0.6250637776382758,
                        1.393599086171751,
                        0.10418327446595407
                    ],
                    [
                        0.6899558950114097,
                        1.3985015007930033,
                        0.10418327446595407
                    ],
                    [
                        0.7115735370617676,
                        1.389054974309641,
                        0.054183274465955715
                    ],
                    [
                        0.6446482251389458,
                        1.3805903597214035,
                        0.054183274465955715
                    ],
                    [
                        0.6250637776382758,
                        1.3902940416479237,
                        0.10418327446595407
                    ],
                    [
                        0.7115735370617676,
                        1.3856463763992954,
                        0.054183274465955715
                    ],
                    [
                        0.6899558950114097,
                        1.3951964562691757,
                        0.10418327446595407
                    ]
                ],
                [
                    [
                        -0.6741184217627852,
                        1.417692360647916,
                        0.06387321830394196
                    ],
                    [
                        -0.6535173769872712,
                        1.4263196761625312,
                        0.11387321830394025
                    ],
                    [
                        -0.5776372751600118,
                        1.4506829097385667,
                        0.11387321830394025
                    ],
                    [
                        -0.5958463263476577,
                        1.4428236045071519,
                        0.06387321830394196
                    ],
                    [
                        -0.6741184217627852,
                        1.4143038312675622,
                        0.06387321830394196
                    ],
                    [
                        -0.6535173769872712,
                        1.4230347001686956,
                        0.11387321830394025
                    ],
                    [
                        -0.5958463263476577,
                        1.439435075126798,
                        0.06387321830394196
                    ],
                    [
                        -0.5776372751600118,
                        1.4473979337447311,
                        0.11387321830394025
                    ]
                ],
                [
                    [
                        -0.3168506299693707,
                        1.9807239409744104,
                        0.16419718220375543
                    ],
                    [
                        -0.30572213115738484,
                        1.9708642918270134,
                        0.21813799284674565
                    ],
                    [
                        -0.23128543835384766,
                        1.9298932224750283,
                        0.21813799284674565
                    ],
                    [
                        -0.23970438962900215,
                        1.938261496121138,
                        0.16419718220375543
                    ],
                    [
                        -0.31943065343927896,
                        1.9780483611457482,
                        0.16419718220375543
                    ],
                    [
                        -0.3082115384649628,
                        1.9682826843125218,
                        0.21813799284674565
                    ],
                    [
                        -0.2422844130989104,
                        1.935585916292476,
                        0.16419718220375543
                    ],
                    [
                        -0.2337748456614256,
                        1.9273116149605365,
                        0.21813799284674565
                    ]
                ],
                [
                    [
                        0.046314367129582444,
                        1.4652917385987811,
                        0.026580498849422585
                    ],
                    [
                        0.04490907089670981,
                        1.4733057667177272,
                        0.07644822987046797
                    ],
                    [
                        -0.025798827961939726,
                        1.542016582424345,
                        0.07524887812103814
                    ],
                    [
                        -0.02660612579784528,
                        1.5361526555776388,
                        0.02534361694268357
                    ],
                    [
                        0.0501556166660124,
                        1.4675473668976036,
                        0.026541126711012625
                    ],
                    [
                        0.048633767107732866,
                        1.4754929534907866,
                        0.07641005238333398
                    ],
                    [
                        -0.02276487626141533,
                        1.5384082838764612,
                        0.02530424480427361
                    ],
                    [
                        -0.022074131750916673,
                        1.5442037691974047,
                        0.07521070063390416
                    ]
                ],
                [
                    [
                        0.5156036259110036,
                        1.538751881316525,
