{
    "Pruning Time": 56.837533950805664,
    "Cut Data": [
        {
            "Rule": [
                "Canopy",
                "Spacing"
            ],
            "Sequence": [
                1,
                2
            ],
            "Vertices": [
                [
                    [
                        0.7632383684512087,
                        1.4962387166344715,
                        0.08525926027115707
                    ],
                    [
                        0.7536921820827098,
                        1.504567963634134,
                        0.1354797933764883
                    ],
                    [
                        0.8017096297955253,
                        1.4826445889619102,
                        0.13586246730483764
                    ],
                    [
                        0.8130626653189451,
                        1.4734903870159448,
                        0.08565633384165698
                    ],
                    [
                        0.7632383684512087,
                        1.4933631855936293,
                        0.08530945285217789
                    ],
                    [
                        0.7536921820827098,
                        1.501796712054473,
                        0.1355281657527435
                    ],
                    [
                        0.8130626653189451,
                        1.4706148559751027,
                        0.0857065264226778
                    ],
                    [
                        0.8017096297955253,
                        1.4798733373822492,
                        0.13591083968109285
                    ]
                ],
                [
                    [
                        0.32397668687674785,
                        1.4269722000983465,
                        0.07799924884345778
                    ],
                    [
                        0.3301659702853568,
                        1.436572328638349,
                        0.1279992488434579
                    ],
                    [
                        0.30062961729150584,
                        1.394423901220485,
                        0.1279992488434579
                    ],
                    [
                        0.2933639367683562,
                        1.3832877521140823,
                        0.07799924884345778
                    ],
                    [
                        0.319559096965273,
                        1.4269722000983465,
                        0.07799924884345778
                    ],
                    [
                        0.32590371045749417,
                        1.436572328638349,
                        0.1279992488434579
                    ],
                    [
                        0.28894634685688136,
                        1.3832877521140823,
                        0.07799924884345778
                    ],
                    [
                        0.2963673574636432,
                        1.394423901220485,
                        0.1279992488434579
                    ]
                ]
            ],
            "Cut Time": [
                0.7675037384033203,
                0.7442786693572998
            ],
            "Rule Time": [
                1.683664321899414,
                1.4799673557281494
            ],
            "Between Time": [
                1.968017578125,
                27.496267795562744
            ]
        }
    ],
    "Reset Answer": "",
    "Explanations": [
        {
            "Branch Num": 1,
            "Decision": "Canopy Cut",
            "Explanation": "Branch too long. Pruned back to ~6 inches"
        },
        {
            "Branch Num": 2,
            "Decision": "Don't Prune",
            "Explanation": "Keeping buds and branch within 6 inches of secondary branch"
        },
        {
            "Branch Num": 4,
            "Decision": "Don't Prune",
            "Explanation": "Keeping buds. Branch within 6 inches of secondary branch"
        },
        {
            "Branch Num": 5,
            "Decision": "Canopy Cut",
            "Explanation": "Branch too long. Pruned back to ~6 inches"
        },
        {
            "Branch Num": 3,
            "Decision": "Don't Prune",
            "Explanation": "Keeping buds. Branch within 6 inches of secondary branch"
        },
        {
            "Branch Num": 6,
            "Decision": "Canopy Cut",
            "Explanation": "Branch too long. Pruned back to ~6 inches"
        }
    ]
}