{
    "Pruning Time": 71.07953453063965,
    "Cut Data": [
        {
            "Rule": [
                "Canopy",
                "Canopy",
                "Canopy",
                "Spacing",
                "Vigor",
                "Canopy",
                "Canopy",
                "Spacing",
                "Canopy",
                "Canopy"
            ],
            "Sequence": [
                1,
                2,
                3,
                4,
                5,
                6,
                7,
                8,
                9,
                10
            ],
            "Vertices": [
                [
                    [
                        -0.4836744284190317,
                        1.6993499901255982,
                        0.0361231164436943
                    ],
                    [
                        -0.4688141682544007,
                        1.7070044926148267,
                        0.08612311644369396
                    ],
                    [
                        -0.3955664685194275,
                        1.7070044926148267,
                        0.08612311644369396
                    ],
                    [
                        -0.4085131338137639,
                        1.6993499901255982,
                        0.0361231164436943
                    ],
                    [
                        -0.4836744284190317,
                        1.6952826680856585,
                        0.0361231164436943
                    ],
                    [
                        -0.4688141682544007,
                        1.7030407239614052,
                        0.08612311644369396
                    ],
                    [
                        -0.4085131338137639,
                        1.6952826680856585,
                        0.0361231164436943
                    ],
                    [
                        -0.3955664685194275,
                        1.7030407239614052,
                        0.08612311644369396
                    ]
                ],
                [
                    [
                        -0.06014098402082046,
                        1.5565107578939628,
                        0.15313789291847044
                    ],
                    [
                        -0.055805495642809566,
                        1.5685173186546584,
                        0.2031378929184682
                    ],
                    [
                        -0.13532002445362268,
                        1.5151569870597121,
                        0.2031378929184682
                    ],
                    [
                        -0.14186810690041154,
                        1.5016656064181628,
                        0.15313789291847044
                    ],
                    [
                        -0.06368032091736844,
                        1.5535002875045578,
                        0.15313789291847044
                    ],
                    [
                        -0.05924901225902973,
                        1.5655883505706465,
                        0.2031378929184682
                    ],
                    [
                        -0.1454074437969595,
                        1.4986551360287579,
                        0.15313789291847044
                    ],
                    [
                        -0.13876354106984282,
                        1.5122280189757002,
                        0.2031378929184682
                    ]
                ],
                [
                    [
                        -0.8198221169212537,
                        1.7240027254820252,
                        0.02545802513391687
                    ],
                    [
                        -0.7965300793593884,
                        1.7309916190591466,
                        0.07545802513391463
                    ],
                    [
                        -0.8540737301526737,
                        1.6758104127123048,
                        0.07545802513391463
                    ],
                    [
                        -0.8788607637069566,
                        1.6673878999398766,
                        0.02545802513391687
                    ],
                    [
                        -0.8243977846196449,
                        1.7212791138240355,
                        0.02545802513391687
                    ],
                    [
                        -0.8009898804984297,
                        1.7283369755895432,
                        0.07545802513391463
                    ],
                    [
                        -0.8834364314053479,
                        1.664664288281887,
                        0.02545802513391687
                    ],
                    [
                        -0.8585335312917152,
                        1.6731557692427017,
                        0.07545802513391463
                    ]
                ],
                [
                    [
                        -0.6836714796438597,
                        1.528886141560625,
                        0.14114760690713973
                    ],
                    [
                        -0.6625920361507711,
                        1.5415583112334283,
                        0.19114760690714033
                    ],
                    [
                        -0.6171610212311507,
                        1.5100693871565323,
                        0.19114760690714033
                    ],
                    [
                        -0.6369846680906085,
                        1.4965268058294356,
                        0.14114760690713973
                    ],
                    [
                        -0.6836714796438597,
                        1.525036332353782,
                        0.14114760690713973
                    ],
                    [
                        -0.6625920361507711,
                        1.5378120554131036,
                        0.19114760690714033
                    ],
                    [
                        -0.6369846680906085,
                        1.4926769966225928,
                        0.14114760690713973
                    ],
                    [
                        -0.6171610212311507,
                        1.5063231313362075,
                        0.19114760690714033
                    ]
                ],
                [
                    [
                        0.15351093128573864,
                        1.6141264933865869,
                        0.011479943122187416
                    ],
                    [
                        0.15216543489256285,
                        1.6238290232976822,
                        0.061479943122185916
                    ],
                    [
                        0.2634516959966972,
                        1.607948454360381,
                        0.061479943122185916
                    ],
                    [
                        0.2676675846953147,
                        1.5978363189649123,
                        0.011479943122187416
                    ],
                    [
                        0.15351093128573864,
                        1.6100081336656071,
                        0.011479943122187416
                    ],
                    [
                        0.15216543489256285,
                        1.6198142169632206,
                        0.061479943122185916
                    ],
                    [
                        0.2676675846953147,
                        1.5937179592439328,
                        0.011479943122187416
                    ],
                    [
                        0.2634516959966972,
                        1.6039336480259196,
                        0.061479943122185916
                    ]
                ],
                [
                    [
