{
    "Pruning Time": 110.66796922683716,
    "Cut Data": [
        {
            "Rule": [
                "Canopy",
                "Vigor",
                "Spacing",
                "Canopy",
                "Vigor",
                "Spacing",
                "Canopy",
                "Canopy",
                "Spacing"
            ],
            "Sequence": [
                1,
                2,
                3,
                4,
                5,
                6,
                7,
                8,
                9
            ],
            "Vertices": [
                [
                    [
                        -0.2121217542926835,
                        1.4914158843228895,
                        -0.048993901943142265
                    ],
                    [
                        -0.2052746726474109,
                        1.498148774472278,
                        0.0010060980568575054
                    ],
                    [
                        -0.14969812372103763,
                        1.4996837647804733,
                        0.0010060980568575054
                    ],
                    [
                        -0.15469141033571243,
                        1.4930020753166315,
                        -0.048993901943142265
                    ],
                    [
                        -0.2121217542926835,
                        1.4882078130380456,
                        -0.048993901943142265
                    ],
                    [
                        -0.2052746726474109,
                        1.4950442565739521,
                        0.0010060980568575054
                    ],
                    [
                        -0.15469141033571243,
                        1.4897940040317879,
                        -0.048993901943142265
                    ],
                    [
                        -0.14969812372103763,
                        1.4965792468821477,
                        0.0010060980568575054
                    ]
                ],
                [
                    [
                        0.5809666885857957,
                        1.2939224085893066,
                        -0.1219011785597455
                    ],
                    [
                        0.5630566365966334,
                        1.306440976205469,
                        -0.07190117855974723
                    ],
                    [
                        0.5950164456855909,
                        1.3112699212827024,
                        -0.07190117855974723
                    ],
                    [
                        0.6139430949495972,
                        1.29890495572318,
                        -0.1219011785597455
                    ],
                    [
                        0.5809666885857957,
                        1.2905633413965536,
                        -0.1219011785597455
                    ],
                    [
                        0.5630566365966334,
                        1.303185462399234,
                        -0.07190117855974723
                    ],
                    [
                        0.6139430949495972,
                        1.295545888530427,
                        -0.1219011785597455
                    ],
                    [
                        0.5950164456855909,
                        1.3080144074764675,
                        -0.07190117855974723
                    ]
                ],
                [
                    [
                        -0.46629953376332717,
                        1.8696240602263852,
                        0.05330761240051573
                    ],
                    [
                        -0.45018347696506605,
                        1.8637615817312907,
                        0.1033076124005133
                    ],
                    [
                        -0.3883772111108641,
                        1.8623313495764324,
                        0.1033076124005133
                    ],
                    [
                        -0.4022806738403472,
                        1.8681426273859802,
                        0.05330761240051573
                    ],
                    [
                        -0.46629953376332717,
                        1.8666278623066659,
                        0.05330761240051573
                    ],
                    [
                        -0.45018347696506605,
                        1.8608689371980895,
                        0.1033076124005133
                    ],
                    [
                        -0.4022806738403472,
                        1.8651464294662607,
                        0.05330761240051573
                    ],
                    [
                        -0.3883772111108641,
                        1.859438705043231,
                        0.1033076124005133
                    ]
                ],
                [
                    [
                        -0.3028936259644803,
                        2.029030697029605,
                        0.19118233076400018
                    ],
                    [
                        -0.29132235698316794,
                        2.0164609287278954,
                        0.2411823307640004
                    ],
                    [
                        -0.33799415577633696,
                        1.9984142769878117,
                        0.2411823307640004
                    ],
                    [
                        -0.3514192197882472,
                        2.0102672356918676,
                        0.19118233076400018
                    ],
                    [
                        -0.3028936259644803,
                        2.026320046989921,
                        0.19118233076400018
                    ],
                    [
                        -0.29132235698316794,
                        2.0138538320747297,
                        0.2411823307640004
                    ],
                    [
                        -0.3514192197882472,
                        2.0075565856521838,
                        0.19118233076400018
                    ],
                    [
                        -0.33799415577633696,
                        1.995807180334646,
                        0.2411823307640004
                    ]
                ],
                [
                    [
                        0.07564851773742512,
                        1.6164287332860714,
                        0.01773607105601016
                    ],
                    [
                        0.07304722471061856,
                        1.6201937517479716,
                        0.06767796881649507
                    ],
                    [
                        0.11838688142755424,
                        1.6130059833699748,
                        0.06780343178022197
                    ],
                    [
                        0.12260277012617177,
                        1.6089850004709032,
                        0.017866001895607195
                    ],
                    [
                        0.07564851773742512,
                        1.6134177433623358,
                        0.017788628080627304
                    ],
                    [
                        0.07304722471061856,
                        1.6172862994390718,
                        0.06772871858532274
                    ],
                    [
                        0.12260277012617177,
                        1.6059740105471678,
                        0.01791855892022434
                    ],
                    [
                        0.11838688142755424,
                        1.6100985310610754,
                        0.06785418154904964
                    ]
                ],
                [
                    [
                        -0.1940777626678966,
