{
    "Pruning Time": 198.2064652442932,
    "Cut Data": [
        {
            "Rule": [
                "Vigor",
                "Canopy",
                "Spacing",
                "Spacing",
                "Spacing",
                "Spacing"
            ],
            "Sequence": [
                1,
                2,
                3,
                4,
                5,
                6
            ],
            "Vertices": [
                [
                    [
                        0.711993456861199,
                        2.097783274551021,
                        0.04558318055602198
                    ],
                    [
                        0.7047055372625299,
                        2.111610697339034,
                        0.09558318055602044
                    ],
                    [
                        0.8122466950870847,
                        2.116743595612086,
                        0.09558318055602044
                    ],
                    [
                        0.8233632913412757,
                        2.1030989140944,
                        0.04558318055602198
                    ],
                    [
                        0.711993456861199,
                        2.0947710788097735,
                        0.04558318055602198
                    ],
                    [
                        0.7047055372625299,
                        2.1087020549843043,
                        0.09558318055602044
                    ],
                    [
                        0.8233632913412757,
                        2.100086718353152,
                        0.04558318055602198
                    ],
                    [
                        0.8122466950870847,
                        2.1138349532573564,
                        0.09558318055602044
                    ]
                ],
                [
                    [
                        0.4855193258907868,
                        2.836178778862976,
                        0.06277856382450873
                    ],
                    [
                        0.4860230991349344,
                        2.8244833375621012,
                        0.11277856382451125
                    ],
                    [
                        0.307118768062095,
                        2.829553389711509,
                        0.11277856382451125
                    ],
                    [
                        0.30016669729285717,
                        2.84143157228271,
                        0.06277856382450873
                    ],
                    [
                        0.4855193258907868,
                        2.833202195925127,
                        0.06277856382450873
                    ],
                    [
                        0.4860230991349344,
                        2.8216103080107704,
                        0.11277856382451125
                    ],
                    [
                        0.30016669729285717,
                        2.8384549893448607,
                        0.06277856382450873
                    ],
                    [
                        0.307118768062095,
                        2.826680360160178,
                        0.11277856382451125
                    ]
                ],
                [
                    [
                        0.3336531477969249,
                        1.9706885638496061,
                        0.05174631541724689
                    ],
                    [
                        0.33939616278020807,
                        1.9889626908822224,
                        0.10174631541724735
                    ],
                    [
                        0.34315297768593417,
                        2.0553975410675336,
                        0.10174631541724735
                    ],
                    [
                        0.33754430223442367,
                        2.0394990505491575,
                        0.05174631541724689
                    ],
                    [
                        0.32915400047856685,
                        1.9706885638496061,
                        0.05174631541724689
                    ],
                    [
                        0.3350523455454622,
                        1.9889626908822224,
                        0.10174631541724735
                    ],
                    [
                        0.3330451549160657,
                        2.0394990505491575,
                        0.05174631541724689
                    ],
                    [
                        0.3388091604511883,
                        2.0553975410675336,
                        0.10174631541724735
                    ]
                ],
                [
                    [
                        0.2223771645382729,
                        2.035612198457968,
                        0.03952234960521862
                    ],
                    [
                        0.23188168641119156,
                        2.0515106889763435,
                        0.08952234960521756
                    ],
                    [
                        0.22809202826859348,
                        1.996523493755052,
                        0.08952234960521756
                    ],
                    [
                        0.2184531668639021,
                        1.978675763019864,
                        0.03952234960521862
                    ],
                    [
                        0.21784004222728176,
                        2.035612198457968,
                        0.03952234960521862
                    ],
                    [
                        0.2274998941838126,
                        2.0515106889763435,
                        0.08952234960521756
                    ],
                    [
                        0.21391604455291097,
                        1.978675763019864,
                        0.03952234960521862
                    ],
                    [
                        0.22371023604121454,
                        1.996523493755052,
                        0.08952234960521756
                    ]
                ],
                [
                    [
                        0.9912848153706968,
                        2.0306518119295984,
                        0.05166799270697228
                    ],
                    [
                        0.9743244494843929,
                        2.0468548712318513,
                        0.10166799270697202
                    ],
                    [
                        0.9536608101009145,
                        1.9991553839930987,
                        0.10166799270697202
                    ],
                    [
                        0.9698823085624686,
                        1.981246739501135,
                        0.05166799270697228
                    ],
                    [
                        0.9867854247348762,
                        2.0306518119295984,
                        0.05166799270697228
                    ],
                    [
                        0.9699803889321845,
                        2.0468548712318513,
                        0.10166799270697202
                    ],
                    [
                        0.9653829179266479,
                        1.981246739501135,
                        0.05166799270697228
                    ],
                    [
                        0.949316749548706,
                        1.9991553839930987,
                        0.10166799270697202
                    ]
                ],
                [
                    [
                        0.7805910955097274,
                        2.5180571329818364,
                        0.8132333107554822
                    ],
                    [
                        1.1130193310269716,
                        2.853917429960208,
