{
    "Pruning Time": 136.9360716342926,
    "Cut Data": [
        {
            "Rule": [
                "Canopy",
                "Canopy",
                "Canopy",
                "Canopy",
                "Canopy"
            ],
            "Sequence": [
                1,
                2,
                3,
                4,
                5
            ],
            "Vertices": [
                [
                    [
                        1.0410047283756432,
                        1.457643296204556,
                        0.0776238487690479
                    ],
                    [
                        1.0180489574483644,
                        1.4624692622894047,
                        0.12520678649990405
                    ],
                    [
                        1.115572736770037,
                        1.4539965121636262,
                        0.13848763130549996
                    ],
                    [
                        1.1415882471170524,
                        1.4489047195518143,
                        0.09132137066264936
                    ],
                    [
                        1.0410047283756432,
                        1.4542438271243023,
                        0.07744569014381034
                    ],
                    [
                        1.0180489574483644,
                        1.4591732046793517,
                        0.12503404744017246
                    ],
                    [
                        1.1415882471170524,
                        1.4455052504715606,
                        0.09114321203741196
                    ],
                    [
                        1.115572736770037,
                        1.4507004545535735,
                        0.138314892245768
                    ]
                ],
                [
                    [
                        0.8329365631730712,
                        1.4801419836613228,
                        0.12555124723228803
                    ],
                    [
                        0.7954676433495174,
                        1.483633648240385,
                        0.15902161510793525
                    ],
                    [
                        0.7230895309538782,
                        1.4971792617076563,
                        0.08725407042025891
                    ],
                    [
                        0.7587535952933718,
                        1.4940253770725875,
                        0.05199407247110225
                    ],
                    [
                        0.8329365631730712,
                        1.4758915769999275,
                        0.1253284928581143
                    ],
                    [
                        0.7954676433495174,
                        1.4794866530491904,
                        0.15880428029926716
                    ],
                    [
                        0.7587535952933718,
                        1.4897749704111924,
                        0.05177131809692877
                    ],
                    [
                        0.7230895309538782,
                        1.493032266516462,
                        0.08703673561159106
                    ]
                ],
                [
                    [
                        0.5800781888747143,
                        1.4657393635021376,
                        0.06178349639007851
                    ],
                    [
                        0.5523674040254735,
                        1.4723789629906547,
                        0.10340606693731572
                    ],
                    [
                        0.6392731047108337,
                        1.4661141638069113,
                        0.15984328885453877
                    ],
                    [
                        0.6695188883167845,
                        1.4592918230480678,
                        0.11986696574865532
                    ],
                    [
                        0.5800781888747143,
                        1.4620857572448314,
                        0.06178349639007851
                    ],
                    [
                        0.5523674040254735,
                        1.4688289101198666,
                        0.10340606693731572
                    ],
                    [
                        0.6695188883167845,
                        1.4556382167907618,
                        0.11986696574865532
                    ],
                    [
                        0.6392731047108337,
                        1.4625641109361234,
                        0.15984328885453877
                    ]
                ],
                [
                    [
                        0.6344150169888334,
                        2.1420424617196288,
                        0.03733619834305381
                    ],
                    [
                        0.6059718991654313,
                        2.1298597103645514,
                        0.07848318629612337
                    ],
                    [
                        0.6993928871762981,
                        2.095470933535387,
                        0.13915148527439405
                    ],
                    [
                        0.7304836703678197,
                        2.1066790647820586,
                        0.09972391131562734
                    ],
                    [
                        0.6344150169888334,
                        2.1382851007950117,
                        0.03733619834305381
                    ],
                    [
                        0.6059718991654313,
                        2.1262059028264524,
                        0.07848318629612337
                    ],
                    [
                        0.7304836703678197,
                        2.102921703857442,
                        0.09972391131562734
                    ],
                    [
                        0.6993928871762981,
                        2.0918171259972884,
                        0.13915148527439405
                    ]
                ],
                [
                    [
                        0.9028107922332423,
                        2.0868176585583753,
                        0.03785982032459395
                    ],
                    [
                        0.8696356767306511,
                        2.076949629960763,
                        0.07593381305379933
                    ],
                    [
                        0.9600146595488702,
                        2.0490274351488544,
                        0.13462661076141821
                    ],
                    [
                        0.9955557738910573,
                        2.058164498665162,
                        0.0980891156441429
                    ],
                    [
                        0.9028107922332423,
                        2.0827584609068364,
                        0.03785982032459395
                    ],
                    [
                        0.8696356767306511,
                        2.0729939856957427,
                        0.07593381305379933
                    ],
                    [
                        0.9955557738910573,
                        2.0541053010136237,
                        0.0980891156441429
                    ],
                    [
                        0.9600146595488702,
                        2.0450717908838345,
                        0.13462661076141821
                    ]
                ]
            ],
            "Cut Time": [
                1.1059682369232178,
                0.5781452655792236,
                0.9213302135467529,
                0.9004387855529785,
                1.4690837860107422
            ],