{
    "Pruning Time": 139.12827467918396,
    "Cut Data": [
        {
            "Rule": [
                "Canopy",
                "Canopy",
                "Canopy",
                "Canopy",
                "Canopy",
                "Canopy",
                "Canopy"
            ],
            "Sequence": [
                1,
                2,
                3,
                4,
                5,
                6,
                7
            ],
            "Vertices": [
                [
                    [
                        -0.22705114088870318,
                        1.3608547113427145,
                        0.033323647408575956
                    ],
                    [
                        -0.21687492135692069,
                        1.3908587331430755,
                        0.07704790301798801
                    ],
                    [
                        -0.2855877677274302,
                        1.4021443301878045,
                        0.07402393640375002
                    ],
                    [
                        -0.29898813602175767,
                        1.3726698519250542,
                        0.030157790031077915
                    ],
                    [
                        -0.22705114088870318,
                        1.3586229625660504,
                        0.03392164269099221
                    ],
                    [
                        -0.21687492135692069,
                        1.388727009256849,
                        0.07761909671178863
                    ],
                    [
                        -0.29898813602175767,
                        1.3704381031483899,
                        0.030755785313494172
                    ],
                    [
                        -0.2855877677274302,
                        1.4000126063015779,
                        0.0745951300975504
                    ]
                ],
                [
                    [
                        -0.13939053105180937,
                        1.4958263843884123,
                        -0.05387026823968944
                    ],
                    [
                        -0.1275429445396618,
                        1.5061595881526875,
                        -0.005647298437700899
                    ],
                    [
                        -0.2106197173421721,
                        1.5069740423478806,
                        0.0059999391891329065
                    ],
                    [
                        -0.2253940111253721,
                        1.4966695309477236,
                        -0.04181271068948591
                    ],
                    [
                        -0.13939053105180937,
                        1.492790803327294,
                        -0.05365799973368937
                    ],
                    [
                        -0.1275429445396618,
                        1.503227308227242,
                        -0.005442253450788599
                    ],
                    [
                        -0.2253940111253721,
                        1.4936339498866054,
                        -0.04160044218348584
                    ],
                    [
                        -0.2106197173421721,
                        1.5040417624224351,
                        0.006204984176045206
                    ]
                ],
                [
                    [
                        -0.3011189979830607,
                        1.9823377546395697,
                        0.11880024560973478
                    ],
                    [
                        -0.26370800953755363,
                        1.9754808575503322,
                        0.15522015582730578
                    ],
                    [
                        -0.22543237760294632,
                        2.0243716631792847,
                        0.12874689820519514
                    ],
                    [
                        -0.26146154860252696,
                        2.0329936041031718,
                        0.09137125695501222
                    ],
                    [
                        -0.2981351729427404,
                        1.9840647176381927,
                        0.116882243643476
                    ],
                    [
                        -0.26082815239130397,
                        1.9771476465428794,
                        0.15336898439653773
                    ],
                    [
                        -0.2584777235622067,
                        2.0347205671017945,
                        0.0894532549887536
                    ],
                    [
                        -0.22255252045669668,
                        2.026038452171832,
                        0.12689572677442723
                    ]
                ],
                [
                    [
                        0.07087201666137301,
                        1.8618939533016188,
                        0.04190461883871116
                    ],
                    [
                        0.11318554857372153,
                        1.862289637883087,
                        0.07075635247689185
                    ],
                    [
                        0.1078679303941341,
                        1.725396911163091,
                        0.1027827494323729
                    ],
                    [
                        0.06531691749704083,
                        1.7188876963415889,
                        0.07536129153606662
                    ],
                    [
                        0.06830278329786936,
                        1.8623841861385968,
                        0.044426648148946965
                    ],
                    [
                        0.11072615016566233,
                        1.8627589132225595,
                        0.07317056480917061
                    ],
                    [
                        0.0627476841335373,
                        1.719377929178567,
                        0.07788332084630242
                    ],
                    [
                        0.10540853198607503,
                        1.7258661865025633,
                        0.10519696176465165
                    ]
                ],
                [
                    [
                        0.10270472684851424,
                        1.694490400162774,
                        0.020232729197862117
                    ],
                    [
                        0.07272100717486261,
                        1.6969045087763184,
                        0.06047717162166771
                    ],
                    [
                        0.09706797081365212,
                        1.687380854245226,
                        0.07562549308000968
                    ],
                    [
                        0.1279153263910077,
                        1.6846289223979696,
                        0.03591839216976474
                    ],
                    [
                        0.10270472684851424,
                        1.6914716915239207,
                        0.020390933013926898
                    ],
                    [
                        0.07272100717486261,
                        1.6939892116076658,
                        0.060629955872226866
                    ],
                    [
                        0.1279153263910077,
                        1.6816102137591162,
                        0.03607659598582952
                    ],
                    [
                        0.09706797081365212,
                        1.6844655570765734,
                        0.07577827733056884
                    ]
                ],
                [
                    [
                        0.5767304251990371,
                        1.3398862561936546,
                        -0.13759458396331317
                    ],
