{
    "Pruning Time": 165.203471660614,
    "Cut Data": [
        {
            "Rule": [
                "Canopy",
                "Spacing",
                "Canopy",
                "Spacing",
                "Vigor",
                "Canopy",
                "Canopy"
            ],
            "Sequence": [
                1,
                2,
                3,
                4,
                5,
                6,
                7
            ],
            "Vertices": [
                [
                    [
                        -0.5628286484648521,
                        1.3685484492043174,
                        0.2481515007892873
                    ],
                    [
                        -0.5404972488358523,
                        1.3879872517236387,
                        0.3081441614066499
                    ],
                    [
                        -0.577182375825936,
                        1.4572053934340674,
                        0.3186634522970323
                    ],
                    [
                        -0.6012445834018738,
                        1.4410323097379918,
                        0.25916709287208883
                    ],
                    [
                        -0.5590449297128041,
                        1.3698605159996615,
                        0.24706653689612848
                    ],
                    [
                        -0.536884003365159,
                        1.3892402041009682,
                        0.3071080799403147
                    ],
                    [
                        -0.5974608646498256,
                        1.4423443765333364,
                        0.25808212897893
                    ],
                    [
                        -0.5735691303552426,
                        1.4584583458113969,
                        0.31762737083069714
                    ]
                ],
                [
                    [
                        -0.4070020130467224,
                        1.4615949908684296,
                        -0.0028914598298397684
                    ],
                    [
                        -0.3964808152709932,
                        1.4720721570337962,
                        0.04610660704839346
                    ],
                    [
                        -0.42881559560063087,
                        1.4530065847683193,
                        0.05537845610744166
                    ],
                    [
                        -0.4403698769455073,
                        1.4419202810351988,
                        0.006676621175764611
                    ],
                    [
                        -0.4070020130467224,
                        1.4582502901967802,
                        -0.0028914598298397684
                    ],
                    [
                        -0.3964808152709932,
                        1.4688310097486652,
                        0.04610660704839346
                    ],
                    [
                        -0.4403698769455073,
                        1.4385755803635496,
                        0.006676621175764611
                    ],
                    [
                        -0.42881559560063087,
                        1.4497654374831883,
                        0.05537845610744166
                    ]
                ],
                [
                    [
                        -0.5991006089095526,
                        1.5750681603782533,
                        -0.04620537811212146
                    ],
                    [
                        -0.5835431287342311,
                        1.5816468461099948,
                        0.0013485580266507323
                    ],
                    [
                        -0.5449679181454093,
                        1.5129060384038822,
                        -0.009712705614368145
                    ],
                    [
                        -0.5593631793054404,
                        1.5042562849417773,
                        -0.057599902693016035
                    ],
                    [
                        -0.6042057647961921,
                        1.5750681603782533,
                        -0.04474149821804806
                    ],
                    [
                        -0.5884989717612673,
                        1.5816468461099948,
                        0.0027696231471984337
                    ],
                    [
                        -0.5644683351920797,
                        1.5042562849417773,
                        -0.05613602279894282
                    ],
                    [
                        -0.5499237611724455,
                        1.5129060384038822,
                        -0.008291640493820628
                    ]
                ],
                [
                    [
                        -0.4814395694227167,
                        1.9815292274378642,
                        0.07948179112296856
                    ],
                    [
                        -0.46102652411060374,
                        1.9878214246439216,
                        0.13145890213543313
                    ],
                    [
                        -0.4235760520775167,
                        1.9369549290239887,
                        0.13218113467924525
                    ],
                    [
                        -0.4420480668864748,
                        1.9280263586502007,
                        0.08024145644991572
                    ],
                    [
                        -0.48418983262047016,
                        1.9803861081041616,
                        0.0805550703817744
                    ],
                    [
                        -0.4636412670967676,
                        1.986734632927918,
                        0.13247929517143409
                    ],
                    [
                        -0.4447983300842282,
                        1.9268832393164983,
                        0.08131473570872155
                    ],
                    [
                        -0.4261907950636805,
                        1.9358681373079856,
                        0.13320152771524643
                    ]
                ],
                [
                    [
                        -0.7477081255561943,
                        2.1376231104056687,
                        0.10636268365918661
                    ],
                    [
                        -0.7497924140111184,
                        2.123461550661456,
                        0.15679721234149158
                    ],
                    [
                        -0.8771673524119842,
                        2.150837044847886,
                        0.13019655023335375
                    ],
                    [
                        -0.8802735176392034,
                        2.166114139848754,
                        0.07867806024500199
                    ],
                    [
                        -0.7477081255561943,
                        2.134978735684964,
                        0.10631652592674233
                    ],
                    [
                        -0.7497924140111184,
                        2.1209207135555865,
                        0.15675286186483675
                    ],
                    [
                        -0.8802735176392034,
                        2.163469765128049,
                        0.07863190251255742
                    ],
                    [
                        -0.8771673524119842,
                        2.1482962077420167,
                        0.13015219975669867
                    ]
                ],
                [
                    [
                        -0.5204150217985238,
                        2.062779376715413,
                        -0.008619753190721184
                    ],
