{
    "Pruning Time": 129.1046121120453,
    "Cut Data": [
        {
            "Rule": [
                "Vigor",
                "Canopy",
                "Vigor",
                "Canopy",
                "Vigor",
                "Canopy",
                "Vigor",
                "Vigor"
            ],
            "Sequence": [
                1,
                2,
                3,
                4,
                5,
                6,
                7,
                8
            ],
            "Vertices": [
                [
                    [
                        -0.5718078063829863,
                        1.2883638756225069,
                        0.03812788708880077
                    ],
                    [
                        -0.5674579690426034,
                        1.3019476433834183,
                        0.09105723151186768
                    ],
                    [
                        -0.48190204661748715,
                        1.2965926789446303,
                        0.11398187183337712
                    ],
                    [
                        -0.4833322384351763,
                        1.2828261699133925,
                        0.06183484407030117
                    ],
                    [
                        -0.5718078063829863,
                        1.2852258423873422,
                        0.03812788708880077
                    ],
                    [
                        -0.5674579690426034,
                        1.2989131635347717,
                        0.09105723151186768
                    ],
                    [
                        -0.4833322384351763,
                        1.2796881366782276,
                        0.06183484407030117
                    ],
                    [
                        -0.48190204661748715,
                        1.2935581990959835,
                        0.11398187183337712
                    ]
                ],
                [
                    [
                        -0.38124857079303803,
                        1.2924089787928545,
                        0.039280820905801095
                    ],
                    [
                        -0.3831273105677352,
                        1.305444522742787,
                        0.09054122312088607
                    ],
                    [
                        -0.31439442523198846,
                        1.336787714861351,
                        0.10895814424006045
                    ],
                    [
                        -0.3102448500507517,
                        1.3247877047766,
                        0.058306210538301755
                    ],
                    [
                        -0.38124857079303803,
                        1.2891711061944802,
                        0.039280820905801095
                    ],
                    [
                        -0.3831273105677352,
                        1.3023102035309309,
                        0.09054122312088607
                    ],
                    [
                        -0.3102448500507517,
                        1.3215498321782255,
                        0.058306210538301755
                    ],
                    [
                        -0.31439442523198846,
                        1.3336533956494945,
                        0.10895814424006045
                    ]
                ],
                [
                    [
                        0.727077722082703,
                        1.439412427992573,
                        0.062102918697007244
                    ],
                    [
                        0.6951590739300688,
                        1.446539337535293,
                        0.10531415172151713
                    ],
                    [
                        0.5613286279229561,
                        1.4400403461900442,
                        0.06945439179121439
                    ],
                    [
                        0.5894841774018964,
                        1.4327306953769983,
                        0.025234839516049552
                    ],
                    [
                        0.727077722082703,
                        1.4356261128437473,
                        0.062102918697007244
                    ],
                    [
                        0.6951590739300688,
                        1.4428565757729854,
                        0.10531415172151713
                    ],
                    [
                        0.5894841774018964,
                        1.4289443802281723,
                        0.025234839516049552
                    ],
                    [
                        0.5613286279229561,
                        1.4363575844277363,
                        0.06945439179121439
                    ]
                ],
                [
                    [
                        0.5791624650802879,
                        1.5068577603423283,
                        0.05004140535278035
                    ],
                    [
                        0.5508771535781133,
                        1.512218170938563,
                        0.09422618799861811
                    ],
                    [
                        0.4622355247817484,
                        1.4674065980943565,
                        0.07047473514685262
                    ],
                    [
                        0.48799047683092145,
                        1.4607669986058387,
                        0.02561194472902266
                    ],
                    [
                        0.5765994665717837,
                        1.5035725845204215,
                        0.04935465197222441
                    ],
                    [
                        0.5483852877456488,
                        1.5090241708807846,
                        0.09355849456116243
                    ],
                    [
                        0.4854274783224171,
                        1.4574818227839317,
                        0.02492519134846692
                    ],
                    [
                        0.4597436589492836,
                        1.4642125980365779,
                        0.06980704170939715
                    ]
                ],
                [
                    [
                        0.1584766364924694,
                        1.4273895971825277,
                        0.04642019688959137
                    ],
                    [
                        0.15636445560462195,
                        1.4356738681039802,
                        0.09659950889926303
                    ],
                    [
                        0.09215702323374775,
                        1.3968023781192715,
                        0.09996447784328658
                    ],
                    [
                        0.09225687275989534,
                        1.3872998320623111,
                        0.049890627651463224
                    ],
                    [
                        0.1556452025557016,
                        1.4245542776087299,
                        0.04656858605440395
                    ],
                    [
                        0.15361906521419708,
                        1.4329247101559144,
                        0.09674338871289014
                    ],
                    [
                        0.08942543882312755,
                        1.384464512488513,
                        0.0500390168162758
                    ],
                    [
                        0.08941163284332285,
                        1.3940532201712055,
                        0.10010835765691369
                    ]
                ],
                [
                    [
                        -0.25321501868141555,
                        1.9410482692475477,
                        0.17354519752419106
