{
    "Pruning Time": 152.253267288208,
    "Cut Data": [
        {
            "Rule": [
                "Spacing",
                "Spacing",
                "Spacing",
                "Spacing",
                "Spacing",
                "Spacing"
            ],
            "Sequence": [
                1,
                2,
                3,
                4,
                5,
                6
            ],
            "Vertices": [
                [
                    [
                        0.21638471028502906,
                        2.2293844804083123,
                        0.16271839760258142
                    ],
                    [
                        0.2119179208535866,
                        2.2368704352743913,
                        0.21238262089394302
                    ],
                    [
                        0.32804328234076646,
                        2.2487175786381646,
                        0.20942879629965627
                    ],
                    [
                        0.3371447856183673,
                        2.2417044586350507,
                        0.15964668203623708
                    ],
                    [
                        0.21638471028502906,
                        2.2267664850351307,
                        0.16337113716042959
                    ],
                    [
                        0.2119179208535866,
                        2.2343529173095895,
                        0.21301030862022893
                    ],
                    [
                        0.3371447856183673,
                        2.2390864632618688,
                        0.16029942159408522
                    ],
                    [
                        0.32804328234076646,
                        2.2462000606733628,
                        0.21005648402594218
                    ]
                ],
                [
                    [
                        0.6022623502434223,
                        1.739406852680817,
                        -0.03645558968633832
                    ],
                    [
                        0.5997475025242953,
                        1.7513724655189378,
                        0.014346432599225424
                    ],
                    [
                        0.5097610993741505,
                        1.7551172847681724,
                        0.033219066616991526
                    ],
                    [
                        0.5096478692795338,
                        1.7432610404128543,
                        -0.017031775167821776
                    ],
                    [
                        0.6022623502434223,
                        1.7357714777378297,
                        -0.03613753559116051
                    ],
                    [
                        0.5997475025242953,
                        1.7478402499105694,
                        0.014655461422086827
                    ],
                    [
                        0.5096478692795338,
                        1.7396256654698674,
                        -0.016713721072644353
                    ],
                    [
                        0.5097610993741505,
                        1.7515850691598045,
                        0.033528095439852926
                    ]
                ],
                [
                    [
                        0.8455193819631184,
                        1.6093044017371094,
                        0.04437392163126797
                    ],
                    [
                        0.8341254764108508,
                        1.6223477141150267,
                        0.09673099466699628
                    ],
                    [
                        0.795796867321496,
                        1.5810853467522454,
                        0.1049343957264688
                    ],
                    [
                        0.8060662346681443,
                        1.5668314214756038,
                        0.05281800551556956
                    ],
                    [
                        0.8401525935443167,
                        1.6093374274658039,
                        0.045319654763017705
                    ],
                    [
                        0.8289116582626666,
                        1.6223797985070665,
                        0.09764977144388232
                    ],
                    [
                        0.8006994462493426,
                        1.5668644472042985,
                        0.05376373864731929
                    ],
                    [
                        0.7905830491733117,
                        1.5811174311442855,
                        0.10585317250335485
                    ]
                ],
                [
                    [
                        -0.9146867725647533,
                        1.6997173645012476,
                        0.014035452019718536
                    ],
                    [
                        -0.9178362361267589,
                        1.712197412764029,
                        0.07120761144143459
                    ],
                    [
                        -0.8833750381917155,
                        1.7908450083206828,
                        0.09085418170911935
                    ],
                    [
                        -0.8789862419042072,
                        1.781193374181496,
                        0.03438857455301301
                    ],
                    [
                        -0.9113014123196993,
                        1.7010803315274445,
                        0.016187674881344913
                    ],
                    [
                        -0.9145683976008976,
                        1.7135130648173642,
                        0.0732851205613984
                    ],
                    [
                        -0.8756008816591534,
                        1.7825563412076928,
                        0.036540797414639704
                    ],
                    [
                        -0.8801071996658542,
                        1.7921606603740183,
                        0.09293169082908347
                    ]
                ],
                [
                    [
                        -0.8027633208512089,
                        2.3211376863987,
                        0.14420041784833518
                    ],
                    [
                        -0.8107622404755023,
                        2.3107992893931564,
                        0.20406967404905887
                    ],
                    [
                        -0.8092753239276281,
                        2.2642346860247033,
                        0.20666194931145898
                    ],
                    [
                        -0.8012153007793524,
                        2.2726595517276853,
                        0.14689922037609618
                    ],
                    [
                        -0.8063431172673775,
                        2.3210565538993198,
                        0.1418770870466183
                    ],
                    [
                        -0.8142007349924616,
                        2.3107213593597598,
                        0.20183804987437004
                    ],
                    [
                        -0.804795097195521,
                        2.2725784192283056,
                        0.1445758895743796
                    ],
                    [
                        -0.8127138184445875,
                        2.2641567559913067,
                        0.20443032513677042
                    ]
                ],
                [
                    [
                        -0.05240333611365602,
                        1.481696293605714,
                        0.21473779490556708
                    ],
                    [
                        -0.02303068111760568,
