{
    "Pruning Time": 127.90112543106079,
    "Cut Data": [
        {
            "Rule": [
                "Spacing",
                "Vigor",
                "Vigor",
                "Vigor",
                "Spacing",
                "Vigor",
                "Vigor",
                "Spacing"
            ],
            "Sequence": [
                1,
                2,
                3,
                4,
                5,
                6,
                7,
                8
            ],
            "Vertices": [
                [
                    [
                        0.4380525077434616,
                        2.093433877356847,
                        -0.08422660971585232
                    ],
                    [
                        0.4408400530277452,
                        2.088953006673121,
                        -0.03187691381676378
                    ],
                    [
                        0.48360627975467635,
                        2.088953006673121,
                        -0.03187691381676378
                    ],
                    [
                        0.48283382744698333,
                        2.093433877356847,
                        -0.08422660971585232
                    ],
                    [
                        0.4380525077434616,
                        2.0911915963523655,
                        -0.08370893835635262
                    ],
                    [
                        0.4408400530277452,
                        2.0868116249885698,
                        -0.03138253690074211
                    ],
                    [
                        0.48283382744698333,
                        2.0911915963523655,
                        -0.08370893835635262
                    ],
                    [
                        0.48360627975467635,
                        2.0868116249885698,
                        -0.03138253690074211
                    ]
                ],
                [
                    [
                        0.6223619495908461,
                        2.050764600012137,
                        -0.040464497782735025
                    ],
                    [
                        0.5925648742214629,
                        2.0492666243149396,
                        0.002059451825420719
                    ],
                    [
                        0.6104106824952497,
                        2.0273002472995274,
                        0.016063722304690196
                    ],
                    [
                        0.6408718475070025,
                        2.027980796112354,
                        -0.025939091424857827
                    ],
                    [
                        0.6223619495908461,
                        2.0479522746985577,
                        -0.03981522132473244
                    ],
                    [
                        0.5925648742214629,
                        2.0465551983212906,
                        0.0026854338399451673
                    ],
                    [
                        0.6408718475070025,
                        2.0251684707987745,
                        -0.02528981496685509
                    ],
                    [
                        0.6104106824952497,
                        2.024588821305879,
                        0.016689704319214793
                    ]
                ],
                [
                    [
                        0.937137635860364,
                        2.0430524244898804,
                        -0.05793922237404012
                    ],
                    [
                        0.8790427131304309,
                        2.0413257394381517,
                        0.003068821731222311
                    ],
                    [
                        0.8772678615384055,
                        2.0184474771383862,
                        0.007462261574360932
                    ],
                    [
                        0.9352679446458986,
                        2.0189516567320016,
                        -0.05331101801435932
                    ],
                    [
                        0.937137635860364,
                        2.0399276109710165,
                        -0.05721780232933539
                    ],
                    [
                        0.8790427131304309,
                        2.0383594313088578,
                        0.0037536479233533744
                    ],
                    [
                        0.9352679446458986,
                        2.0158268432131377,
                        -0.05258959796965442
                    ],
                    [
                        0.8772678615384055,
                        2.0154811690090924,
                        0.008147087766492159
                    ]
                ],
                [
                    [
                        0.35097617208264026,
                        1.4037544346977575,
                        0.07728407258324307
                    ],
                    [
                        0.3150271305614514,
                        1.423147847022507,
                        0.10848276099367547
                    ],
                    [
                        0.32583075069178974,
                        1.4070149481191985,
                        0.12329513389989971
                    ],
                    [
                        0.3621597617885703,
                        1.387054132398606,
                        0.0926174052213703
                    ],
                    [
                        0.35097617208264026,
                        1.4007846795694627,
                        0.07796969457779844
                    ],
                    [
                        0.3150271305614514,
                        1.4202789912141423,
                        0.1091450885447527
                    ],
                    [
                        0.3621597617885703,
                        1.3840843772703113,
                        0.0933030272159255
                    ],
                    [
                        0.32583075069178974,
                        1.404146092310834,
                        0.12395746145097679
                    ]
                ],
                [
                    [
                        0.4672115421884572,
                        1.4209846438052025,
                        -0.02958399499097021
                    ],
                    [
                        0.43107251587947415,
                        1.438020569747341,
                        0.001963979868084082
                    ],
                    [
                        0.44902292359476814,
                        1.4271043206814946,
                        0.022906771718564607
                    ],
                    [
                        0.4857319042671385,
                        1.4097217862452438,
                        -0.007976235760025931
                    ],
                    [
                        0.4672115421884572,
                        1.41770597439122,
                        -0.028827054514065305
                    ],
                    [
                        0.43107251587947415,
                        1.4348427996532889,
                        0.0026976259015108477
                    ],
                    [
                        0.4857319042671385,
                        1.406443116831261,
                        -0.007219295283121026
                    ],
                    [
                        0.44902292359476814,
                        1.4239265505874423,
                        0.023640417751991372
                    ]
                ],
                [
                    [
                        0.6046427086080407,
                        1.356287423163478,
                        -0.05058122353103446
