{
    "Pruning Time": 164.9885835647583,
    "Cut Data": [
        {
            "Rule": [
                "Canopy",
                "Spacing",
                "Canopy",
                "Vigor",
                "Canopy",
                "Vigor",
                "Spacing"
            ],
            "Sequence": [
                1,
                2,
                3,
                4,
                5,
                6,
                7
            ],
            "Vertices": [
                [
                    [
                        -0.20285915143237412,
                        1.4924492896064416,
                        -0.048767257040881
                    ],
                    [
                        -0.1963100992584549,
                        1.499149802851734,
                        0.0012327429591180341
                    ],
                    [
                        -0.1640951086109136,
                        1.5028016246180662,
                        0.0012327429591180341
                    ],
                    [
                        -0.1695694445306512,
                        1.4962229388863244,
                        -0.048767257040881
                    ],
                    [
                        -0.20285915143237412,
                        1.4892416877185413,
                        -0.048767257040881
                    ],
                    [
                        -0.1963100992584549,
                        1.496045754350352,
                        0.0012327429591180341
                    ],
                    [
                        -0.1695694445306512,
                        1.493015336998424,
                        -0.048767257040881
                    ],
                    [
                        -0.1640951086109136,
                        1.4996975761166838,
                        0.0012327429591180341
                    ]
                ],
                [
                    [
                        -0.4461518415961645,
                        1.9066373160411154,
                        0.04559807175519663
                    ],
                    [
                        -0.43000042692401147,
                        1.8995713202551705,
                        0.09532376416560796
                    ],
                    [
                        -0.3882697795983295,
                        1.8634420295193206,
                        0.09459535300704165
                    ],
                    [
                        -0.40294368448715784,
                        1.8692288364129823,
                        0.04484387056743032
                    ],
                    [
                        -0.4492878212213826,
                        1.904446774472883,
                        0.04565281048316832
                    ],
                    [
                        -0.4330291712287118,
                        1.8974556846031907,
                        0.09537663109409741
                    ],
                    [
                        -0.40607966411237606,
                        1.86703829484475,
                        0.04489860929540201
                    ],
                    [
                        -0.3912985239030299,
                        1.8613263938673408,
                        0.09464821993553112
                    ]
                ],
                [
                    [
                        -0.2890575692556961,
                        2.089593186162433,
                        0.09492677591862693
                    ],
                    [
                        -0.32871131413890364,
                        2.077709524120691,
                        0.1285582226570389
                    ],
                    [
                        -0.32082093493731245,
                        2.0580410674377707,
                        0.14003840325829917
                    ],
                    [
                        -0.2807397242815643,
                        2.0688591796731166,
                        0.10702890182115148
                    ],
                    [
                        -0.2890575692556961,
                        2.0876088043366945,
                        0.09527667597453206
                    ],
                    [
                        -0.32871131413890364,
                        2.0758271224728464,
                        0.1288901408560839
                    ],
                    [
                        -0.2807397242815643,
                        2.0668747978473783,
                        0.1073788018770566
                    ],
                    [
                        -0.32082093493731245,
                        2.0561586657899262,
                        0.14037032145734418
                    ]
                ],
                [
                    [
                        0.06668276872547617,
                        1.7900890091348798,
                        0.02938589644111993
                    ],
                    [
                        0.10104427695318673,
                        1.794086379516967,
                        0.06608764419674866
                    ],
                    [
                        0.10104427695318673,
                        1.7586527846905216,
                        0.07233554298814289
                    ],
                    [
                        0.06668276872547617,
                        1.7530957174700594,
                        0.03590881186684537
                    ],
                    [
                        0.06370222151405454,
                        1.7904650432748348,
                        0.031518492022600764
                    ],
                    [
                        0.09818939441914504,
                        1.7944465594511236,
                        0.06813032610912144
                    ],
                    [
                        0.06370222151405454,
                        1.7534717516100142,
                        0.0380414074483262
                    ],
                    [
                        0.09818939441914504,
                        1.7590129646246784,
                        0.07437822490051568
                    ]
                ],
                [
                    [
                        0.6010082963276323,
                        1.3857864840179939,
                        -0.11498110979335972
                    ],
                    [
                        0.5643138884009059,
                        1.4021121250733573,
                        -0.0785199336081504
                    ],
                    [
                        0.593390524373073,
                        1.392971135074222,
                        -0.06437543086322949
                    ],
                    [
                        0.6310123837323542,
                        1.3763539257549862,
                        -0.10038544277530527
                    ],
                    [
                        0.6010082963276323,
                        1.3824873116153542,
                        -0.11439937668476563
                    ],
                    [
                        0.5643138884009059,
                        1.3989149328486112,
                        -0.07795618235641642
                    ],
                    [
                        0.6310123837323542,
                        1.3730547533523463,
                        -0.099803709666711
                    ],
                    [
                        0.593390524373073,
                        1.389773942849476,
                        -0.0638116796114955
                    ]
                ],
                [
                    [
                        0.08965979088250683,
                        1.6249618683695386,
                        0.01537786057109906
                    ],
                    [
