{
    "Pruning Time": 149.21965909004211,
    "Cut Data": [
        {
            "Rule": [
                "Canopy",
                "Vigor",
                "Canopy",
                "Canopy",
                "Spacing",
                "Spacing",
                "Canopy",
                "Vigor",
                "Vigor"
            ],
            "Sequence": [
                1,
                2,
                3,
                4,
                5,
                6,
                7,
                8,
                9
            ],
            "Vertices": [
                [
                    [
                        -0.4629195012312759,
                        1.7259237067621551,
                        0.730345831173131
                    ],
                    [
                        0.2466568034439755,
                        1.4030411274271934,
                        -0.40686922788472557
                    ],
                    [
                        0.2412101193625629,
                        1.3578169704141019,
                        -0.41068303713677745
                    ],
                    [
                        -0.4654201877141443,
                        1.7051603512138334,
                        0.7285948316471275
                    ],
                    [
                        -0.4629195012312759,
                        1.7235705264666785,
                        0.730345831173131
                    ],
                    [
                        0.2466568034439755,
                        1.3979157229657098,
                        -0.40686922788472557
                    ],
                    [
                        -0.4654201877141443,
                        1.7028071709183572,
                        0.7285948316471275
                    ],
                    [
                        0.2412101193625629,
                        1.3526915659526184,
                        -0.41068303713677745
                    ]
                ],
                [
                    [
                        0.19434176526266167,
                        1.630692630906821,
                        0.007732550626182971
                    ],
                    [
                        0.16442494279670514,
                        1.6394642118824767,
                        0.047823295454310064
                    ],
                    [
                        0.1915637092715397,
                        1.609419562872683,
                        0.06682606431770241
                    ],
                    [
                        0.22214079874997883,
                        1.5999170168157228,
                        0.027197643428946847
                    ],
                    [
                        0.19434176526266167,
                        1.6263327522439153,
                        0.007732550626182971
                    ],
                    [
                        0.16442494279670514,
                        1.635207886606089,
                        0.047823295454310064
                    ],
                    [
                        0.22214079874997883,
                        1.595557138152817,
                        0.027197643428946847
                    ],
                    [
                        0.1915637092715397,
                        1.6051632375962954,
                        0.06682606431770241
                    ]
                ],
                [
                    [
                        -0.4640182831517567,
                        1.6747971999595792,
                        0.03412470333135399
                    ],
                    [
                        -0.4953674926849679,
                        1.6863890467144536,
                        0.08583842137042261
                    ],
                    [
                        -0.45461225557839235,
                        1.6941325270424918,
                        0.1265936584769981
                    ],
                    [
                        -0.42175663034748767,
                        1.6828268987260095,
                        0.07638635613562307
                    ],
                    [
                        -0.4640182831517567,
                        1.6713845779838463,
                        0.03412470333135399
                    ],
                    [
                        -0.4953674926849679,
                        1.6830980675750373,
                        0.08583842137042261
                    ],
                    [
                        -0.42175663034748767,
                        1.6794142767502767,
                        0.07638635613562307
                    ],
                    [
                        -0.45461225557839235,
                        1.6908415479030756,
                        0.1265936584769981
                    ]
                ],
                [
                    [
                        -0.7993252862666965,
                        1.6723866914599375,
                        0.037980229135456074
                    ],
                    [
                        -0.818650658855752,
                        1.6840212190040362,
                        0.0893655346650539
                    ],
                    [
                        -0.8379996917541521,
                        1.6658234881613367,
                        0.07001650176665361
                    ],
                    [
                        -0.8193867621193309,
                        1.6535189092927087,
                        0.01791875328282151
                    ],
                    [
                        -0.7993252862666965,
                        1.6694707614886384,
                        0.037980229135456074
                    ],
                    [
                        -0.818650658855752,
                        1.6812088424192553,
                        0.0893655346650539
                    ],
                    [
                        -0.8193867621193309,
                        1.6506029793214096,
                        0.01791875328282151
                    ],
                    [
                        -0.8379996917541521,
                        1.6630111115765558,
                        0.07001650176665361
                    ]
                ],
                [
                    [
                        0.53987544133728,
                        1.6889603736117513,
                        -0.025967264655127137
                    ],
                    [
                        0.5687475495130743,
                        1.6984629196687113,
                        0.01587130528773048
                    ],
                    [
                        0.6019050862740146,
                        1.7081275696793294,
                        -0.017286231473209894
                    ],
                    [
                        0.5740778944310974,
                        1.6989295924062464,
                        -0.06016971774894442
                    ],
                    [
                        0.53987544133728,
                        1.6855708392216229,
                        -0.025967264655127137
                    ],
                    [
                        0.5687475495130743,
                        1.695176938665101,
                        0.01587130528773048
                    ],
                    [
                        0.5740778944310974,
                        1.695540058016118,
                        -0.06016971774894442
                    ],
                    [
                        0.6019050862740146,
                        1.704841588675719,
                        -0.017286231473209894
                    ]
                ],
                [
                    [
                        -0.24033451158648164,
                        2.222668874059108,
