{
    "Pruning Time": 152.8229160308838,
    "Cut Data": [
        {
            "Rule": [
                "Vigor",
                "Vigor",
                "Vigor",
                "Vigor",
                "Vigor",
                "Spacing",
                "Vigor",
                "Vigor",
                "Vigor"
            ],
            "Sequence": [
                1,
                2,
                3,
                4,
                5,
                6,
                7,
                8,
                9
            ],
            "Vertices": [
                [
                    [
                        -0.37461622657285365,
                        1.2846679454757914,
                        0.04505772694614967
                    ],
                    [
                        -0.3632981210210039,
                        1.2972161793715205,
                        0.09505772694614671
                    ],
                    [
                        -0.3093963226499351,
                        1.3050372244322677,
                        0.09505772694614671
                    ],
                    [
                        -0.3190351840546261,
                        1.2927326455636403,
                        0.04505772694614967
                    ],
                    [
                        -0.37461622657285365,
                        1.281240447938456,
                        0.04505772694614967
                    ],
                    [
                        -0.3632981210210039,
                        1.2938922352207032,
                        0.09505772694614671
                    ],
                    [
                        -0.3190351840546261,
                        1.2893051480263047,
                        0.04505772694614967
                    ],
                    [
                        -0.3093963226499351,
                        1.3017132802814502,
                        0.09505772694614671
                    ]
                ],
                [
                    [
                        -0.5330634870134812,
                        1.269830014212799,
                        0.05681712151626656
                    ],
                    [
                        -0.5044738400474899,
                        1.2817691105407751,
                        0.10036097709104914
                    ],
                    [
                        -0.4617206622868896,
                        1.294572096952792,
                        0.08729001891977767
                    ],
                    [
                        -0.48908984868797406,
                        1.2829984831654686,
                        0.04337303110479272
                    ],
                    [
                        -0.5330634870134812,
                        1.2660989480095428,
                        0.05681712151626656
                    ],
                    [
                        -0.5044738400474899,
                        1.278141597724037,
                        0.10036097709104914
                    ],
                    [
                        -0.48908984868797406,
                        1.2792674169622122,
                        0.04337303110479272
                    ],
                    [
                        -0.4617206622868896,
                        1.290944584136054,
                        0.08729001891977767
                    ]
                ],
                [
                    [
                        0.17554329074726013,
                        1.352657068647799,
                        -0.04938598529571619
                    ],
                    [
                        0.2074076593308399,
                        1.3634388035970426,
                        -0.010539675760640261
                    ],
                    [
                        0.1762723257463427,
                        1.342522571052226,
                        0.020595657823856955
                    ],
                    [
                        0.14341053702683487,
                        1.331070784778453,
                        -0.01725323157529095
                    ],
                    [
                        0.17554329074726013,
                        1.3493210065952637,
                        -0.04938598529571619
                    ],
                    [
                        0.2074076593308399,
                        1.3602062949310254,
                        -0.010539675760640261
                    ],
                    [
                        0.14341053702683487,
                        1.327734722725918,
                        -0.01725323157529095
                    ],
                    [
                        0.1762723257463427,
                        1.339290062386209,
                        0.020595657823856955
                    ]
                ],
                [
                    [
                        0.5494874607005262,
                        1.3534351075788964,
                        0.01767173755477533
                    ],
                    [
                        0.5746073693173537,
                        1.366775220312706,
                        0.06326250705660094
                    ],
                    [
                        0.5864715192537981,
                        1.362210497303291,
                        0.051398357120156495
                    ],
                    [
                        0.5618265726064602,
                        1.3486876432991552,
                        0.005332625648841359
                    ],
                    [
                        0.5494874607005262,
                        1.3507448778203763,
                        0.01767173755477533
                    ],
                    [
                        0.5746073693173537,
                        1.3641885439407042,
                        0.06326250705660094
                    ],
                    [
                        0.5618265726064602,
                        1.3459974135406352,
                        0.005332625648841359
                    ],
                    [
                        0.5864715192537981,
                        1.359623820931289,
                        0.051398357120156495
                    ]
                ],
                [
                    [
                        0.647758895841348,
                        1.3810340150635716,
                        0.05793566592260566
                    ],
                    [
                        0.670836467989371,
                        1.3943132140406056,
                        0.10556877189323703
                    ],
                    [
                        0.6916103291611825,
                        1.3943132140406056,
                        0.08479491072142556
                    ],
                    [
                        0.6694351847551896,
                        1.3810340150635716,
                        0.0362593770087641
                    ],
                    [
                        0.647758895841348,
                        1.3785466656397554,
                        0.05793566592260566
                    ],
                    [
                        0.670836467989371,
                        1.3919294180033077,
                        0.10556877189323703
                    ],
                    [
                        0.6694351847551896,
                        1.3785466656397554,
                        0.0362593770087641
                    ],
                    [
                        0.6916103291611825,
                        1.3919294180033077,
                        0.08479491072142556
                    ]
                ],
                [
                    [
                        0.4153716802355011,
                        1.3892210647043874,
