{
    "Pruning Time": 146.92686939239502,
    "Cut Data": [
        {
            "Rule": [
                "Canopy",
                "Spacing",
                "Spacing",
                "Vigor",
                "Vigor",
                "Vigor",
                "Vigor",
                "Spacing",
                "Canopy",
                "Spacing",
                "Spacing"
            ],
            "Sequence": [
                1,
                2,
                3,
                4,
                5,
                6,
                7,
                8,
                9,
                10,
                11
            ],
            "Vertices": [
                [
                    [
                        0.1530858232482186,
                        1.787798711835233,
                        0.15036617409468866
                    ],
                    [
                        0.1515745035157757,
                        1.796741858412611,
                        0.19996610094266062
                    ],
                    [
                        0.22034050820347675,
                        1.8050453067073575,
                        0.19953093565714172
                    ],
                    [
                        0.22386692091251012,
                        1.7963454812363344,
                        0.149918256890333
                    ],
                    [
                        0.1530858232482186,
                        1.7841663348397647,
                        0.15055653890654008
                    ],
                    [
                        0.1515745035157757,
                        1.7932128928873436,
                        0.20015104618900642
                    ],
                    [
                        0.22386692091251012,
                        1.7927131042408664,
                        0.15010862170218403
                    ],
                    [
                        0.22034050820347675,
                        1.8015163411820903,
                        0.19971588090348713
                    ]
                ],
                [
                    [
                        0.257165083235244,
                        2.31023180294137,
                        0.12467464643123025
                    ],
                    [
                        0.2944915144679528,
                        2.302854457937283,
                        0.15849133832345255
                    ],
                    [
                        0.3096392329458334,
                        2.197300131839228,
                        0.1488546997592584
                    ],
                    [
                        0.27278776368261415,
                        2.20136778431867,
                        0.11473584772071492
                    ],
                    [
                        0.2535523383817896,
                        2.3104208793979377,
                        0.12828244014342247
                    ],
                    [
                        0.2909886045699428,
                        2.3030377860764286,
                        0.1619894476051895
                    ],
                    [
                        0.2691750188291599,
                        2.2015568607752374,
                        0.11834364143290697
                    ],
                    [
                        0.3061363230478236,
                        2.1974834599783732,
                        0.15235280904099516
                    ]
                ],
                [
                    [
                        0.5416260320762495,
                        2.3167706431387605,
                        -0.0020509566018706146
                    ],
                    [
                        0.572397988130003,
                        2.3086413878822367,
                        0.03836861142363796
                    ],
                    [
                        0.5611301892217886,
                        2.265937738507395,
                        0.0518898770816067
                    ],
                    [
                        0.5299782635924435,
                        2.27262695319687,
                        0.01192626940961264
                    ],
                    [
                        0.5382590989988993,
                        2.3169468548009697,
                        0.0013113622107133222
                    ],
                    [
                        0.5691408900080972,
                        2.308811851227024,
                        0.04162124580576662
                    ],
                    [
                        0.5266113305150932,
                        2.272803164859079,
                        0.015288588222196578
                    ],
                    [
                        0.5578730910998828,
                        2.2661082018521816,
                        0.055142511463735354
                    ]
                ],
                [
                    [
                        -0.4950633098906633,
                        1.7063917002138655,
                        0.025033360356363037
                    ],
                    [
                        -0.4845579084756321,
                        1.717171126249864,
                        0.07591852129165
                    ],
                    [
                        -0.37965072198333943,
                        1.7199193141410483,
                        0.08681581622455017
                    ],
                    [
                        -0.38721684407161805,
                        1.7092168865655433,
                        0.0362359746366289
                    ],
                    [
                        -0.4950633098906633,
                        1.7025973818294882,
                        0.0252322121567808
                    ],
                    [
                        -0.4845579084756321,
                        1.7134802193356875,
                        0.07611195352656215
                    ],
                    [
                        -0.38721684407161805,
                        1.7054225681811657,
                        0.03643482643704707
                    ],
                    [
                        -0.37965072198333943,
                        1.7162284072268719,
                        0.08700924845946272
                    ]
                ],
                [
                    [
                        -0.1457177485882246,
                        1.5129369050424337,
                        0.1359159374209066
                    ],
                    [
                        -0.14469638797413545,
                        1.5295942930293656,
                        0.1855845002503182
                    ],
                    [
                        -0.11480619182620057,
                        1.6051323564992062,
                        0.1847716156438519
                    ],
                    [
                        -0.11495758285367555,
                        1.5906735428382923,
                        0.13507939338840133
                    ],
                    [
                        -0.1511895088390819,
                        1.5129068063630695,
                        0.1353416204058404
                    ],
                    [
                        -0.15001339401968156,
                        1.529565045611203,
                        0.1850264262665963
                    ],
                    [
                        -0.12042934310453281,
                        1.590643444158928,
                        0.13450507637333475
                    ],
                    [
                        -0.12012319787174666,
                        1.6051031090810437,
                        0.18421354166012963
                    ]
                ],
                [
                    [
