{
    "Pruning Time": 140.28279972076416,
    "Cut Data": [
        {
            "Rule": [
                "Canopy",
                "Canopy",
                "Vigor",
                "Canopy",
                "Vigor",
                "Canopy",
                "Canopy",
                "Vigor"
            ],
            "Sequence": [
                1,
                2,
                3,
                4,
                5,
                6,
                7,
                8
            ],
            "Vertices": [
                [
                    [
                        -0.265020668864356,
                        1.3684596422992272,
                        0.012619421846354681
                    ],
                    [
                        -0.2881334902952455,
                        1.3808860486814056,
                        0.05763037300960709
                    ],
                    [
                        -0.25743235756593713,
                        1.3668074920055857,
                        0.0799360515953869
                    ],
                    [
                        -0.23312402352862224,
                        1.3538328618124285,
                        0.035793691183469055
                    ],
                    [
                        -0.265020668864356,
                        1.365696805985054,
                        0.012619421846354681
                    ],
                    [
                        -0.2881334902952455,
                        1.378226765753751,
                        0.05763037300960709
                    ],
                    [
                        -0.23312402352862224,
                        1.3510700254982555,
                        0.035793691183469055
                    ],
                    [
                        -0.25743235756593713,
                        1.3641482090779307,
                        0.0799360515953869
                    ]
                ],
                [
                    [
                        -0.3225327548500876,
                        2.005342898677979,
                        0.17882673768570911
                    ],
                    [
                        -0.3465150399947409,
                        1.9922464409712715,
                        0.22320598648435439
                    ],
                    [
                        -0.3234751465449201,
                        2.007198584462825,
                        0.23994544891636144
                    ],
                    [
                        -0.2984603732401721,
                        2.0209650934940617,
                        0.19631634667568693
                    ],
                    [
                        -0.3225327548500876,
                        2.00292855947913,
                        0.17882673768570911
                    ],
                    [
                        -0.3465150399947409,
                        1.9899356551589407,
                        0.22320598648435439
                    ],
                    [
                        -0.2984603732401721,
                        2.018550754295213,
                        0.19631634667568693
                    ],
                    [
                        -0.3234751465449201,
                        2.0048877986504943,
                        0.23994544891636144
                    ]
                ],
                [
                    [
                        -0.20195153137537447,
                        1.5031245380957672,
                        -0.06033075768783168
                    ],
                    [
                        -0.22571645059158738,
                        1.510007792611386,
                        -0.01579358329803358
                    ],
                    [
                        -0.1912178661420733,
                        1.5083264456433454,
                        0.009271105460522783
                    ],
                    [
                        -0.16620309283732476,
                        1.501382277370951,
                        -0.0343579967801528
                    ],
                    [
                        -0.20195153137537447,
                        1.50016269486358,
                        -0.06033075768783168
                    ],
                    [
                        -0.22571645059158738,
                        1.5071495027657165,
                        -0.01579358329803358
                    ],
                    [
                        -0.16620309283732476,
                        1.4984204341387635,
                        -0.0343579967801528
                    ],
                    [
                        -0.1912178661420733,
                        1.5054681557976757,
                        0.009271105460522783
                    ]
                ],
                [
                    [
                        0.6019132043770661,
                        1.3947381696104555,
                        -0.12827126443145997
                    ],
                    [
                        0.564019499812192,
                        1.4025351304777043,
                        -0.09399925346652717
                    ],
                    [
                        0.6013371520223592,
                        1.411830907650276,
                        -0.0668863920905276
                    ],
                    [
                        0.6402090032652175,
                        1.4042776018101286,
                        -0.10044773789527763
                    ],
                    [
                        0.6019132043770661,
                        1.3906839109255944,
                        -0.12827126443145997
                    ],
                    [
                        0.564019499812192,
                        1.3985844251793613,
                        -0.09399925346652717
                    ],
                    [
                        0.6402090032652175,
                        1.4002233431252675,
                        -0.10044773789527763
                    ],
                    [
                        0.6013371520223592,
                        1.407880202351933,
                        -0.0668863920905276
                    ]
                ],
                [
                    [
                        0.7997945195288393,
                        1.3965657100665057,
                        -0.06393965364612098
                    ],
                    [
                        0.7557236283293788,
                        1.4037535333660016,
                        -0.037299866726926235
                    ],
                    [
                        0.7909596711327688,
                        1.3485211412816969,
                        -0.002063823923536317
                    ],
                    [
                        0.8358854938773104,
                        1.3399932153331424,
                        -0.027848679297649902
                    ],
                    [
                        0.795157831852126,
                        1.3965657100665057,
                        -0.06857634132283436
                    ],
                    [
                        0.7511967756081099,
                        1.4037535333660016,
                        -0.04182671944819516
                    ],
                    [
                        0.831248806200597,
                        1.3399932153331424,
                        -0.03248536697436328
                    ],
                    [
                        0.7864328184114998,
                        1.3485211412816969,
                        -0.006590676644805236
                    ]
                ],
                [
                    [
                        0.09241030937151773,
                        1.6763403681531481,
