{
    "Pruning Time": 131.26731252670288,
    "Cut Data": [
        {
            "Rule": [
                "Vigor",
                "Vigor",
                "Canopy",
                "Spacing"
            ],
            "Sequence": [
                1,
                2,
                3,
                4
            ],
            "Vertices": [
                [
                    [
                        0.7642041586822816,
                        2.3449210985802513,
                        0.2270617539516989
                    ],
                    [
                        0.7538264298528402,
                        2.35101247425779,
                        0.27706175395169913
                    ],
                    [
                        0.8688286958055834,
                        2.35101247425779,
                        0.27706175395169913
                    ],
                    [
                        0.8839083082470696,
                        2.3449210985802513,
                        0.2270617539516989
                    ],
                    [
                        0.7642041586822816,
                        2.342284757256116,
                        0.2270617539516989
                    ],
                    [
                        0.7538264298528402,
                        2.3484796863201725,
                        0.27706175395169913
                    ],
                    [
                        0.8839083082470696,
                        2.342284757256116,
                        0.2270617539516989
                    ],
                    [
                        0.8688286958055834,
                        2.3484796863201725,
                        0.27706175395169913
                    ]
                ],
                [
                    [
                        0.3754543765990408,
                        2.809944242101867,
                        0.0626420814415715
                    ],
                    [
                        0.3797868264987105,
                        2.7991625071526243,
                        0.11264208144157048
                    ],
                    [
                        0.5941203916560485,
                        2.7873312215590174,
                        0.11264208144157048
                    ],
                    [
                        0.5975124648333091,
                        2.797686560210833,
                        0.0626420814415715
                    ],
                    [
                        0.3754543765990408,
                        2.806967376499759,
                        0.0626420814415715
                    ],
                    [
                        0.3797868264987105,
                        2.7962891949370343,
                        0.11264208144157048
                    ],
                    [
                        0.5975124648333091,
                        2.794709694608725,
                        0.0626420814415715
                    ],
                    [
                        0.5941203916560485,
                        2.7844579093434274,
                        0.11264208144157048
                    ]
                ],
                [
                    [
                        0.7473293781560805,
                        2.2334959356594353,
                        0.1412718283320833
                    ],
                    [
                        0.73822787487848,
                        2.2433030505002725,
                        0.19127182833208206
                    ],
                    [
                        0.847232511354242,
                        2.2353310955468646,
                        0.19127182833208206
                    ],
                    [
                        0.8604985401167963,
                        2.2252194119221507,
                        0.1412718283320833
                    ],
                    [
                        0.7473293781560805,
                        2.2306819175887584,
                        0.1412718283320833
                    ],
                    [
                        0.73822787487848,
                        2.2405925858161138,
                        0.19127182833208206
                    ],
                    [
                        0.8604985401167963,
                        2.222405393851474,
                        0.1412718283320833
                    ],
                    [
                        0.847232511354242,
                        2.2326206308627063,
                        0.19127182833208206
                    ]
                ],
                [
                    [
                        0.2531526500491398,
                        2.021472403193292,
                        0.012155029246906987
                    ],
                    [
                        0.26144811613610425,
                        2.037553634981994,
                        0.06215502924690661
                    ],
                    [
                        0.2884904349546835,
                        1.9920096747908265,
                        0.06215502924690661
                    ],
                    [
                        0.281135345590128,
                        1.9743446853259643,
                        0.012155029246906987
                    ],
                    [
                        0.24853050837495866,
                        2.021472403193292,
                        0.012155029246906987
                    ],
                    [
                        0.2569813045455353,
                        2.037553634981994,
                        0.06215502924690661
                    ],
                    [
                        0.2765132039159469,
                        1.9743446853259643,
                        0.012155029246906987
                    ],
                    [
                        0.28402362336411463,
                        1.9920096747908265,
                        0.06215502924690661
                    ]
                ]
            ],
            "Cut Time": [
                1.0443120002746582,
                1.270646095275879,
                0.9011988639831543,
                1.200510025024414
            ],
            "Rule Time": [
                6.939692974090576,
                2.4045586585998535,
                6.205974578857422,
                2.278327465057373
            ],
            "Between Time": [
                8.094399452209473,
                1.9659814834594727,
                22.214906692504883,
                6.1261444091796875
            ]
        }
    ],
    "Explanations": [
        {
            "Branch Num": 1,
            "Decision": "Branch Vigor",
            "Explanation": "Branch is vigorous and removed due to placement and shading."
        },
        {
            "Branch Num": 3,
            "Decision": "Branch Vigor",
            "Explanation": "Branch is vigorous and removed to prevent shading"
        },
        {
            "Branch Num": 2,
            "Decision": "Branch Vigor",
            "Explanation": "Branch is strong vigor and removed to prevent shading."
        },
        {
            "Branch Num": 3,
            "Decision": "Branch Vigor",
            "Explanation": "Branch is vigorous and removed to prevent shading"
        }
    ],
    "Reset Answer": ""
}