{
    "Pruning Time": 146.72935128211975,
    "Cut Data": [
        {
            "Rule": [
                "Vigor",
                "Vigor",
                "Vigor",
                "Canopy",
                "Vigor",
                "Canopy",
                "Canopy",
                "Vigor",
                "Vigor",
                "Spacing",
                "Spacing"
            ],
            "Sequence": [
                1,
                2,
                3,
                4,
                5,
                6,
                7,
                8,
                9,
                10,
                11
            ],
            "Vertices": [
                [
                    [
                        -0.5649317814627164,
                        1.3919572906088153,
                        0.1384765210808764
                    ],
                    [
                        -0.5624153351378871,
                        1.407771080917502,
                        0.19124268084906626
                    ],
                    [
                        -0.4973627323181175,
                        1.3790714039114655,
                        0.19124268084906626
                    ],
                    [
                        -0.497256403600167,
                        1.3621005069948264,
                        0.1384765210808764
                    ],
                    [
                        -0.5649317814627164,
                        1.3891374832674943,
                        0.1384765210808764
                    ],
                    [
                        -0.5624153351378871,
                        1.405060555866932,
                        0.19124268084906626
                    ],
                    [
                        -0.497256403600167,
                        1.359280699653505,
                        0.1384765210808764
                    ],
                    [
                        -0.4973627323181175,
                        1.3763608788608954,
                        0.19124268084906626
                    ]
                ],
                [
                    [
                        -0.6165821505046635,
                        1.4968621408674274,
                        -0.0359595695026015
                    ],
                    [
                        -0.6127870587320846,
                        1.5067301694650401,
                        0.014040430497397753
                    ],
                    [
                        -0.5668737427880501,
                        1.5049198618691455,
                        0.014040430497397753
                    ],
                    [
                        -0.569123929945243,
                        1.4949909195147573,
                        -0.0359595695026015
                    ],
                    [
                        -0.6165821505046635,
                        1.4936810645678882,
                        -0.0359595695026015
                    ],
                    [
                        -0.6127870587320846,
                        1.5036526465520188,
                        0.014040430497397753
                    ],
                    [
                        -0.569123929945243,
                        1.491809843215218,
                        -0.0359595695026015
                    ],
                    [
                        -0.5668737427880501,
                        1.5018423389561242,
                        0.014040430497397753
                    ]
                ],
                [
                    [
                        -0.7082340057536726,
                        2.034753848978483,
                        0.10765358790126878
                    ],
                    [
                        -0.7275520792113888,
                        2.023911200272464,
                        0.1539268497210784
                    ],
                    [
                        -0.7102490083971809,
                        1.9836575013470772,
                        0.16274320465532158
                    ],
                    [
                        -0.6900930531446035,
                        1.9925509098362837,
                        0.11689686493366183
                    ],
                    [
                        -0.7112305023899921,
                        2.034753848978483,
                        0.10612679660573952
                    ],
                    [
                        -0.730410175729807,
                        2.023911200272464,
                        0.15247057680783282
                    ],
                    [
                        -0.6930895497809229,
                        1.9925509098362837,
                        0.11537007363813258
                    ],
                    [
                        -0.713107104915599,
                        1.9836575013470772,
                        0.161286931742076
                    ]
                ],
                [
                    [
                        -0.7599508302886552,
                        2.1400291196624894,
                        0.09247621022581544
                    ],
                    [
                        -0.748589784715219,
                        2.1260150214536937,
                        0.1409443553242894
                    ],
                    [
                        -0.809213154750744,
                        2.1408853993727064,
                        0.1462337441323109
                    ],
                    [
                        -0.8225173784918455,
                        2.155376142045514,
                        0.09793514132167115
                    ],
                    [
                        -0.7599508302886552,
                        2.1367030245096683,
                        0.09224362699555773
                    ],
                    [
                        -0.748589784715219,
                        2.122792227436545,
                        0.14071899561311943
                    ],
                    [
                        -0.8225173784918455,
                        2.1520500468926924,
                        0.09770255809141344
                    ],
                    [
                        -0.809213154750744,
                        2.1376626053555583,
                        0.14600838442114097
                    ]
                ],
                [
                    [
                        -0.7409308544159978,
                        2.1981800838358243,
                        0.10337945787756717
                    ],
                    [
                        -0.7301058579922625,
                        2.182279644269164,
                        0.15175327287934728
                    ],
                    [
                        -0.6989123791707301,
                        2.1843176815208634,
                        0.14970919938366753
                    ],
                    [
                        -0.7087322834387766,
                        2.200283789148031,
                        0.10126952182619385
                    ],
                    [
                        -0.7409308544159978,
                        2.194870786344869,
                        0.10314804925425222
                    ],
                    [
                        -0.7301058579922625,
                        2.179073647913882,
                        0.15152908777512009
                    ],
                    [
                        -0.7087322834387766,
                        2.1969744916570755,
                        0.10103811320287853
                    ],
                    [
                        -0.6989123791707301,
                        2.181111685165581,
                        0.14948501427944
                    ]
                ],
                [
                    [
