{
    "Pruning Time": 137.3022222518921,
    "Cut Data": [
        {
            "Rule": [
                "Spacing",
                "Spacing",
                "Vigor",
                "Vigor",
                "Vigor",
                "Vigor"
            ],
            "Sequence": [
                1,
                2,
                3,
                4,
                5,
                6
            ],
            "Vertices": [
                [
                    [
                        0.5587746409730998,
                        1.3910376003192462,
                        0.01692150131690051
                    ],
                    [
                        0.5567931328794525,
                        1.4014538527278368,
                        0.06692150131689864
                    ],
                    [
                        0.6241748159567689,
                        1.4031997366300133,
                        0.06692150131689864
                    ],
                    [
                        0.6285072658564386,
                        1.392844397978198,
                        0.01692150131690051
                    ],
                    [
                        0.5587746409730998,
                        1.387966044299028,
                        0.01692150131690051
                    ],
                    [
                        0.5567931328794525,
                        1.3984858500941368,
                        0.06692150131689864
                    ],
                    [
                        0.6285072658564386,
                        1.3897728419579798,
                        0.01692150131690051
                    ],
                    [
                        0.6241748159567689,
                        1.4002317339963133,
                        0.06692150131689864
                    ]
                ],
                [
                    [
                        0.3216864637117147,
                        1.424977245313041,
                        0.08191551681891802
                    ],
                    [
                        0.3144874809845531,
                        1.4310069901950935,
                        0.13213476042366926
                    ],
                    [
                        0.2946821747671849,
                        1.4015746542160707,
                        0.1252781784616674
                    ],
                    [
                        0.3012323473781923,
                        1.3945807234175949,
                        0.07483431728774745
                    ],
                    [
                        0.3216864637117147,
                        1.4217171385590843,
                        0.08174466186371775
                    ],
                    [
                        0.3144874809845531,
                        1.4278502949113379,
                        0.1319693250339746
                    ],
                    [
                        0.3012323473781923,
                        1.3913206166636383,
                        0.07466346233254684
                    ],
                    [
                        0.2946821747671849,
                        1.3984179589323151,
                        0.1251127430719724
                    ]
                ],
                [
                    [
                        0.7634852664903914,
                        1.4770867735072621,
                        0.08304744283097516
                    ],
                    [
                        0.7507966658543264,
                        1.4815743906378434,
                        0.13243086799815243
                    ],
                    [
                        0.7993260726961894,
                        1.4813521840507082,
                        0.13667082226018992
                    ],
                    [
                        0.8136206132838076,
                        1.476857213637674,
                        0.08742770608059937
                    ],
                    [
                        0.7634852664903914,
                        1.473858402536153,
                        0.08287825107767774
                    ],
                    [
                        0.7507966658543264,
                        1.478449431136935,
                        0.1322670958103606
                    ],
                    [
                        0.8136206132838076,
                        1.473628842666565,
                        0.08725851432730193
                    ],
                    [
                        0.7993260726961894,
                        1.4782272245497998,
                        0.1365070500723981
                    ]
                ],
                [
                    [
                        0.6437702579949641,
                        2.102465496376458,
                        0.04719402803953815
                    ],
                    [
                        0.6348288505791896,
                        2.08856963673841,
                        0.09636772133332865
                    ],
                    [
                        0.6888723033340596,
                        2.088487118454349,
                        0.10109519066102332
                    ],
                    [
                        0.6996203931953315,
                        2.102380219491167,
                        0.05207953752585692
                    ],
                    [
                        0.6437702579949641,
                        2.0992648288760263,
                        0.04713816018050468
                    ],
                    [
                        0.6348288505791896,
                        2.0854725068528137,
                        0.09631366073008464
                    ],
                    [
                        0.6996203931953315,
                        2.0991795519907352,
                        0.052023669666823445
                    ],
                    [
                        0.6888723033340596,
                        2.085389988568753,
                        0.10104113005777932
                    ]
                ],
                [
                    [
                        0.9060034096400685,
                        2.0708912711515035,
                        0.05894987949324078
                    ],
                    [
                        0.8869196451758294,
                        2.056790672111021,
                        0.11239022391132819
                    ],
                    [
                        0.9491960345548468,
                        2.056695583057174,
                        0.11783787215771716
                    ],
                    [
                        0.9705672678422532,
                        2.0707926893896134,
                        0.06459762484942452
                    ],
                    [
                        0.9060034096400685,
                        2.0676686602150016,
                        0.058893628610105955
                    ],
                    [
                        0.8869196451758294,
                        2.0536822368488314,
                        0.11233596597200171
                    ],
                    [
                        0.9705672678422532,
                        2.0675700784531115,
                        0.0645413739662897
                    ],
                    [
                        0.9491960345548468,
                        2.0535871477949845,
                        0.11778361421839068
                    ]
                ],
                [
                    [
                        1.0727189922329774,
                        1.4595490704472665,
                        0.08538486786764536
                    ],
                    [
                        1.0461522653645072,
                        1.4675848467687398,
