{
    "Pruning Time": 219.94157218933105,
    "Cut Data": [
        {
            "Rule": [
                "Vigor",
                "Vigor",
                "Vigor",
                "Spacing"
            ],
            "Sequence": [
                1,
                2,
                3,
                4
            ],
            "Vertices": [
                [
                    [
                        0.7238450736548353,
                        2.070081633038737,
                        0.009555341575475166
                    ],
                    [
                        0.7185080842568236,
                        2.0800371990469313,
                        0.060590975986206386
                    ],
                    [
                        0.7762936753837968,
                        2.080177961842623,
                        0.05857797422365823
                    ],
                    [
                        0.7834833305305616,
                        2.070226908835078,
                        0.007477800896824929
                    ],
                    [
                        0.7238450736548353,
                        2.066756316710642,
                        0.00932281280594764
                    ],
                    [
                        0.7185080842568236,
                        2.0768151838545093,
                        0.06036567073576664
                    ],
                    [
                        0.7834833305305616,
                        2.066901592506983,
                        0.007245272127297402
                    ],
                    [
                        0.7762936753837968,
                        2.0769559466502012,
                        0.058352668973218474
                    ]
                ],
                [
                    [
                        0.25164731853997657,
                        2.0263768718096125,
                        -0.013432892805439887
                    ],
                    [
                        0.26168706266626757,
                        2.038548315019375,
                        0.04224243900466683
                    ],
                    [
                        0.3168309921244133,
                        2.04030774588655,
                        0.04043509966047454
                    ],
                    [
                        0.30869796905416236,
                        2.028197138818028,
                        -0.015302724830455671
                    ],
                    [
                        0.25164731853997657,
                        2.0229764537013244,
                        -0.013670673203027395
                    ],
                    [
                        0.26168706266626757,
                        2.0352615441482,
                        0.042012605596056615
                    ],
                    [
                        0.30869796905416236,
                        2.0247967207097406,
                        -0.01554050522804318
                    ],
                    [
                        0.3168309921244133,
                        2.037020975015375,
                        0.04020526625186432
                    ]
                ],
                [
                    [
                        0.5017482762852983,
                        2.0372076712425473,
                        -0.012990597647088445
                    ],
                    [
                        0.503284079181048,
                        2.0479971944393434,
                        0.03786276347233946
                    ],
                    [
                        0.575386915766532,
                        2.0481728333253897,
                        0.03535101038129013
                    ],
                    [
                        0.576122122498286,
                        2.0373888421939057,
                        -0.0155814629578758
                    ],
                    [
                        0.5017482762852983,
                        2.0338246372451843,
                        -0.013227162429220502
                    ],
                    [
                        0.503284079181048,
                        2.0447174615776538,
                        0.037633422209295
                    ],
                    [
                        0.576122122498286,
                        2.0340058081965426,
                        -0.015818027740007855
                    ],
                    [
                        0.575386915766532,
                        2.0448931004637,
                        0.03512166911824566
                    ]
                ],
                [
                    [
                        0.9775679839026512,
                        2.6653455140974813,
                        0.12430818770868851
                    ],
                    [
                        1.0107246223029855,
                        2.668731482568887,
                        0.1633543325161916
                    ],
                    [
                        1.0457077585076786,
                        2.6457721561508785,
                        0.14859625091489817
                    ],
                    [
                        1.01928358354889,
                        2.637967692297946,
                        0.10670993065066374
                    ],
                    [
                        0.9771772145150587,
                        2.664856466288801,
                        0.12467279717287767
                    ],
                    [
                        1.0103969190258735,
                        2.6683213619845785,
                        0.16366009780916158
                    ],
                    [
                        1.0188928141612976,
                        2.637478644489266,
                        0.10707454011485294
                    ],
                    [
                        1.0453800552305663,
                        2.6453620355665706,
                        0.14890201620786817
                    ]
                ]
            ],
            "Cut Time": [
                1.463261365890503,
                0.7270829677581787,
                0.47066402435302734,
                0.3540151119232178
            ],
            "Rule Time": [
                17.150853633880615,
                1.5184297561645508,
                1.0077109336853027,
                5.309369802474976
            ],
            "Between Time": [
                41.90690732002258,
                14.000253200531006,
                4.969641447067261,
                79.27299451828003
            ]
        }
    ],
    "Explanations": [
        {
            "Branch Num": 2,
            "Decision": "Branch Vigor",
            "Explanation": "Branch is strong vigor and removed to prevent shading."
        },
        {
            "Branch Num": 1,
            "Decision": "Branch Vigor",
            "Explanation": "Branch is vigorous and removed due to placement and shading."
        },
        {
            "Branch Num": 3,
            "Decision": "Branch Vigor",
            "Explanation": "Branch is vigorous and removed to prevent shading"
        },
        {
            "Branch Num": 2,
            "Decision": "Branch Vigor",
            "Explanation": "Branch is strong vigor and removed to prevent shading."
        }
    ],
    "Reset Answer": ""
}