{
    "Pruning Time": 142.15419244766235,
    "Cut Data": [
        {
            "Rule": [
                "Vigor",
                "Vigor"
            ],
            "Sequence": [
                1,
                2
            ],
            "Vertices": [
                [
                    [
                        0.552310928321397,
                        1.3775420000151954,
                        -0.017223178045570244
                    ],
                    [
                        0.5438422175433223,
                        1.3886665981585409,
                        0.031891330268014606
                    ],
                    [
                        0.6176568278387574,
                        1.3701711033070267,
                        0.042589717521771875
                    ],
                    [
                        0.6285534713593002,
                        1.3584381456890677,
                        -0.006172896165518475
                    ],
                    [
                        0.552310928321397,
                        1.3742906862876423,
                        -0.017166426153353828
                    ],
                    [
                        0.5438422175433223,
                        1.3855188220458237,
                        0.03194627490444172
                    ],
                    [
                        0.6285534713593002,
                        1.3551868319615148,
                        -0.00611614427330206
                    ],
                    [
                        0.6176568278387574,
                        1.3670233271943097,
                        0.042644662158198655
                    ]
                ],
                [
                    [
                        0.6024164268791597,
                        2.04576004271816,
                        -0.059524412535444625
                    ],
                    [
                        0.5925857050504326,
                        2.035841023418318,
                        -0.010234033841353763
                    ],
                    [
                        0.6958800770086793,
                        2.0169594587877104,
                        0.004614833708272775
                    ],
                    [
                        0.7090269996563868,
                        2.026272297335353,
                        -0.044198831436033315
                    ],
                    [
                        0.6024164268791597,
                        2.0424314733629942,
                        -0.05946631214123216
                    ],
                    [
                        0.5925857050504326,
                        2.032615991677988,
                        -0.01017774070293077
                    ],
                    [
                        0.7090269996563868,
                        2.0229437279801865,
                        -0.044140731041820855
                    ],
                    [
                        0.6958800770086793,
                        2.0137344270473805,
                        0.004671126846695768
                    ]
                ]
            ],
            "Cut Time": [
                0.7136697769165039,
                0.31909871101379395
            ],
            "Rule Time": [
                1.2354695796966553,
                4.14537501335144
            ],
            "Between Time": [
                35.66682553291321,
                9.686557054519653
            ]
        }
    ],
    "Explanations": [
        {
            "Branch Num": 1,
            "Decision": "Canopy Cut",
            "Explanation": "Branch too long. Pruned back to ~6 inches"
        },
        {
            "Branch Num": 2,
            "Decision": "Canopy Cut",
            "Explanation": "Branch too long. Pruned back to ~6 inches"
        },
        {
            "Branch Num": 3,
            "Decision": "Canopy Cut",
            "Explanation": "Branch too long. Pruned back to ~6 inches"
        },
        {
            "Branch Num": 4,
            "Decision": "Canopy Cut",
            "Explanation": "Branch too long. Pruned back to ~6 inches"
        }
    ],
    "Reset Answer": ""
}