{
    "Pruning Time": 259.4813976287842,
    "Cut Data": [
        {
            "Rule": [
                "Vigor",
                "Vigor",
                "Spacing",
                "Canopy",
                "Canopy",
                "Spacing",
                "Spacing",
                "Vigor",
                "Canopy",
                "Spacing",
                "Canopy"
            ],
            "Sequence": [
                1,
                2,
                3,
                4,
                5,
                6,
                7,
                8,
                9,
                10,
                11
            ],
            "Vertices": [
                [
                    [
                        -0.4022709483628419,
                        1.461458797809547,
                        0.0006702215958690573
                    ],
                    [
                        -0.4055300396263122,
                        1.4727485489725898,
                        0.05067022159586752
                    ],
                    [
                        -0.4349977336878294,
                        1.438613476983336,
                        0.05067022159586752
                    ],
                    [
                        -0.4327552396992031,
                        1.42614611005272,
                        0.0006702215958690573
                    ],
                    [
                        -0.4069287687596771,
                        1.461458797809547,
                        0.0006702215958690573
                    ],
                    [
                        -0.4100325299395352,
                        1.4727485489725898,
                        0.05067022159586752
                    ],
                    [
                        -0.43741306009603825,
                        1.42614611005272,
                        0.0006702215958690573
                    ],
                    [
                        -0.43950022400105243,
                        1.438613476983336,
                        0.05067022159586752
                    ]
                ],
                [
                    [
                        -0.8371345636338275,
                        2.1492739861744155,
                        0.09856672068748659
                    ],
                    [
                        -0.8218557045913193,
                        2.1421120217099343,
                        0.1500646477773653
                    ],
                    [
                        -0.7513119885165096,
                        2.115410325731296,
                        0.15381732641817267
                    ],
                    [
                        -0.7632420565360024,
                        2.1213047300959125,
                        0.10249754328276424
                    ],
                    [
                        -0.8385317562221211,
                        2.1472078173843627,
                        0.09885710177387651
                    ],
                    [
                        -0.823189576740493,
                        2.1401394912029494,
                        0.1503418688612929
                    ],
                    [
                        -0.7646392491242959,
                        2.1192385613058606,
                        0.10278792436915417
                    ],
                    [
                        -0.7526458606656833,
                        2.1134377952243106,
                        0.15409454750210022
                    ]
                ],
                [
                    [
                        -0.4819014563859688,
                        1.958922010016243,
                        0.07854254740107905
                    ],
                    [
                        -0.48288815374096444,
                        1.968079573337636,
                        0.12785259472497904
                    ],
                    [
                        -0.4279228293937593,
                        1.958644937431391,
                        0.13038059779693906
                    ],
                    [
                        -0.4237667405348383,
                        1.9489433574005726,
                        0.08121631931099871
                    ],
                    [
                        -0.4819014563859688,
                        1.9570872986603163,
                        0.07903415682724367
                    ],
                    [
                        -0.48288815374096444,
                        1.9663448868721467,
                        0.1283174025625279
                    ],
                    [
                        -0.4237667405348383,
                        1.947108646044646,
                        0.08170792873716333
                    ],
                    [
                        -0.4279228293937593,
                        1.9569102509659022,
                        0.13084540563448793
                    ]
                ],
                [
                    [
                        -0.6534298300451389,
                        1.5298884065159117,
                        -0.04465022909725985
                    ],
                    [
                        -0.656782572137006,
                        1.5373220689142855,
                        0.0058200988433522415
                    ],
                    [
                        -0.5622604004512313,
                        1.5396735627062328,
                        0.022579183117874574
                    ],
                    [
                        -0.5556097429966809,
                        1.5323219448415744,
                        -0.02730641384895918
                    ],
                    [
                        -0.6534298300451389,
                        1.526818761151901,
                        -0.044757423475437756
                    ],
                    [
                        -0.656782572137006,
                        1.534355913854868,
                        0.005716518426245498
                    ],
                    [
                        -0.5556097429966809,
                        1.5292522994775637,
                        -0.027413608227137246
                    ],
                    [
                        -0.5622604004512313,
                        1.5367074076468152,
                        0.02247560270076783
                    ]
                ],
                [
                    [
                        -0.5636168905526192,
                        1.384488365439108,
                        0.15560074417657702
                    ],
                    [
                        -0.5709153528105539,
                        1.39859834311737,
                        0.20560805317805433
                    ],
                    [
                        -0.5312727929587914,
                        1.391975761208607,
                        0.2123711011548793
                    ],
                    [
                        -0.5223842643652772,
                        1.3776001512253901,
                        0.16263505856389793
                    ],
                    [
                        -0.5636168905526192,
                        1.381804718255456,
                        0.1555070291518795
                    ],
                    [
                        -0.5709153528105539,
                        1.396018186238311,
                        0.20551795211442814
                    ],
                    [
                        -0.5223842643652772,
                        1.374916504041738,
                        0.1625413435392004
                    ],
                    [
                        -0.5312727929587914,
                        1.389395604329548,
                        0.21228100009125309
                    ]
                ],
                [
                    [
