{
    "Pruning Time": 256.414666891098,
    "Cut Data": [
        {
            "Rule": [
                "Canopy",
                "Vigor",
                "Vigor",
                "Canopy",
                "Vigor",
                "Vigor",
                "Canopy",
                "Vigor"
            ],
            "Sequence": [
                1,
                2,
                3,
                4,
                5,
                6,
                7,
                8
            ],
            "Vertices": [
                [
                    [
                        0.6045451247050077,
                        1.4628917892196864,
                        -0.11256130061336658
                    ],
                    [
                        0.5871956896457255,
                        1.4703414889667286,
                        -0.06192496777590632
                    ],
                    [
                        0.6387823229630848,
                        1.4782335340194184,
                        -0.06372641270683733
                    ],
                    [
                        0.6578051335373698,
                        1.4710398377001095,
                        -0.11442118110493014
                    ],
                    [
                        0.6045451247050077,
                        1.4595959036093553,
                        -0.11256130061336658
                    ],
                    [
                        0.5871956896457255,
                        1.4671491567429156,
                        -0.06192496777590632
                    ],
                    [
                        0.6578051335373698,
                        1.4677439520897784,
                        -0.11442118110493014
                    ],
                    [
                        0.6387823229630848,
                        1.4750412017956054,
                        -0.06372641270683733
                    ]
                ],
                [
                    [
                        -0.28149609362517264,
                        1.3642052286680626,
                        -0.05243397560092643
                    ],
                    [
                        -0.25959828651299205,
                        1.4054922010171615,
                        0.021730471734734694
                    ],
                    [
                        -0.18815929371315993,
                        1.3979151576066595,
                        0.020919444461993075
                    ],
                    [
                        -0.20504229183883482,
                        1.356096298903947,
                        -0.05330193462335062
                    ],
                    [
                        -0.28149609362517264,
                        1.3616742891290954,
                        -0.05184966216771706
                    ],
                    [
                        -0.25959828651299205,
                        1.403127272560021,
                        0.022276458489776066
                    ],
                    [
                        -0.20504229183883482,
                        1.3535653593649801,
                        -0.052717621190141124
                    ],
                    [
                        -0.18815929371315993,
                        1.3955502291495194,
                        0.02146543121703445
                    ]
                ],
                [
                    [
                        0.0767557882802854,
                        1.803877377606713,
                        0.030423502650363768
                    ],
                    [
                        0.09712074614168253,
                        1.7947659937668048,
                        0.07557213955373081
                    ],
                    [
                        0.07387689743932468,
                        1.719752340282158,
                        0.07858138485767564
                    ],
                    [
                        0.0527869050534534,
                        1.7265238582384186,
                        0.03352661393863462
                    ],
                    [
                        0.07230870441016415,
                        1.8035200471809951,
                        0.03296604074240613
                    ],
                    [
                        0.0928081820699414,
                        1.7944194722257913,
                        0.07803776843481512
                    ],
                    [
                        0.04833982118333225,
                        1.7261665278127003,
                        0.036069152030676975
                    ],
                    [
                        0.06956433336758365,
                        1.7194058187411438,
                        0.08104701373875996
                    ]
                ],
                [
                    [
                        -0.2676637770941451,
                        2.0225710309519656,
                        0.19282389109504883
                    ],
                    [
                        -0.2612746423041711,
                        1.997044357793892,
                        0.2639110419189468
                    ],
                    [
                        -0.3467017228049794,
                        1.9571864930662617,
                        0.25076203293365723
                    ],
                    [
                        -0.3572719578944686,
                        1.9807623828290255,
                        0.17903132359079288
                    ],
                    [
                        -0.27004110746365556,
                        2.019799163343965,
                        0.19222429701947819
                    ],
                    [
                        -0.26354104690070823,
                        1.9944018249897288,
                        0.26333942478640265
                    ],
                    [
                        -0.35964928826397896,
                        1.977990515221025,
                        0.17843172951522188
                    ],
                    [
                        -0.34896812740151656,
                        1.9545439602620984,
                        0.25019041580111273
                    ]
                ],
                [
                    [
                        -0.44761718227259983,
                        1.3697128827061473,
                        -0.054141570200401466
                    ],
                    [
                        -0.4577798686110392,
                        1.3741812124816335,
                        -0.0011362576051517238
                    ],
                    [
                        -0.4607581262003033,
                        1.388999601745087,
                        -0.0007900651195291931
                    ],
                    [
                        -0.45069901622250313,
                        1.3850466185386738,
                        -0.053783338004758326
                    ],
                    [
                        -0.44761718227259983,
                        1.3666617178769487,
                        -0.05457038345231171
                    ],
                    [
                        -0.4577798686110392,
                        1.3712325932645137,
                        -0.0015506590111453184
                    ],
                    [
                        -0.45069901622250313,
                        1.3819954537094752,
                        -0.05421215125666841
                    ],
                    [
                        -0.4607581262003033,
                        1.3860509825279672,
                        -0.0012044665255224684
                    ]
                ],
                [
                    [
                        -0.4394632717435742,
                        1.3874782184108172,
