{
    "Pruning Time": 225.07744598388672,
    "Cut Data": [
        {
            "Rule": [
                "Vigor",
                "Vigor",
                "Spacing",
                "Vigor",
                "Vigor",
                "Vigor"
            ],
            "Sequence": [
                1,
                2,
                3,
                4,
                5,
                6
            ],
            "Vertices": [
                [
                    [
                        -0.029122743861333962,
                        1.52201623301512,
                        0.020676857938313017
                    ],
                    [
                        -0.02825564618573178,
                        1.527315503969201,
                        0.07067685793831126
                    ],
                    [
                        0.03410164194829695,
                        1.4722566791477867,
                        0.07067685793831126
                    ],
                    [
                        0.03514813914298925,
                        1.4652677855706653,
                        0.020676857938313017
                    ],
                    [
                        -0.03286802165757647,
                        1.5195950433884369,
                        0.020676857938313017
                    ],
                    [
                        -0.031889412453834316,
                        1.524966402601354,
                        0.07067685793831126
                    ],
                    [
                        0.03140286134674673,
                        1.4628465959439823,
                        0.020676857938313017
                    ],
                    [
                        0.030467875680194417,
                        1.4699075777799397,
                        0.07067685793831126
                    ]
                ],
                [
                    [
                        0.09258777613917235,
                        1.3785492947438545,
                        -0.0014227706993745512
                    ],
                    [
                        0.08986688343297228,
                        1.387995821227217,
                        0.04857722930062599
                    ],
                    [
                        0.19652208574902735,
                        1.3727761051895202,
                        0.04857722930062599
                    ],
                    [
                        0.2024721697988495,
                        1.3628687725362376,
                        -0.0014227706993745512
                    ],
                    [
                        0.09258777613917235,
                        1.3750255329477539,
                        -0.0014227706993745512
                    ],
                    [
                        0.08986688343297228,
                        1.3845756128176345,
                        0.04857722930062599
                    ],
                    [
                        0.2024721697988495,
                        1.359345010740137,
                        -0.0014227706993745512
                    ],
                    [
                        0.19652208574902735,
                        1.3693558967799377,
                        0.04857722930062599
                    ]
                ],
                [
                    [
                        0.47736960165070447,
                        1.5593725058854033,
                        0.09380469668057105
                    ],
                    [
                        0.4589309940329721,
                        1.5648043037528787,
                        0.15584468593196438
                    ],
                    [
                        0.42568850754366233,
                        1.4999736190027977,
                        0.15584468593196438
                    ],
                    [
                        0.442791521853068,
                        1.4919370993509184,
                        0.09380469668057105
                    ],
                    [
                        0.4723797926354622,
                        1.5593725058854033,
                        0.09380469668057105
                    ],
                    [
                        0.4541339185520842,
                        1.5648043037528787,
                        0.15584468593196438
                    ],
                    [
                        0.43780171283782576,
                        1.4919370993509184,
                        0.09380469668057105
                    ],
                    [
                        0.4208914320627744,
                        1.4999736190027977,
                        0.15584468593196438
                    ]
                ],
                [
                    [
                        -0.3553093177933833,
                        1.8935153752491856,
                        0.0463845712793073
                    ],
                    [
                        -0.3719973148520907,
                        1.886987287841984,
                        0.09448477860419095
                    ],
                    [
                        -0.30376115076531784,
                        1.8737881851707852,
                        0.13388094630815664
                    ],
                    [
                        -0.2846908974119095,
                        1.8798554664080667,
                        0.08715613529629722
                    ],
                    [
                        -0.3553093177933833,
                        1.8904456901790565,
                        0.0463845712793073
                    ],
                    [
                        -0.3719973148520907,
                        1.884021156158373,
                        0.09448477860419095
                    ],
                    [
                        -0.2846908974119095,
                        1.8767857813379376,
                        0.08715613529629722
                    ],
                    [
                        -0.30376115076531784,
                        1.8708220534871742,
                        0.13388094630815664
                    ]
                ],
                [
                    [
                        0.6392764673842094,
                        1.3808353844507906,
                        0.043112503419022175
                    ],
                    [
                        0.6138003058337828,
                        1.3974287237824838,
                        0.08939740121055362
                    ],
                    [
                        0.6725978590048183,
                        1.419334848577954,
                        0.09189041808041012
                    ],
                    [
                        0.7000399059025805,
                        1.4034739364890585,
                        0.045688873848181814
                    ],
                    [
                        0.6392764673842094,
                        1.3776585164341049,
                        0.04350257376349749
                    ],
                    [
                        0.6138003058337828,
                        1.3943546372810762,
                        0.08977485157180659
                    ],
                    [
                        0.7000399059025805,
                        1.4002970684723728,
                        0.04607894419265696
                    ],
                    [
                        0.6725978590048183,
                        1.4162607620765464,
                        0.0922678684416631
                    ]
                ],
                [
                    [
                        -0.4937921981143056,
                        1.2824436830990096,
                        0.05394393927852875
                    ],
                    [
                        -0.4818569657821041,
