{
    "Pruning Time": 180.78232765197754,
    "Cut Data": [
        {
            "Rule": [
                "Vigor",
                "Spacing",
                "Spacing",
                "Vigor",
                "Vigor",
                "Canopy",
                "Canopy"
            ],
            "Sequence": [
                1,
                2,
                3,
                4,
                5,
                6,
                7
            ],
            "Vertices": [
                [
                    [
                        0.09923371099251364,
                        1.4065273086607932,
                        0.030293511762060545
                    ],
                    [
                        0.08334067270888625,
                        1.415177062122898,
                        0.07779879400918942
                    ],
                    [
                        0.1666614767579693,
                        1.4071538807742474,
                        0.10012453616685299
                    ],
                    [
                        0.185084874494598,
                        1.3982604722850411,
                        0.05329726169171627
                    ],
                    [
                        0.09923371099251364,
                        1.4030139032010986,
                        0.030293511762060545
                    ],
                    [
                        0.08334067270888625,
                        1.4117672100497216,
                        0.07779879400918942
                    ],
                    [
                        0.185084874494598,
                        1.3947470668253463,
                        0.05329726169171627
                    ],
                    [
                        0.1666614767579693,
                        1.4037440287010707,
                        0.10012453616685299
                    ]
                ],
                [
                    [
                        -0.5860293974403047,
                        1.310895578220535,
                        0.037167621482846865
                    ],
                    [
                        -0.5926595465758362,
                        1.324783914765323,
                        0.08990570364606716
                    ],
                    [
                        -0.5166647612117767,
                        1.3428864451933118,
                        0.1286269808179222
                    ],
                    [
                        -0.5072217231934969,
                        1.329668159973053,
                        0.07732213712706215
                    ],
                    [
                        -0.5860293974403047,
                        1.3079943610406002,
                        0.037167621482846865
                    ],
                    [
                        -0.5926595465758362,
                        1.3219862509719065,
                        0.08990570364606716
                    ],
                    [
                        -0.5072217231934969,
                        1.3267669427931184,
                        0.07732213712706215
                    ],
                    [
                        -0.5166647612117767,
                        1.3400887813998954,
                        0.1286269808179222
                    ]
                ],
                [
                    [
                        0.6385269087009502,
                        1.4243170711036441,
                        0.05010037943287053
                    ],
                    [
                        0.6282536902057694,
                        1.4333323071064017,
                        0.1030331255675652
                    ],
                    [
                        0.686764346453292,
                        1.4333323071064017,
                        0.0916598061183209
                    ],
                    [
                        0.6990156349914686,
                        1.4243170711036441,
                        0.03834256211717263
                    ],
                    [
                        0.6385269087009502,
                        1.421150442866321,
                        0.05010037943287053
                    ],
                    [
                        0.6282536902057694,
                        1.430269232255597,
                        0.1030331255675652
                    ],
                    [
                        0.6990156349914686,
                        1.421150442866321,
                        0.03834256211717263
                    ],
                    [
                        0.686764346453292,
                        1.430269232255597,
                        0.0916598061183209
                    ]
                ],
                [
                    [
                        -0.3024875961514124,
                        1.9924313430383482,
                        0.15213041331109323
                    ],
                    [
                        -0.31816325504087556,
                        1.9801529269281082,
                        0.20290996586725638
                    ],
                    [
                        -0.2694667485583212,
                        1.9126832500888709,
                        0.2243192232048486
                    ],
                    [
                        -0.25200366853033856,
                        1.922485169725288,
                        0.17432550441560923
                    ],
                    [
                        -0.30584422133686595,
                        1.9906550615307896,
                        0.15043025079686412
                    ],
                    [
                        -0.3214010364062603,
                        1.9784395359931375,
                        0.2012699988758412
                    ],
                    [
                        -0.2553602937157922,
                        1.9207088882177297,
                        0.17262534190138
                    ],
                    [
                        -0.272704529923706,
                        1.9109698591539002,
                        0.22267925621343326
                    ]
                ],
                [
                    [
                        -0.0173626815626279,
                        1.5893119354696292,
                        0.04417819888121165
                    ],
                    [
                        -0.030600219317423148,
                        1.5874199106081994,
                        0.09248251089108624
                    ],
                    [
                        0.030510126512212393,
                        1.5256989912218604,
                        0.10478160141560275
                    ],
                    [
                        0.04548200296450683,
                        1.525839349037658,
                        0.05682634304551884
                    ],
                    [
                        -0.021237265690432813,
                        1.5868454128301803,
                        0.04272785266601336
                    ],
                    [
                        -0.034367875687691674,
                        1.5850214571410925,
                        0.09107219020206755
                    ],
                    [
                        0.041607418836701916,
                        1.5233728263982094,
                        0.05537599683032055
                    ],
                    [
                        0.026742470141943867,
                        1.5233005377547537,
                        0.10337128072658407
                    ]
                ],
                [
                    [
                        -0.3930542717127401,
                        1.397536747049892,
                        0.0435807191988559
                    ],
                    [
