{
    "Pruning Time": 92.7212188243866,
    "Cut Data": [
        {
            "Rule": [
                "Canopy",
                "Spacing"
            ],
            "Sequence": [
                1,
                2
            ],
            "Vertices": [
                [
                    [
                        0.4178207715920774,
                        2.8081591325962423,
                        0.0657529369976664
                    ],
                    [
                        0.42442438096191937,
                        2.7971946563766728,
                        0.11541326255117151
                    ],
                    [
                        0.4843595412086228,
                        2.8021479006496173,
                        0.11122218787179625
                    ],
                    [
                        0.4799671345812965,
                        2.813295118139513,
                        0.06140723995994628
                    ],
                    [
                        0.4178207715920774,
                        2.805248740788389,
                        0.0657529369976664
                    ],
                    [
                        0.42442438096191937,
                        2.7943878179553376,
                        0.11541326255117151
                    ],
                    [
                        0.4799671345812965,
                        2.8103847263316597,
                        0.06140723995994628
                    ],
                    [
                        0.4843595412086228,
                        2.799341062228282,
                        0.11122218787179625
                    ]
                ],
                [
                    [
                        1.0114059330286884,
                        2.6650222873368707,
                        0.06134596944818193
                    ],
                    [
                        1.0243374238546377,
                        2.662616110305167,
                        0.11234998349420788
                    ],
                    [
                        1.0485385403621654,
                        2.6409509618751152,
                        0.10219928957726589
                    ],
                    [
                        1.0378394735730057,
                        2.641358644411707,
                        0.0502589281076314
                    ],
                    [
                        1.0104091607922858,
                        2.6641581864495647,
                        0.06204223668619216
                    ],
                    [
                        1.0234248332395364,
                        2.6618249863839165,
                        0.11298744802602909
                    ],
                    [
                        1.0368427013366033,
                        2.6404945435244014,
                        0.05095519534564176
                    ],
                    [
                        1.0476259497470641,
                        2.6401598379538656,
                        0.10283675410908723
                    ]
                ]
            ],
            "Cut Time": [
                0.7737419605255127,
                0.5739455223083496
            ],
            "Rule Time": [
                7.3919761180877686,
                8.814906120300293
            ],
            "Between Time": [
                1.877051830291748,
                12.425196170806885
            ]
        }
    ],
    "Explanations": [
        {
            "Branch Num": 1,
            "Decision": "Branch Vigor",
            "Explanation": "Branch is vigorous and removed due to placement and shading."
        },
        {
            "Branch Num": 2,
            "Decision": "Branch Vigor",
            "Explanation": "Branch is strong vigor and removed to prevent shading."
        },
        {
            "Branch Num": 3,
            "Decision": "Branch Vigor",
            "Explanation": "Branch is vigorous and removed to prevent shading"
        },
        {
            "Branch Num": 2,
            "Decision": "Branch Vigor",
            "Explanation": "Branch is strong vigor and removed to prevent shading."
        },
        {
            "Branch Num": 1,
            "Decision": "Branch Vigor",
            "Explanation": "Branch is vigorous and removed due to placement and shading."
        },
        {
            "Branch Num": 3,
            "Decision": "Branch Vigor",
            "Explanation": "Branch is vigorous and removed to prevent shading"
        }
    ],
    "Reset Answer": ""
}