{
    "Pruning Time": 149.14643359184265,
    "Cut Data": [
        {
            "Rule": [
                "Canopy",
                "Canopy",
                "Spacing",
                "Canopy",
                "Canopy",
                "Vigor"
            ],
            "Sequence": [
                1,
                2,
                3,
                4,
                5,
                6
            ],
            "Vertices": [
                [
                    [
                        -0.32296009843289164,
                        2.077522496866107,
                        0.14291461933267158
                    ],
                    [
                        -0.34584894189461207,
                        2.061312669383371,
                        0.2208308194504507
                    ],
                    [
                        -0.3678775783834467,
                        2.0382930096516145,
                        0.21416185410297484
                    ],
                    [
                        -0.34689677095087695,
                        2.052508962471738,
                        0.13566801377734214
                    ],
                    [
                        -0.3249171421450505,
                        2.0759869623873937,
                        0.1422505295525599
                    ],
                    [
                        -0.3476499860662911,
                        2.0598995351717453,
                        0.22021966548362268
                    ],
                    [
                        -0.34885381466303583,
                        2.0509734279930245,
                        0.13500392399723068
                    ],
                    [
                        -0.36967862255512574,
                        2.0368798754399884,
                        0.21355070013614702
                    ]
                ],
                [
                    [
                        0.09170800294391927,
                        1.6355595074626572,
                        0.014112336033690309
                    ],
                    [
                        0.0661290127044954,
                        1.6368793191480044,
                        0.057169839961817626
                    ],
                    [
                        0.07863171242225037,
                        1.5799031585890326,
                        0.0628241333879441
                    ],
                    [
                        0.10462585434339,
                        1.576691455599588,
                        0.0199543800639073
                    ],
                    [
                        0.08744049846373697,
                        1.6355991082360994,
                        0.011843609242634076
                    ],
                    [
                        0.06199865654773705,
                        1.6369176472386155,
                        0.05497402512132766
                    ],
                    [
                        0.10035834986320753,
                        1.5767310563730301,
                        0.017685653272851067
                    ],
                    [
                        0.07450135626549186,
                        1.5799414866796437,
                        0.06062831854745414
                    ]
                ],
                [
                    [
                        -0.4439153259477459,
                        1.3899213529686312,
                        -0.04962020893347471
                    ],
                    [
                        -0.4418363240139026,
                        1.405116493821124,
                        0.0017658814659066882
                    ],
                    [
                        -0.46693100098215207,
                        1.3889788906475589,
                        -0.003846185382767683
                    ],
                    [
                        -0.4699832180902266,
                        1.3731579055052947,
                        -0.055449921485372936
                    ],
                    [
                        -0.4439153259477459,
                        1.3871543976906773,
                        -0.049426724572097305
                    ],
                    [
                        -0.4418363240139026,
                        1.4024528396788432,
                        0.001952142308196332
                    ],
                    [
                        -0.4699832180902266,
                        1.3703909502273408,
                        -0.05525643712399523
                    ],
                    [
                        -0.46693100098215207,
                        1.386315236505278,
                        -0.0036599245404777526
                    ]
                ],
                [
                    [
                        -0.2218987286349637,
                        1.5113326450344264,
                        -0.05519966479444923
                    ],
                    [
                        -0.22786497214143225,
                        1.5215769461292021,
                        -0.005628359014260948
                    ],
                    [
                        -0.16508444994074276,
                        1.5178505450014053,
                        0.011495284146357131
                    ],
                    [
                        -0.1567824900161192,
                        1.5074676051060951,
                        -0.03743894546646464
                    ],
                    [
                        -0.2218987286349637,
                        1.5084527657186806,
                        -0.05499828401511712
                    ],
                    [
                        -0.22786497214143225,
                        1.5188003679491295,
                        -0.005434201754016606
                    ],
                    [
                        -0.1567824900161192,
                        1.5045877257903495,
                        -0.037237564687132525
                    ],
                    [
                        -0.16508444994074276,
                        1.5150739668213329,
                        0.011689441406601475
                    ]
                ],
                [
                    [
                        0.5858810845984389,
                        1.4131839140752067,
                        -0.10509390591872304
                    ],
                    [
                        0.5803620705136135,
                        1.427521979941988,
                        -0.051992807465430085
                    ],
                    [
                        0.6315255881379617,
                        1.4092565958369248,
                        -0.06639602129277336
                    ],
                    [
                        0.6390358799865824,
                        1.3942076434849209,
                        -0.1200576910428283
                    ],
                    [
                        0.5858810845984389,
                        1.4104264129219748,
                        -0.10490108265414703
                    ],
                    [
                        0.5803620705136135,
                        1.4248677799244294,
                        -0.051807207719941975
                    ],
                    [
                        0.6390358799865824,
                        1.3914501423316892,
                        -0.11986486777825228
                    ],
                    [
                        0.6315255881379617,
                        1.406602395819366,
                        -0.06621042154728525
                    ]
                ],
                [
                    [
                        0.8461918708404552,
                        1.3604647902968747,
                        -0.14115040977484147
                    ],
                    [
