{
    "Pruning Time": 145.33979606628418,
    "Cut Data": [
        {
            "Rule": [
                "Spacing",
                "Spacing",
                "Vigor",
                "Canopy",
                "Spacing",
                "Canopy"
            ],
            "Sequence": [
                1,
                2,
                3,
                4,
                5,
                6
            ],
            "Vertices": [
                [
                    [
                        0.4883794881461701,
                        2.1663037458658576,
                        0.7884605144629565
                    ],
                    [
                        0.031624892107817826,
                        2.3635341834836705,
                        -0.41348673965688876
                    ],
                    [
                        0.11655413244620845,
                        2.305830344835469,
                        -0.4495370633403486
                    ],
                    [
                        0.5272315451012226,
                        2.13990632588715,
                        0.7719687947275954
                    ],
                    [
                        0.4866205852453871,
                        2.1644566369063174,
                        0.7892071244484969
                    ],
                    [
                        0.027779991762764952,
                        2.359496467773085,
                        -0.41185467628957817
                    ],
                    [
                        0.5254726422004394,
                        2.13805921692761,
                        0.7727154047131358
                    ],
                    [
                        0.11270923210115545,
                        2.3017926291248836,
                        -0.447904999973038
                    ]
                ],
                [
                    [
                        -0.6788387468973696,
                        2.2887654475160004,
                        0.12841885188530297
                    ],
                    [
                        -0.6860917557581979,
                        2.2896264532749577,
                        0.18201121623545885
                    ],
                    [
                        -0.6537981061686094,
                        2.292902803636783,
                        0.19886657764711219
                    ],
                    [
                        -0.645121720113327,
                        2.2921862065292267,
                        0.14601713140446446
                    ],
                    [
                        -0.6788387468973696,
                        2.286357538070028,
                        0.1288869020677868
                    ],
                    [
                        -0.6860917557581979,
                        2.28732019464813,
                        0.1824595075002933
                    ],
                    [
                        -0.645121720113327,
                        2.289778297083254,
                        0.14648518158694826
                    ],
                    [
                        -0.6537981061686094,
                        2.290596545009955,
                        0.19931486891194664
                    ]
                ],
                [
                    [
                        -0.12092656517511427,
                        1.6015653291512308,
                        0.11189666711017128
                    ],
                    [
                        -0.11504965216860943,
                        1.6250589474297465,
                        0.15837806592246143
                    ],
                    [
                        -0.1706282124269691,
                        1.591884750339352,
                        0.16383819165216076
                    ],
                    [
                        -0.1783184328948268,
                        1.567308789898161,
                        0.11753493503498261
                    ],
                    [
                        -0.12092656517511427,
                        1.5983480422375287,
                        0.11252204433504115
                    ],
                    [
                        -0.11504965216860943,
                        1.6219433113351889,
                        0.15898368422968193
                    ],
                    [
                        -0.1783184328948268,
                        1.5640915029844586,
                        0.11816031225985284
                    ],
                    [
                        -0.1706282124269691,
                        1.5887691142447942,
                        0.16444380995938163
                    ]
                ],
                [
                    [
                        0.15234401204756615,
                        1.8174305288628279,
                        0.1652472056852465
                    ],
                    [
                        0.14942302588972914,
                        1.8350947688532313,
                        0.2127052786665575
                    ],
                    [
                        0.23280958283223308,
                        1.8319193732395118,
                        0.21480527329517893
                    ],
                    [
                        0.2386184290211137,
                        1.8141451623088052,
                        0.16741992775070866
                    ],
                    [
                        0.15234401204756615,
                        1.8143937247718107,
                        0.1658375006032491
                    ],
                    [
                        0.14942302588972914,
                        1.8321596155813584,
                        0.2132758146669107
                    ],
                    [
                        0.2386184290211137,
                        1.8111083582177885,
                        0.1680102226687109
                    ],
                    [
                        0.23280958283223308,
                        1.8289842199676394,
                        0.21537580929553182
                    ]
                ],
                [
                    [
                        0.8182754259776507,
                        1.8383875314455949,
                        0.5335548047577094
                    ],
                    [
                        0.3307979857255759,
                        1.435661214632549,
                        -0.40613626196886454
                    ],
                    [
                        0.30882046729558915,
                        1.3988975961989165,
                        -0.3861178657636432
                    ],
                    [
                        0.8082247706702916,
                        1.8215749664644845,
                        0.542709523508408
                    ],
                    [
                        0.8182754259776507,
                        1.8365100699413892,
                        0.5337853280441155
                    ],
                    [
                        0.3307979857255759,
                        1.4315558161735986,
                        -0.4056321824217508
                    ],
                    [
                        0.8082247706702916,
                        1.8196975049602788,
                        0.542940046794814
                    ],
                    [
                        0.30882046729558915,
                        1.3947921977399664,
                        -0.3856137862165297
                    ]
                ],
                [
                    [
                        0.9932654671675862,
                        2.449272494307799,
                        0.22877507374772188
                    ],
                    [
                        0.9440172905705703,
