{
    "Pruning Time": 198.75195336341858,
    "Cut Data": [
        {
            "Rule": [
                "Canopy",
                "Spacing",
                "Vigor",
                "Vigor",
                "Canopy",
                "Canopy",
                "Spacing",
                "Spacing",
                "Canopy"
            ],
            "Sequence": [
                1,
                2,
                3,
                4,
                5,
                6,
                7,
                8,
                9
            ],
            "Vertices": [
                [
                    [
                        -0.7501073213969,
                        2.2119616769424075,
                        0.036344050682485536
                    ],
                    [
                        -0.724676774405806,
                        2.2055498763852586,
                        0.08311776040662118
                    ],
                    [
                        -0.6780687419560095,
                        2.155830001678667,
                        0.07920347459062484
                    ],
                    [
                        -0.7016177396102563,
                        2.1602346289576246,
                        0.03227174657019549
                    ],
                    [
                        -0.7529724409081633,
                        2.2103301403156457,
                        0.03741128417864857
                    ],
                    [
                        -0.7274307182063748,
                        2.2039816485465913,
                        0.0841435818632702
                    ],
                    [
                        -0.7044828591215196,
                        2.158603092330863,
                        0.03333898006635867
                    ],
                    [
                        -0.6808226857565783,
                        2.1542617738399996,
                        0.08022929604727398
                    ]
                ],
                [
                    [
                        -0.5288476525095603,
                        2.0777587305947427,
                        -0.02133043399927617
                    ],
                    [
                        -0.5253908920534993,
                        2.0759874990953313,
                        0.029661584948958656
                    ],
                    [
                        -0.5102349318855669,
                        2.048807958670793,
                        0.03391664880307463
                    ],
                    [
                        -0.5130204038628295,
                        2.049375352726461,
                        -0.01688690466292297
                    ],
                    [
                        -0.5325077037591169,
                        2.0777809248819414,
                        -0.02120456394178736
                    ],
                    [
                        -0.5288957078423336,
                        2.0760087520458756,
                        0.02978211642099248
                    ],
                    [
                        -0.5166804551123861,
                        2.0493975470136596,
                        -0.016761034605434155
                    ],
                    [
                        -0.5137397476744012,
                        2.048829211621337,
                        0.03403718027510845
                    ]
                ],
                [
                    [
                        -0.535347253555985,
                        1.4129480238970322,
                        0.05957002509102573
                    ],
                    [
                        -0.5001363529802119,
                        1.4318547690674477,
                        0.0924283762026235
                    ],
                    [
                        -0.4427675585217916,
                        1.3835939907930934,
                        0.05029879724655081
                    ],
                    [
                        -0.47615348712819777,
                        1.363152010859564,
                        0.016100252369302424
                    ],
                    [
                        -0.5372631613344577,
                        1.4103800467904446,
                        0.06171399457247699
                    ],
                    [
                        -0.5019931924107384,
                        1.4293659639162921,
                        0.09450624608536784
                    ],
                    [
                        -0.4780693949066705,
                        1.3605840337529762,
                        0.018244221850753323
                    ],
                    [
                        -0.4446243979523181,
                        1.3811051856419383,
                        0.05237666712929482
                    ]
                ],
                [
                    [
                        -0.4464913980052289,
                        1.4515770631595377,
                        0.004491958155945146
                    ],
                    [
                        -0.4465253376389196,
                        1.474782148428089,
                        0.05120375698456938
                    ],
                    [
                        -0.40918454505712937,
                        1.4890639102818364,
                        0.04736141200039328
                    ],
                    [
                        -0.4076066419222023,
                        1.4664493459291772,
                        0.0004907402608168396
                    ],
                    [
                        -0.4464913980052289,
                        1.4490086900473969,
                        0.004944831632141714
                    ],
                    [
                        -0.4465253376389196,
                        1.4723157554938417,
                        0.05163864860390583
                    ],
                    [
                        -0.4076066419222023,
                        1.4638809728170366,
                        0.0009436137370134088
                    ],
                    [
                        -0.40918454505712937,
                        1.4865975173475892,
                        0.04779630361972973
                    ]
                ],
                [
                    [
                        -0.6029898657323519,
                        1.580598593434121,
                        -0.06390713318552446
                    ],
                    [
                        -0.5989932646621138,
                        1.598159276628218,
                        -0.016232224838028695
                    ],
                    [
                        -0.5390981801606668,
                        1.569927689675586,
                        -0.011254234350062585
                    ],
                    [
                        -0.5406766696589962,
                        1.5512272280226764,
                        -0.05872816900323939
                    ],
                    [
                        -0.6029898657323519,
                        1.5779706291604654,
                        -0.06344375217974095
                    ],
                    [
                        -0.5989932646621138,
                        1.5956332925324563,
                        -0.0157868256891053
                    ],
                    [
                        -0.5406766696589962,
                        1.548599263749021,
                        -0.05826478799745602
                    ],
                    [
                        -0.5390981801606668,
                        1.5674017055798246,
                        -0.010808835201139332
                    ]
                ],
                [
                    [
                        -0.41775107982952275,
