{
    "Pruning Time": 107.14894533157349,
    "Cut Data": [
        {
            "Rule": [
                "Canopy",
                "Canopy",
                "Vigor"
            ],
            "Sequence": [
                1,
                2,
                3
            ],
            "Vertices": [
                [
                    [
                        0.43486931794993117,
                        1.379720001027419,
                        -0.02618747984415455
                    ],
                    [
                        0.44702456540945495,
                        1.3971613477652387,
                        0.02087525005263879
                    ],
                    [
                        0.48863595532466486,
                        1.3841998261881228,
                        0.01485993471103948
                    ],
                    [
                        0.4781344405204635,
                        1.3662433586735536,
                        -0.032441857698030784
                    ],
                    [
                        0.43486931794993117,
                        1.3770256678969077,
                        -0.02590429402092117
                    ],
                    [
                        0.44702456540945495,
                        1.3945700007449595,
                        0.021147611599513266
                    ],
                    [
                        0.4781344405204635,
                        1.3635490255430427,
                        -0.0321586718747974
                    ],
                    [
                        0.48863595532466486,
                        1.3816084791678438,
                        0.015132296257913956
                    ]
                ],
                [
                    [
                        0.3370880145068128,
                        1.4111237721734111,
                        0.07613244551232251
                    ],
                    [
                        0.32264993204650444,
                        1.4268653766739299,
                        0.12275740528305225
                    ],
                    [
                        0.3021456527313112,
                        1.3946794007193533,
                        0.11822607740670311
                    ],
                    [
                        0.3158312346474128,
                        1.3777565811149366,
                        0.07143481934084601
                    ],
                    [
                        0.3370880145068128,
                        1.4082146007573533,
                        0.0764382117492639
                    ],
                    [
                        0.32264993204650444,
                        1.424059191368104,
                        0.12305234724363504
                    ],
                    [
                        0.3158312346474128,
                        1.374847409698879,
                        0.07174058557778741
                    ],
                    [
                        0.3021456527313112,
                        1.3918732154135276,
                        0.11852101936728592
                    ]
                ],
                [
                    [
                        0.7649122515835612,
                        1.5023201224304044,
                        0.09378211061610786
                    ],
                    [
                        0.7698806251751249,
                        1.5062652615415124,
                        0.14477183159747786
                    ],
                    [
                        0.8183052153972218,
                        1.461660967845014,
                        0.1277333606931428
                    ],
                    [
                        0.815273873497809,
                        1.4559316126961481,
                        0.07606208395722507
                    ],
                    [
                        0.7621672335802627,
                        1.500366092686017,
                        0.0944345148617715
                    ],
                    [
                        0.7672411873073701,
                        1.5043863885811686,
                        0.1453991427732222
                    ],
                    [
                        0.8125288554945103,
                        1.453977582951761,
                        0.07671448820288927
                    ],
                    [
                        0.8156657775294669,
                        1.4597820948846705,
                        0.1283606718688877
                    ]
                ]
            ],
            "Cut Time": [
                0.6067221164703369,
                1.1572294235229492,
                0.7128610610961914
            ],
            "Rule Time": [
                2.8156723976135254,
                5.585058212280273,
                2.2399072647094727
            ],
            "Between Time": [
                2.2260425090789795,
                6.550700426101685,
                16.89996075630188
            ]
        }
    ],
    "Explanations": [
        {
            "Branch Num": 1,
            "Decision": "Canopy Cut",
            "Explanation": "Branch too long. Pruned back to ~6 inches"
        },
        {
            "Branch Num": 2,
            "Decision": "Canopy Cut",
            "Explanation": "Branch too long. Pruned back to ~6 inches"
        },
        {
            "Branch Num": 3,
            "Decision": "Canopy Cut",
            "Explanation": "Branch too long. Pruned back to ~6 inches"
        },
        {
            "Branch Num": 4,
            "Decision": "Canopy Cut",
            "Explanation": "Branch too long. Pruned back to ~6 inches"
        }
    ],
    "Reset Answer": ""
}