{
    "Pruning Time": 84.57840037345886,
    "Cut Data": [
        {
            "Rule": [
                "Canopy",
                "Vigor",
                "Canopy",
                "Spacing",
                "Vigor"
            ],
            "Sequence": [
                1,
                2,
                3,
                4,
                5
            ],
            "Vertices": [
                [
                    [
                        0.7142812705942465,
                        1.38293971277103,
                        0.0898494008607103
                    ],
                    [
                        0.7236952482980638,
                        1.3962189117480643,
                        0.1393637252967563
                    ],
                    [
                        0.7733828382582539,
                        1.3962189117480643,
                        0.12321924866034609
                    ],
                    [
                        0.7661408568349407,
                        1.38293971277103,
                        0.07299919985261971
                    ],
                    [
                        0.7142812705942465,
                        1.380467224292639,
                        0.0898494008607103
                    ],
                    [
                        0.7236952482980638,
                        1.3938499766561916,
                        0.1393637252967563
                    ],
                    [
                        0.7661408568349407,
                        1.380467224292639,
                        0.07299919985261971
                    ],
                    [
                        0.7733828382582539,
                        1.3938499766561916,
                        0.12321924866034609
                    ]
                ],
                [
                    [
                        0.5587763109074286,
                        1.3864669787786819,
                        0.000778376864074953
                    ],
                    [
                        0.5861985347355021,
                        1.409076189339519,
                        0.09245306491935609
                    ],
                    [
                        0.6333791464756962,
                        1.3865820802678321,
                        0.07712315488464946
                    ],
                    [
                        0.6096235746923674,
                        1.3622247348698169,
                        -0.01574290063920187
                    ],
                    [
                        0.5587763109074286,
                        1.3837195244690104,
                        0.000778376864074953
                    ],
                    [
                        0.5861985347355021,
                        1.4065268569780611,
                        0.09245306491935609
                    ],
                    [
                        0.6096235746923674,
                        1.3594772805601456,
                        -0.01574290063920187
                    ],
                    [
                        0.6333791464756962,
                        1.384032747906374,
                        0.07712315488464946
                    ]
                ],
                [
                    [
                        0.626437496088839,
                        2.051374004088382,
                        -0.015097249320707997
                    ],
                    [
                        0.6214345643272267,
                        2.039861304057834,
                        0.034823040582756724
                    ],
                    [
                        0.6452256061752327,
                        2.0380630960998563,
                        0.03523831476292366
                    ],
                    [
                        0.6510344523641131,
                        2.0495148823736287,
                        -0.014667907851886512
                    ],
                    [
                        0.626437496088839,
                        2.0482134971733017,
                        -0.015097249320707997
                    ],
                    [
                        0.6214345643272267,
                        2.036804350529272,
                        0.034823040582756724
                    ],
                    [
                        0.6510344523641131,
                        2.0463543754585483,
                        -0.014667907851886512
                    ],
                    [
                        0.6452256061752327,
                        2.0350061425712935,
                        0.03523831476292366
                    ]
                ],
                [
                    [
                        0.4491971354126341,
                        2.090862624627587,
                        -0.08045387769546411
                    ],
                    [
                        0.44996992371310873,
                        2.078558045758959,
                        -0.03043277222330917
                    ],
                    [
                        0.4809629989224276,
                        2.082306145221919,
                        -0.02989178608320523
                    ],
                    [
                        0.48119760365603786,
                        2.094732551604098,
                        -0.07989530744454197
                    ],
                    [
                        0.4491971354126341,
                        2.087573186697553,
                        -0.08045387769546411
                    ],
                    [
                        0.44996992371310873,
                        2.075372161215443,
                        -0.03043277222330917
                    ],
                    [
                        0.48119760365603786,
                        2.0914431136740634,
                        -0.07989530744454197
                    ],
                    [
                        0.4809629989224276,
                        2.079120260678403,
                        -0.02989178608320523
                    ]
                ],
                [
                    [
                        0.3820634170236287,
                        1.5043572964198724,
                        0.6145953232004823
                    ],
                    [
                        0.27343970572627896,
                        1.2725617633161486,
                        -0.4444913937228546
                    ],
                    [
                        0.3258025416719761,
                        1.2488151946114903,
                        -0.44357739702159665
                    ],
                    [
                        0.4060304043269101,
                        1.4934882573320873,
                        0.615013668519995
                    ],
                    [
                        0.3820634170236287,
                        1.502509559774949,
                        0.6145953232004823
                    ],
                    [
                        0.27343970572627896,
                        1.2685248466363566,
                        -0.4444913937228546
                    ],
                    [
                        0.4060304043269101,
                        1.4916405206871641,
                        0.615013668519995
                    ],
                    [
                        0.3258025416719761,
                        1.244778277931698,
                        -0.44357739702159665
                    ]
                ]
            ],
            "Cut Time": [
                0.7365660667419434,
                0.6376564502716064,
                0.5930964946746826,
                0.00016570091247558594,
                0.5703575611114502
            ],