{
    "Pruning Time": 158.80165028572083,
    "Cut Data": [
        {
            "Rule": [
                "Vigor",
                "Canopy",
                "Canopy"
            ],
            "Sequence": [
                1,
                2,
                3
            ],
            "Vertices": [
                [
                    [
                        0.7092554971283588,
                        2.093855273724736,
                        0.0029261742709895356
                    ],
                    [
                        0.6815505584798498,
                        2.1048197499443058,
                        0.04466574740335481
                    ],
                    [
                        0.7905728112219391,
                        2.1070151957779486,
                        0.1076097743716593
                    ],
                    [
                        0.8213026274988875,
                        2.0961116333151537,
                        0.06761661515233923
                    ],
                    [
                        0.7092554971283588,
                        2.090019462421025,
                        0.0029261742709895356
                    ],
                    [
                        0.6815505584798498,
                        2.101087492027113,
                        0.04466574740335481
                    ],
                    [
                        0.8213026274988875,
                        2.092275822011443,
                        0.06761661515233923
                    ],
                    [
                        0.7905728112219391,
                        2.1032829378607554,
                        0.1076097743716593
                    ]
                ],
                [
                    [
                        0.2478436769562329,
                        2.0187650753431665,
                        0.004090916109289102
                    ],
                    [
                        0.22502170951093456,
                        2.033384376969259,
                        0.04950011301738122
                    ],
                    [
                        0.272963376559788,
                        1.9867228146661853,
                        0.08562675039072426
                    ],
                    [
                        0.2972873804917616,
                        1.9706415828774833,
                        0.04134941916056849
                    ],
                    [
                        0.24518615726402848,
                        2.0161769613868388,
                        0.002088331382000388
                    ],
                    [
                        0.22244492186864384,
                        2.030874886605343,
                        0.04755836425327809
                    ],
                    [
                        0.2946298607995573,
                        1.9680534689211557,
                        0.03934683443327996
                    ],
                    [
                        0.27038658891749734,
                        1.984213324302269,
                        0.0836850016266213
                    ]
                ],
                [
                    [
                        0.9815770720299625,
                        2.6665113181984137,
                        0.09053907735462859
                    ],
                    [
                        0.935827837194331,
                        2.667999980943726,
                        0.1175734855780399
                    ],
                    [
                        0.9614205953722044,
                        2.673718191499114,
                        0.13837136926930477
                    ],
                    [
                        1.0079416555963787,
                        2.6724019783214885,
                        0.11196418279937974
                    ],
                    [
                        0.9815770720299625,
                        2.6630278037117048,
                        0.09115331494632407
                    ],
                    [
                        0.935827837194331,
                        2.6646184466349108,
                        0.11816974131287528
                    ],
                    [
                        1.0079416555963787,
                        2.66891846383478,
                        0.11257842039107523
                    ],
                    [
                        0.9614205953722044,
                        2.670336657190299,
                        0.13896762500414014
                    ]
                ]
            ],
            "Cut Time": [
                1.3729851245880127,
                0.5948371887207031,
                0.39808201789855957
            ],
            "Rule Time": [
                4.735057830810547,
                1.934981346130371,
                4.919385194778442
            ],
            "Between Time": [
                3.8918702602386475,
                10.304708480834961,
                24.227425575256348
            ]
        }
    ],
    "Explanations": [
        {
            "Branch Num": 1,
            "Decision": "Branch Vigor",
            "Explanation": "Branch is vigorous and removed due to placement and shading."
        },
        {
            "Branch Num": 2,
            "Decision": "Branch Vigor",
            "Explanation": "Branch is strong vigor and removed to prevent shading."
        },
        {
            "Branch Num": 1,
            "Decision": "Branch Vigor",
            "Explanation": "Branch is vigorous and removed due to placement and shading."
        },
        {
            "Branch Num": 3,
            "Decision": "Branch Vigor",
            "Explanation": "Branch is vigorous and removed to prevent shading"
        }
    ],
    "Reset Answer": ""
}