{
    "Pruning Time": 108.9034378528595,
    "Cut Data": [
        {
            "Rule": [
                "Canopy",
                "Canopy",
                "Vigor",
                "Vigor",
                "Canopy"
            ],
            "Sequence": [
                1,
                2,
                3,
                4,
                5
            ],
            "Vertices": [
                [
                    [
                        -0.4694254516980319,
                        1.3757916347863874,
                        -0.05316548842600351
                    ],
                    [
                        -0.45822569555474396,
                        1.3865124559788553,
                        -0.001994644852045352
                    ],
                    [
                        -0.4288761381479659,
                        1.3865124559788553,
                        0.0005731087005512056
                    ],
                    [
                        -0.4390721818215331,
                        1.3757916347863874,
                        -0.05050992141086677
                    ],
                    [
                        -0.4694254516980319,
                        1.3726600767133013,
                        -0.05316548842600351
                    ],
                    [
                        -0.45822569555474396,
                        1.3834844512922873,
                        -0.001994644852045352
                    ],
                    [
                        -0.4390721818215331,
                        1.3726600767133013,
                        -0.05050992141086677
                    ],
                    [
                        -0.4288761381479659,
                        1.3834844512922873,
                        0.0005731087005512056
                    ]
                ],
                [
                    [
                        0.6194192625802875,
                        1.469323223965143,
                        -0.11026900585023663
                    ],
                    [
                        0.5830416625728795,
                        1.47905762997306,
                        -0.0730883757068995
                    ],
                    [
                        0.6015715891447038,
                        1.4757063954498995,
                        -0.0637230092733398
                    ],
                    [
                        0.6384925352231413,
                        1.4658737224518679,
                        -0.10062902229740756
                    ],
                    [
                        0.6194192625802875,
                        1.465701984722331,
                        -0.10995218846857552
                    ],
                    [
                        0.5830416625728795,
                        1.4755395500648667,
                        -0.0727805835975544
                    ],
                    [
                        0.6384925352231413,
                        1.4622524832090555,
                        -0.10031220491574624
                    ],
                    [
                        0.6015715891447038,
                        1.472188315541706,
                        -0.06341521716399452
                    ]
                ],
                [
                    [
                        -0.2991302993467931,
                        2.0201030270300144,
                        0.18010898463528974
                    ],
                    [
                        -0.2822930205025492,
                        2.0095670513463206,
                        0.2292245255980889
                    ],
                    [
                        -0.3266118191160899,
                        2.0037290351490005,
                        0.23330814951824594
                    ],
                    [
                        -0.3452557804058311,
                        2.0140270205958157,
                        0.18435907993737422
                    ],
                    [
                        -0.2991302993467931,
                        2.0174608692472806,
                        0.18020125081818117
                    ],
                    [
                        -0.2822930205025492,
                        2.0070283838681795,
                        0.229313177819909
                    ],
                    [
                        -0.3452557804058311,
                        2.0113848628130824,
                        0.18445134612026592
                    ],
                    [
                        -0.3266118191160899,
                        2.00119036767086,
                        0.2333968017400663
                    ]
                ],
                [
                    [
                        -0.1924108823309703,
                        1.5630267781079448,
                        -0.03598739333250066
                    ],
                    [
                        -0.2133552128791874,
                        1.5695543356350201,
                        0.009559590629545313
                    ],
                    [
                        -0.20413177483797332,
                        1.5681223762044063,
                        0.015154974540674817
                    ],
                    [
                        -0.18284198992827463,
                        1.5615411861133608,
                        -0.03018244008641966
                    ],
                    [
                        -0.1924108823309703,
                        1.5601601546120785,
                        -0.03588728863418183
                    ],
                    [
                        -0.2133552128791874,
                        1.5667912024437467,
                        0.009656081366792819
                    ],
                    [
                        -0.18284198992827463,
                        1.558674562617494,
                        -0.03008233538810083
                    ],
                    [
                        -0.20413177483797332,
                        1.5653592430131325,
                        0.015251465277922321
                    ]
                ],
                [
                    [
                        0.0886856102118038,
                        1.6227612785590122,
                        0.014747690767044316
                    ],
                    [
                        0.06571748348688725,
                        1.6269952738169509,
                        0.059195630447438904
                    ],
                    [
                        0.08852833490013692,
                        1.6066017171555234,
                        0.06959632309306274
                    ],
                    [
                        0.11230025286660095,
                        1.6016491094297074,
                        0.025514875022434366
                    ],
                    [
                        0.0886856102118038,
                        1.6197208292049052,
                        0.014853865598090474
                    ],
                    [
                        0.06571748348688725,
                        1.624058314767437,
                        0.059298191317413734
                    ],
                    [
                        0.11230025286660095,
                        1.5986086600756002,
                        0.025621049853480522
                    ],
                    [
                        0.08852833490013692,
                        1.603664758106009,
                        0.06969888396303758
                    ]
                ]
            ],
            "Cut Time": [
                0.0002484321594238281,
                0.4283285140991211,
                0.44190096855163574,
                0.1561417579650879,
                0.37546467781066895
            ],