{
    "Pruning Time": 146.70992946624756,
    "Cut Data": [
        {
            "Rule": [
                "Spacing",
                "Canopy",
                "Canopy",
                "Vigor",
                "Canopy",
                "Spacing",
                "Spacing",
                "Spacing"
            ],
            "Sequence": [
                1,
                2,
                3,
                4,
                5,
                6,
                7,
                8
            ],
            "Vertices": [
                [
                    [
                        -0.34741042918360004,
                        1.5086901463633313,
                        -0.03486444964483439
                    ],
                    [
                        -0.324018959940256,
                        1.5245730755366818,
                        0.00768143542037414
                    ],
                    [
                        -0.3054051427508294,
                        1.5229543248242863,
                        -0.0038365743866924326
                    ],
                    [
                        -0.3281700168813023,
                        1.5070169038035612,
                        -0.04677018909282649
                    ],
                    [
                        -0.34741042918360004,
                        1.5055413508881312,
                        -0.03442191530044257
                    ],
                    [
                        -0.324018959940256,
                        1.5215268256735608,
                        0.00810955791884931
                    ],
                    [
                        -0.3281700168813023,
                        1.5038681083283612,
                        -0.04632765474843467
                    ],
                    [
                        -0.3054051427508294,
                        1.519908074961165,
                        -0.0034084518882172617
                    ]
                ],
                [
                    [
                        -0.4258434496381869,
                        1.4454523900232503,
                        0.007966270816927908
                    ],
                    [
                        -0.4001164895195948,
                        1.4632434464098854,
                        0.048770267291206836
                    ],
                    [
                        -0.3796319916078104,
                        1.4614620119383683,
                        0.0360947023901617
                    ],
                    [
                        -0.40467539342145215,
                        1.4436115099000517,
                        -0.005132271874217825
                    ],
                    [
                        -0.4258434496381869,
                        1.4422768141205844,
                        0.008412568904949284
                    ],
                    [
                        -0.4001164895195948,
                        1.4601704161192985,
                        0.04920215353331157
                    ],
                    [
                        -0.40467539342145215,
                        1.4404359339973858,
                        -0.00468597378619645
                    ],
                    [
                        -0.3796319916078104,
                        1.4583889816477813,
                        0.036526588632266425
                    ]
                ],
                [
                    [
                        -0.5786303925226011,
                        1.396797120142191,
                        0.2283968848639944
                    ],
                    [
                        -0.5499169426845855,
                        1.4214577173561815,
                        0.27249269736710374
                    ],
                    [
                        -0.5356225682422301,
                        1.408217290148447,
                        0.2682262862961272
                    ],
                    [
                        -0.5637286425780166,
                        1.3829941002055854,
                        0.22394919173850028
                    ],
                    [
                        -0.5786303925226011,
                        1.3940510481009736,
                        0.22878282012082007
                    ],
                    [
                        -0.5499169426845855,
                        1.4188235715579487,
                        0.2728629024163152
                    ],
                    [
                        -0.5637286425780166,
                        1.380248028164368,
                        0.22433512699532593
                    ],
                    [
                        -0.5356225682422301,
                        1.405583144350214,
                        0.2685964913453387
                    ]
                ],
                [
                    [
                        -0.23805617172340338,
                        1.533539100290827,
                        0.006888479460817489
                    ],
                    [
                        -0.2658750014905061,
                        1.551093011748842,
                        0.04863120252288577
                    ],
                    [
                        -0.2388245415338607,
                        1.5522439949430364,
                        0.0568208734938306
                    ],
                    [
                        -0.20984948596842523,
                        1.5347392802995934,
                        0.01542820395660589
                    ],
                    [
                        -0.23805617172340338,
                        1.5310374506479676,
                        0.007240063389757934
                    ],
                    [
                        -0.2658750014905061,
                        1.5486939077180617,
                        0.04896837460590956
                    ],
                    [
                        -0.20984948596842523,
                        1.5322376306567342,
                        0.015779787885546334
                    ],
                    [
                        -0.2388245415338607,
                        1.5498448909122562,
                        0.057158045576854395
                    ]
                ],
                [
                    [
                        -0.8094677182396403,
                        2.150828534610647,
                        0.09867329202152808
                    ],
                    [
                        -0.7831722064391137,
                        2.1380562278336686,
                        0.14052428679367357
                    ],
                    [
                        -0.7308243006010223,
                        2.1242676430300618,
                        0.11368863506653523
                    ],
                    [
                        -0.7557312613311398,
                        2.136674201571615,
                        0.071125812909239
                    ],
                    [
                        -0.8094677182396403,
                        2.146836303242577,
                        0.09832401703464931
                    ],
                    [
                        -0.7831722064391137,
                        2.1341671558002173,
                        0.14018403707911084
                    ],
                    [
                        -0.7557312613311398,
                        2.1326819702035453,
                        0.07077653792236023
                    ],
                    [
                        -0.7308243006010223,
                        2.120378570996611,
                        0.11334838535197249
                    ]
                ],
                [
                    [
                        -0.5328577810280065,
                        2.0575955181457357,
