{
    "Pruning Time": 178.96976685523987,
    "Cut Data": [
        {
            "Rule": [
                "Canopy",
                "Canopy",
                "Vigor",
                "Spacing",
                "Spacing",
                "Vigor",
                "Vigor",
                "Canopy",
                "Canopy"
            ],
            "Sequence": [
                1,
                2,
                3,
                4,
                5,
                6,
                7,
                8,
                9
            ],
            "Vertices": [
                [
                    [
                        -0.6769040401722497,
                        1.2408698442160382,
                        0.03978405512419583
                    ],
                    [
                        -0.6565180162257427,
                        1.2546972670040506,
                        0.08978405512419352
                    ],
                    [
                        -0.602439102203853,
                        1.2409654646649684,
                        0.08978405512419352
                    ],
                    [
                        -0.6211458820032013,
                        1.2267116455795284,
                        0.03978405512419583
                    ],
                    [
                        -0.6769040401722497,
                        1.2374314245471716,
                        0.03978405512419583
                    ],
                    [
                        -0.6565180162257427,
                        1.2513624007217021,
                        0.08978405512419352
                    ],
                    [
                        -0.6211458820032013,
                        1.2232732259106618,
                        0.03978405512419583
                    ],
                    [
                        -0.602439102203853,
                        1.23763059838262,
                        0.08978405512419352
                    ]
                ],
                [
                    [
                        -0.33494248783055375,
                        1.892667908954994,
                        0.08624378544018593
                    ],
                    [
                        -0.3245647590011122,
                        1.8866983607910057,
                        0.1362437854401863
                    ],
                    [
                        -0.2615424756999254,
                        1.8866983607910057,
                        0.1362437854401863
                    ],
                    [
                        -0.26990511155277636,
                        1.892667908954994,
                        0.08624378544018593
                    ],
                    [
                        -0.33494248783055375,
                        1.889325710534346,
                        0.08624378544018593
                    ],
                    [
                        -0.3245647590011122,
                        1.883459715756876,
                        0.1362437854401863
                    ],
                    [
                        -0.26990511155277636,
                        1.889325710534346,
                        0.08624378544018593
                    ],
                    [
                        -0.2615424756999254,
                        1.883459715756876,
                        0.1362437854401863
                    ]
                ],
                [
                    [
                        0.6418685381641185,
                        1.4144859954406275,
                        0.04958299210362728
                    ],
                    [
                        0.6224228909400189,
                        1.423135748902733,
                        0.09958299210362907
                    ],
                    [
                        0.6847726796697617,
                        1.4270352453970607,
                        0.09958299210362907
                    ],
                    [
                        0.7061662501045656,
                        1.4185073194485058,
                        0.04958299210362728
                    ],
                    [
                        0.6418685381641185,
                        1.4110678700339307,
                        0.04958299210362728
                    ],
                    [
                        0.6224228909400189,
                        1.4198211768825544,
                        0.09958299210362907
                    ],
                    [
                        0.7061662501045656,
                        1.4150891940418093,
                        0.04958299210362728
                    ],
                    [
                        0.6847726796697617,
                        1.4237206733768821,
                        0.09958299210362907
                    ]
                ],
                [
                    [
                        0.49483227743034464,
                        1.4961158818163027,
                        0.05926725786071264
                    ],
                    [
                        0.4797526649888588,
                        1.502329085007392,
                        0.10926725786071145
                    ],
                    [
                        0.5032594770818543,
                        1.529460387065201,
                        0.10926725786071145
                    ],
                    [
                        0.5190779569480899,
                        1.524099976468967,
                        0.05926725786071264
                    ],
                    [
                        0.49483227743034464,
                        1.492717813179908,
                        0.05926725786071264
                    ],
                    [
                        0.4797526649888588,
                        1.4990345697575154,
                        0.10926725786071145
                    ],
                    [
                        0.5190779569480899,
                        1.5207019078325723,
                        0.05926725786071264
                    ],
                    [
                        0.5032594770818543,
                        1.5261658718153244,
                        0.10926725786071145
                    ]
                ],
                [
                    [
                        0.3870342904914436,
                        1.3797349266853223,
                        -0.05480299348085893
                    ],
                    [
                        0.3720706082573459,
                        1.3886892489313039,
                        -0.005921154163782147
                    ],
                    [
                        0.47675742013056827,
                        1.3886892489313039,
                        0.003237755095795932
                    ],
                    [
                        0.49473223977382796,
                        1.3797349266853223,
                        -0.045380643833660354
                    ],
                    [
                        0.3870342904914436,
                        1.3760311809395063,
                        -0.05480299348085893
                    ],
                    [
                        0.3720706082573459,
                        1.385089056572006,
                        -0.005921154163782147
                    ],
                    [
                        0.49473223977382796,
                        1.3760311809395063,
                        -0.045380643833660354
                    ],
                    [
                        0.47675742013056827,
                        1.385089056572006,
                        0.003237755095795932
                    ]
                ],
                [
                    [
                        -0.014378112039192224,
                        1.5688984617426653,
