{
    "Pruning Time": 172.54599332809448,
    "Cut Data": [
        {
            "Rule": [
                "Canopy",
                "Canopy"
            ],
            "Sequence": [
                1,
                2
            ],
            "Vertices": [
                [
                    [
                        0.6473682672810984,
                        2.107694498142111,
                        0.04798034286960286
                    ],
                    [
                        0.6394915411807174,
                        2.0924474391946717,
                        0.09682060790480976
                    ],
                    [
                        0.6833207890602992,
                        2.0884975555599627,
                        0.09968264886951309
                    ],
                    [
                        0.6926046441786448,
                        2.103617804303055,
                        0.05093426907274563
                    ],
                    [
                        0.6473682672810984,
                        2.104370026695773,
                        0.04780611470381028
                    ],
                    [
                        0.6394915411807174,
                        2.0892263792185344,
                        0.0966517993045228
                    ],
                    [
                        0.6926046441786448,
                        2.1002933328567166,
                        0.050760040906953054
                    ],
                    [
                        0.6833207890602992,
                        2.085276495583825,
                        0.09951384026922613
                    ]
                ],
                [
                    [
                        0.6972764895536994,
                        1.4758217809688392,
                        0.08256131307184773
                    ],
                    [
                        0.6874565852856528,
                        1.4804125036123783,
                        0.13230516545711538
                    ],
                    [
                        0.8435655211594458,
                        1.4544041661299971,
                        0.14187330725202735
                    ],
                    [
                        0.8586119046370747,
                        1.4489426923384434,
                        0.09244979331430297
                    ],
                    [
                        0.6972764895536994,
                        1.4726295875628739,
                        0.08239401730439937
                    ],
                    [
                        0.6874565852856528,
                        1.477323721676614,
                        0.13214328925517263
                    ],
                    [
                        0.8586119046370747,
                        1.445750498932478,
                        0.09228249754685426
                    ],
                    [
                        0.8435655211594458,
                        1.4513153841942328,
                        0.14171143105008427
                    ]
                ]
            ],
            "Cut Time": [
                0.5334453582763672,
                1.060481309890747
            ],
            "Rule Time": [
                2.9313716888427734,
                5.183556079864502
            ],
            "Between Time": [
                4.09424090385437,
                51.91637444496155
            ]
        }
    ],
    "Explanations": [
        {
            "Branch Num": 1,
            "Decision": "Canopy Cut",
            "Explanation": "Branch too long. Pruned back to ~6 inches"
        },
        {
            "Branch Num": 2,
            "Decision": "Canopy Cut",
            "Explanation": "Branch too long. Pruned back to ~6 inches"
        },
        {
            "Branch Num": 3,
            "Decision": "Canopy Cut",
            "Explanation": "Branch too long. Pruned back to ~6 inches"
        }
    ],
    "Reset Answer": ""
}