{
    "Pruning Time": 191.279687166214,
    "Cut Data": [
        {
            "Rule": [
                "Vigor",
                "Spacing",
                "Canopy",
                "Canopy",
                "Canopy",
                "Canopy",
                "Spacing",
                "Canopy"
            ],
            "Sequence": [
                1,
                2,
                3,
                4,
                5,
                6,
                7,
                8
            ],
            "Vertices": [
                [
                    [
                        0.11747965870535908,
                        1.62687652530921,
                        -0.0017773077494876025
                    ],
                    [
                        0.11704305522709776,
                        1.6361963300958442,
                        0.048222692250513455
                    ],
                    [
                        0.30058364998045733,
                        1.5624844754093812,
                        0.048222692250513455
                    ],
                    [
                        0.3057221370707634,
                        1.5512763441627098,
                        -0.0017773077494876025
                    ],
                    [
                        0.11496153439039464,
                        1.623085800627584,
                        -0.0017773077494876025
                    ],
                    [
                        0.11458782812615449,
                        1.6325002893899772,
                        0.048222692250513455
                    ],
                    [
                        0.303204012755799,
                        1.547485619481084,
                        -0.0017773077494876025
                    ],
                    [
                        0.298128422879514,
                        1.5587884347035141,
                        0.048222692250513455
                    ]
                ],
                [
                    [
                        0.2374897864771622,
                        2.37256705560845,
                        0.05999623510324258
                    ],
                    [
                        0.29157838099174116,
                        2.355045412359807,
                        0.12507646112873486
                    ],
                    [
                        0.29853075757304287,
                        2.2527087935031567,
                        0.11903285237030527
                    ],
                    [
                        0.24478526582207416,
                        2.2651800807566027,
                        0.05365437166269851
                    ],
                    [
                        0.23327208748088493,
                        2.37256705560845,
                        0.0636626249048074
                    ],
                    [
                        0.2875590382806761,
                        2.355045412359807,
                        0.1285704224422022
                    ],
                    [
                        0.24056756682579689,
                        2.2651800807566027,
                        0.057320761464263126
                    ],
                    [
                        0.2945114148619778,
                        2.2527087935031567,
                        0.12252681368377244
                    ]
                ],
                [
                    [
                        -0.17796882059380706,
                        1.4289377683443585,
                        0.12192650093449497
                    ],
                    [
                        -0.17148747176685117,
                        1.444166207538205,
                        0.17204724970128624
                    ],
                    [
                        -0.019506601512816746,
                        1.628703026635521,
                        0.17470008565941722
                    ],
                    [
                        -0.021824059132221563,
                        1.6185304292540312,
                        0.12465201788400782
                    ],
                    [
                        -0.17330292519798246,
                        1.431261700663189,
                        0.1220079444415775
                    ],
                    [
                        -0.16694600117165495,
                        1.4464281678686144,
                        0.1721265213653951
                    ],
                    [
                        -0.017158163736396947,
                        1.620854361572862,
                        0.12473346139109033
                    ],
                    [
                        -0.01496513091762053,
                        1.6309649869659302,
                        0.1747793573235261
                    ]
                ],
                [
                    [
                        -0.9435776865425337,
                        1.6660307337945406,
                        0.025444205198154404
                    ],
                    [
                        -0.9178215509967506,
                        1.6745586597430953,
                        0.07590139661860439
                    ],
                    [
                        -0.7307275580424833,
                        1.7419715087963112,
                        0.07916713441330073
                    ],
                    [
                        -0.7515810474890526,
                        1.7352100817942429,
                        0.028795518998832585
                    ],
                    [
                        -0.9413322130972286,
                        1.669799573495823,
                        0.02548340008293685
                    ],
                    [
                        -0.9156334158552918,
                        1.6782312618886,
                        0.07593959065957033
                    ],
                    [
                        -0.7493355740437476,
                        1.7389789214955254,
                        0.0288347138836146
                    ],
                    [
                        -0.7285394229010246,
                        1.745644110941816,
                        0.07920532845426623
                    ]
                ],
                [
                    [
                        -0.4985356608334034,
                        1.742620767071788,
                        0.03514474139762568
                    ],
                    [
                        -0.48412948680497964,
                        1.7491994528035295,
                        0.08540381850285252
                    ],
                    [
                        -0.384276368768717,
                        1.677210406848987,
                        0.08714676116146075
                    ],
                    [
                        -0.39606332090852003,
                        1.6687433946572086,
                        0.03693340274436121
                    ],
                    [
                        -0.5023164685696728,
                        1.7394492840809848,
                        0.035078747153108256
                    ],
                    [
                        -0.4878136560299517,
                        1.7461090338118015,
                        0.08533951108982435
                    ],
                    [
                        -0.3998441286447895,
                        1.6655719116664054,
                        0.03686740849984335
                    ],
                    [
                        -0.38796053799368907,
                        1.674119987857259,
                        0.08708245374843217
                    ]
                ],
                [
                    [
                        0.9801615700529593,
                        2.467528109446159,
                        0.22182113403859985
