{
    "Pruning Time": 191.52472138404846,
    "Cut Data": [
        {
            "Rule": [
                "Vigor",
                "Vigor",
                "Vigor",
                "Canopy",
                "Spacing",
                "Canopy",
                "Canopy",
                "Vigor",
                "Vigor",
                "Spacing",
                "Canopy",
                "Vigor"
            ],
            "Sequence": [
                1,
                2,
                3,
                4,
                5,
                6,
                7,
                8,
                9,
                10,
                11,
                12
            ],
            "Vertices": [
                [
                    [
                        -0.759802391442508,
                        2.1430889820420576,
                        0.09610870382797655
                    ],
                    [
                        -0.750029190506044,
                        2.1321107370772183,
                        0.146522549804758
                    ],
                    [
                        -0.6297402328742703,
                        2.0776011772537837,
                        0.14842606557844895
                    ],
                    [
                        -0.6348115501986897,
                        2.086448739477002,
                        0.09808662468254768
                    ],
                    [
                        -0.7616490087015588,
                        2.140628325636528,
                        0.09619463184311267
                    ],
                    [
                        -0.7518063420399131,
                        2.129742645214122,
                        0.1466052453948447
                    ],
                    [
                        -0.6366581674577405,
                        2.0839880830714725,
                        0.0981725526976835
                    ],
                    [
                        -0.6315173844081395,
                        2.0752330853906873,
                        0.14850876116853537
                    ]
                ],
                [
                    [
                        -0.8535645293971853,
                        2.1465854450600634,
                        0.11412037179211434
                    ],
                    [
                        -0.8323724682600412,
                        2.1454052363122362,
                        0.16620041679349873
                    ],
                    [
                        -0.7523081018962912,
                        2.1251034763844556,
                        0.17164025697107796
                    ],
                    [
                        -0.7683952608260726,
                        2.124989245373679,
                        0.11990705605766226
                    ],
                    [
                        -0.8542851166594994,
                        2.144982458058607,
                        0.11454989086463196
                    ],
                    [
                        -0.8330498647380771,
                        2.1438983296460865,
                        0.16660419121776252
                    ],
                    [
                        -0.7691158480883866,
                        2.1233862583722227,
                        0.12033657513018006
                    ],
                    [
                        -0.752985498374327,
                        2.123596569718306,
                        0.1720440313953419
                    ]
                ],
                [
                    [
                        -0.5174958266751837,
                        1.4064896867859817,
                        -0.007641317038871474
                    ],
                    [
                        -0.5169248836651498,
                        1.4184679115996222,
                        0.04257538005517017
                    ],
                    [
                        -0.46316348849349775,
                        1.3986081124624339,
                        0.04222872597176891
                    ],
                    [
                        -0.46192084782460024,
                        1.3859599383763264,
                        -0.007999665130321928
                    ],
                    [
                        -0.5174958266751837,
                        1.4033169074863077,
                        -0.007696698107550159
                    ],
                    [
                        -0.5169248836651498,
                        1.415398669914784,
                        0.04252180624228079
                    ],
                    [
                        -0.46192084782460024,
                        1.3827871590766527,
                        -0.008055046199000613
                    ],
                    [
                        -0.46316348849349775,
                        1.395538870777596,
                        0.04217515215887986
                    ]
                ],
                [
                    [
                        -0.628118692804384,
                        1.5437598427635073,
                        -0.04941753578438838
                    ],
                    [
                        -0.6240549219682595,
                        1.5510484226698784,
                        0.0007173032533092541
                    ],
                    [
                        -0.5317826659588103,
                        1.532456083845554,
                        0.0003927727719632057
                    ],
                    [
                        -0.5328237973300488,
                        1.5245584591460308,
                        -0.04975269718214291
                    ],
                    [
                        -0.628118692804384,
                        1.5404956075485363,
                        -0.04947451322200664
                    ],
                    [
                        -0.6240549219682595,
                        1.5478877250697431,
                        0.0006621330714802937
                    ],
                    [
                        -0.5328237973300488,
                        1.52129422393106,
                        -0.04980967461976135
                    ],
                    [
                        -0.5317826659588103,
                        1.5292953862454188,
                        0.0003376025901342453
                    ]
                ],
                [
                    [
                        -0.46570859472644816,
                        1.986406388905526,
                        0.023436398434370783
                    ],
                    [
                        -0.4674885935224365,
                        1.9936988767594708,
                        0.07324619122359713
                    ],
                    [
                        -0.39878524398494397,
                        2.000146898049384,
                        0.07151844912618602
                    ],
                    [
                        -0.3932437382993199,
                        1.993207439220513,
                        0.021614062494786597
                    ],
                    [
                        -0.46570859472644816,
                        1.9844794246496127,
                        0.023952726950586395
                    ],
                    [
                        -0.4674885935224365,
                        1.9918719373939953,
                        0.07373571815119678
                    ],
                    [
                        -0.3932437382993199,
                        1.9912804749645998,
                        0.0221303910110021
                    ],
                    [
                        -0.39878524398494397,
                        1.9983199586839089,
                        0.07200797605378587
                    ]
