{
    "Pruning Time": 191.97406339645386,
    "Cut Data": [
        {
            "Rule": [
                "Vigor",
                "Canopy",
                "Canopy",
                "Canopy",
                "Vigor",
                "Vigor",
                "Canopy"
            ],
            "Sequence": [
                1,
                2,
                3,
                4,
                5,
                6,
                7
            ],
            "Vertices": [
                [
                    [
                        0.09010585809671923,
                        1.6852866606358077,
                        0.010900121546268047
                    ],
                    [
                        0.07594586007287181,
                        1.685773970690011,
                        0.05894623380583063
                    ],
                    [
                        0.07976711569219325,
                        1.47594003836767,
                        0.059828440178491774
                    ],
                    [
                        0.09405801013431726,
                        1.4682649050139711,
                        0.011812547738241525
                    ],
                    [
                        0.08553618230324661,
                        1.6852866606358077,
                        0.009845128761798695
                    ],
                    [
                        0.0715275332630315,
                        1.685773970690011,
                        0.057926182687441166
                    ],
                    [
                        0.08948833434084466,
                        1.4682649050139711,
                        0.010757554953772175
                    ],
                    [
                        0.07534878888235295,
                        1.47594003836767,
                        0.05880838906010231
                    ]
                ],
                [
                    [
                        -0.2226400591160359,
                        1.515938706241803,
                        -0.04166855431847963
                    ],
                    [
                        -0.2154112178165342,
                        1.521914943794208,
                        0.008387474950683552
                    ],
                    [
                        -0.14126968238200616,
                        1.5400868883050034,
                        0.008387474950683552
                    ],
                    [
                        -0.14601045737377238,
                        1.534720470911007,
                        -0.04166855431847963
                    ],
                    [
                        -0.2226400591160359,
                        1.5127458062480386,
                        -0.04166855431847963
                    ],
                    [
                        -0.2154112178165342,
                        1.518825713227373,
                        0.008387474950683552
                    ],
                    [
                        -0.14601045737377238,
                        1.5315275709172422,
                        -0.04166855431847963
                    ],
                    [
                        -0.14126968238200616,
                        1.536997657738168,
                        0.008387474950683552
                    ]
                ],
                [
                    [
                        -0.28818533586374734,
                        1.408390770517172,
                        0.06886838645971698
                    ],
                    [
                        -0.25910394944338666,
                        1.4178313719372546,
                        0.11100171966002687
                    ],
                    [
                        -0.251720885847274,
                        1.3298827086449705,
                        0.10771456796158031
                    ],
                    [
                        -0.2805552548683279,
                        1.3174995821069402,
                        0.06547125552932874
                    ],
                    [
                        -0.29259647643922404,
                        1.408390770517172,
                        0.0708323527788477
                    ],
                    [
                        -0.26337228308488914,
                        1.4178313719372546,
                        0.11290210423569128
                    ],
                    [
                        -0.28496639544380475,
                        1.3174995821069402,
                        0.06743522184845945
                    ],
                    [
                        -0.2559892194887766,
                        1.3298827086449705,
                        0.10961495253724474
                    ]
                ],
                [
                    [
                        0.5904337149066581,
                        1.5312717550578963,
                        -0.0928124791254868
                    ],
                    [
                        0.5911651853324602,
                        1.537545872005761,
                        -0.0384063368162052
                    ],
                    [
                        0.6833183241961813,
                        1.5312369738312275,
                        -0.07943555767955479
                    ],
                    [
                        0.6861458865723302,
                        1.524719201856261,
                        -0.13542628348421898
                    ],
                    [
                        0.5904337149066581,
                        1.5284869199472015,
                        -0.0928124791254868
                    ],
                    [
                        0.5911651853324602,
                        1.5348645902815845,
                        -0.0384063368162052
                    ],
                    [
                        0.6861458865723302,
                        1.5219343667455663,
                        -0.13542628348421898
                    ],
                    [
                        0.6833183241961813,
                        1.528555692107051,
                        -0.07943555767955479
                    ]
                ],
                [
                    [
                        -0.2411731940610999,
                        1.999611738424822,
                        0.07155941005421665
                    ],
                    [
                        -0.21270666490797902,
                        1.9898655373407599,
                        0.1134541454571488
                    ],
                    [
                        -0.21270666490797902,
                        1.924645791439089,
                        0.1134541454571488
                    ],
                    [
                        -0.2411731940610999,
                        1.932199097279237,
                        0.07155941005421665
                    ],
                    [
                        -0.24550087011567182,
                        1.999611738424822,
                        0.07357743854047762
                    ],
                    [
                        -0.21689356409821214,
                        1.9898655373407599,
                        0.11540652861347754
                    ],
                    [
                        -0.24550087011567182,
                        1.932199097279237,
                        0.07357743854047762
                    ],
                    [
                        -0.21689356409821214,
                        1.924645791439089,
                        0.11540652861347754
                    ]
                ],
                [
                    [
                        0.07758318766987997,
                        1.8320427841238833,
                        0.009195303836241592
                    ],
