{
    "Pruning Time": 200.4832682609558,
    "Cut Data": [
        {
            "Rule": [
                "Vigor",
                "Vigor",
                "Vigor",
                "Vigor",
                "Vigor"
            ],
            "Sequence": [
                1,
                2,
                3,
                4,
                5
            ],
            "Vertices": [
                [
                    [
                        0.0951114534336899,
                        1.378781813271153,
                        0.07242979410013249
                    ],
                    [
                        0.09084009723771698,
                        1.3932073870859827,
                        0.14552227489371103
                    ],
                    [
                        0.23075472976477548,
                        1.412145202697959,
                        0.14552227489371103
                    ],
                    [
                        0.24160495642351132,
                        1.3986100964025634,
                        0.07242979410013249
                    ],
                    [
                        0.0951114534336899,
                        1.3754110051388133,
                        0.07242979410013249
                    ],
                    [
                        0.09084009723771698,
                        1.3899879584319468,
                        0.14552227489371103
                    ],
                    [
                        0.24160495642351132,
                        1.3952392882702236,
                        0.07242979410013249
                    ],
                    [
                        0.23075472976477548,
                        1.4089257740439232,
                        0.14552227489371103
                    ]
                ],
                [
                    [
                        -0.03037738440831177,
                        1.5265488896052546,
                        0.025007841589710075
                    ],
                    [
                        -0.029470592568846002,
                        1.5317265589311628,
                        0.07500784158971055
                    ],
                    [
                        0.0229215719979913,
                        1.478274995297532,
                        0.07500784158971055
                    ],
                    [
                        0.023626854539798004,
                        1.4714526545386886,
                        0.025007841589710075
                    ],
                    [
                        -0.034266553791683495,
                        1.5242441966942313,
                        0.025007841589710075
                    ],
                    [
                        -0.03324366680025406,
                        1.5294906631455303,
                        0.07500784158971055
                    ],
                    [
                        0.01973768515642628,
                        1.4691479616276653,
                        0.025007841589710075
                    ],
                    [
                        0.01914849776658324,
                        1.4760390995119,
                        0.07500784158971055
                    ]
                ],
                [
                    [
                        0.6078308786547852,
                        1.3936551621001854,
                        0.04567208474596288
                    ],
                    [
                        0.589459947684868,
                        1.4029140531300444,
                        0.0956720847459625
                    ],
                    [
                        0.6886012917196174,
                        1.4107321043634642,
                        0.0956720847459625
                    ],
                    [
                        0.7100620319203067,
                        1.4017168683607069,
                        0.04567208474596288
                    ],
                    [
                        0.6078308786547852,
                        1.3902289369394638,
                        0.04567208474596288
                    ],
                    [
                        0.589459947684868,
                        1.399591381355841,
                        0.0956720847459625
                    ],
                    [
                        0.7100620319203067,
                        1.3982906431999853,
                        0.04567208474596288
                    ],
                    [
                        0.6886012917196174,
                        1.4074094325892608,
                        0.0956720847459625
                    ]
                ],
                [
                    [
                        -0.06874571188739147,
                        2.112894116008514,
                        0.022193224096319124
                    ],
                    [
                        -0.06669703402785773,
                        2.1005895371398857,
                        0.07219322409631873
                    ],
                    [
                        -0.03826879001598389,
                        1.9439233320208213,
                        0.07219322409631873
                    ],
                    [
                        -0.03944426091899505,
                        1.951415724104194,
                        0.022193224096319124
                    ],
                    [
                        -0.07395798922311582,
                        2.112894116008514,
                        0.022193224096319124
                    ],
                    [
                        -0.07175398127996989,
                        2.1005895371398857,
                        0.07219322409631873
                    ],
                    [
                        -0.04465653825471941,
                        1.951415724104194,
                        0.022193224096319124
                    ],
                    [
                        -0.043325737268096055,
                        1.9439233320208213,
                        0.07219322409631873
                    ]
                ],
                [
                    [
                        -0.38638382786192954,
                        1.895003597993954,
                        0.032652928800769816
                    ],
                    [
                        -0.37479704324653357,
                        1.8891558773435164,
                        0.08265292880077037
                    ],
                    [
                        -0.28571484746040093,
                        1.8773336350095464,
                        0.08265292880077037
                    ],
                    [
                        -0.2945476716744564,
                        1.8828158731193316,
                        0.032652928800769816
                    ],
                    [
                        -0.38638382786192954,
                        1.8915504092794775,
                        0.032652928800769816
                    ],
                    [
                        -0.37479704324653357,
                        1.8858062420155581,
                        0.08265292880077037
                    ],
                    [
                        -0.2945476716744564,
                        1.8793626844048557,
                        0.032652928800769816
                    ],
                    [
                        -0.28571484746040093,
                        1.8739839996815881,
                        0.08265292880077037
                    ]
                ]
            ],
            "Cut Time": [
                0.6230778694152832,
                0.7503628730773926,
                1.1654841899871826,
                0.8285977840423584,
                0.8811953067779541
            ],