{
    "Pruning Time": 120.7290551662445,
    "Cut Data": [
        {
            "Rule": [
                "Vigor",
                "Vigor",
                "Vigor",
                "Vigor",
                "Vigor",
                "Vigor",
                "Vigor",
                "Vigor"
            ],
            "Sequence": [
                1,
                2,
                3,
                4,
                5,
                6,
                7,
                8
            ],
            "Vertices": [
                [
                    [
                        -0.6123999046597923,
                        1.3143593930349855,
                        0.051320839273574025
                    ],
                    [
                        -0.5938274643922156,
                        1.3260548343358602,
                        0.10132083927357488
                    ],
                    [
                        -0.4757062689434928,
                        1.3572169314745386,
                        0.10132083927357488
                    ],
                    [
                        -0.4905843720873201,
                        1.3464961102820703,
                        0.051320839273574025
                    ],
                    [
                        -0.6123999046597923,
                        1.3109448668274828,
                        0.051320839273574025
                    ],
                    [
                        -0.5938274643922156,
                        1.3227438615148757,
                        0.10132083927357488
                    ],
                    [
                        -0.4905843720873201,
                        1.3430815840745673,
                        0.051320839273574025
                    ],
                    [
                        -0.4757062689434928,
                        1.353905958653554,
                        0.10132083927357488
                    ]
                ],
                [
                    [
                        -0.29537671350422556,
                        1.326793256196554,
                        0.05300925757239099
                    ],
                    [
                        -0.28640954975839744,
                        1.3381232149567766,
                        0.10300925757239181
                    ],
                    [
                        -0.3679343654199637,
                        1.3186674738254205,
                        0.10300925757239181
                    ],
                    [
                        -0.37945398026947325,
                        1.3067283774974443,
                        0.05300925757239099
                    ],
                    [
                        -0.29537671350422556,
                        1.3233822268177053,
                        0.05300925757239099
                    ],
                    [
                        -0.28640954975839744,
                        1.334815738964446,
                        0.10300925757239181
                    ],
                    [
                        -0.37945398026947325,
                        1.3033173481185953,
                        0.05300925757239099
                    ],
                    [
                        -0.3679343654199637,
                        1.3153599978330899,
                        0.10300925757239181
                    ]
                ],
                [
                    [
                        0.21865787926194147,
                        1.3771516169234075,
                        0.06416980411520432
                    ],
                    [
                        0.21197448755624956,
                        1.3870196455210202,
                        0.11416980411520332
                    ],
                    [
                        0.11610662886246824,
                        1.3966795330049393,
                        0.11416980411520332
                    ],
                    [
                        0.11976738110327435,
                        1.3871160731912038,
                        0.06416980411520432
                    ],
                    [
                        0.21865787926194147,
                        1.373763701792357,
                        0.06416980411520432
                    ],
                    [
                        0.21197448755624956,
                        1.3837352837764876,
                        0.11416980411520332
                    ],
                    [
                        0.11976738110327435,
                        1.383728158060153,
                        0.06416980411520432
                    ],
                    [
                        0.11610662886246824,
                        1.393395171260407,
                        0.11416980411520332
                    ]
                ],
                [
                    [
                        -0.014545826514019792,
                        1.5275014205989756,
                        0.03420629492618286
                    ],
                    [
                        -0.014109223035758525,
                        1.5326790899248834,
                        0.08420629492618016
                    ],
                    [
                        0.042327669107275694,
                        1.4893725014348531,
                        0.08420629492618016
                    ],
                    [
                        0.043637479542059494,
                        1.482854729459887,
                        0.03420629492618286
                    ],
                    [
                        -0.017888550167389317,
                        1.5248677596037676,
                        0.03420629492618286
                    ],
                    [
                        -0.017351612426752473,
                        1.530124480164747,
                        0.08420629492618016
                    ],
                    [
                        0.04029475588868996,
                        1.4802210684646793,
                        0.03420629492618286
                    ],
                    [
                        0.03908527971628174,
                        1.4868178916747168,
                        0.08420629492618016
                    ]
                ],
                [
                    [
                        0.6532536471948509,
                        1.4032862379324338,
                        0.03183327614113345
                    ],
                    [
                        0.6336736604389803,
                        1.4121796464216396,
                        0.08183327614113055
                    ],
                    [
                        0.4771573532293523,
                        1.3865518067194569,
                        0.08183327614113055
                    ],
                    [
                        0.49190111684140586,
                        1.376866519392171,
                        0.03183327614113345
                    ],
                    [
                        0.6532536471948509,
                        1.3998313516617837,
                        0.03183327614113345
                    ],
                    [
                        0.6336736604389803,
                        1.408828313537508,
                        0.08183327614113055
                    ],
                    [
                        0.49190111684140586,
                        1.3734116331215214,
                        0.03183327614113345
                    ],
                    [
                        0.4771573532293523,
                        1.3832004738353254,
                        0.08183327614113055
                    ]
                ],
                [
                    [
                        0.8453584512531617,
                        1.4555691381319267,
                        0.04184437601378491
