{
    "Pruning Time": 193.42997312545776,
    "Cut Data": [
        {
            "Rule": [
                "Spacing",
                "Canopy",
                "Vigor",
                "Canopy",
                "Canopy",
                "Canopy",
                "Canopy",
                "Vigor"
            ],
            "Sequence": [
                1,
                2,
                3,
                4,
                5,
                6,
                7,
                8
            ],
            "Vertices": [
                [
                    [
                        0.19698525663152808,
                        2.2247041494720063,
                        0.16754261522324404
                    ],
                    [
                        0.20977896217745687,
                        2.2331117094356414,
                        0.215394744011989
                    ],
                    [
                        0.3252534270164213,
                        2.267284980319258,
                        0.18082733972872148
                    ],
                    [
                        0.3173216654259179,
                        2.2603162538504686,
                        0.13151978282827964
                    ],
                    [
                        0.19835736883775476,
                        2.226933667356962,
                        0.16664327790441297
                    ],
                    [
                        0.2110956370250814,
                        2.2352511482571376,
                        0.21453174255929344
                    ],
                    [
                        0.31869377763214457,
                        2.2625457717354247,
                        0.1306204455094486
                    ],
                    [
                        0.32657010186404584,
                        2.2694244191407544,
                        0.17996433827602593
                    ]
                ],
                [
                    [
                        0.2900148524463992,
                        2.3505686323926636,
                        -0.006953742097623632
                    ],
                    [
                        0.28817568770845425,
                        2.3540426873792555,
                        0.04413874232859708
                    ],
                    [
                        0.3986473279731548,
                        2.3426557214375126,
                        0.03919243503233248
                    ],
                    [
                        0.40464087362128054,
                        2.338753449817041,
                        -0.012086059527876045
                    ],
                    [
                        0.2900148524463992,
                        2.3478087855088074,
                        -0.006214243353860901
                    ],
                    [
                        0.28817568770845425,
                        2.351382865385837,
                        0.044851439483744204
                    ],
                    [
                        0.40464087362128054,
                        2.3359936029331854,
                        -0.011346560784113162
                    ],
                    [
                        0.3986473279731548,
                        2.339995899444094,
                        0.0399051321874796
                    ]
                ],
                [
                    [
                        0.13908666516386464,
                        1.7183202233299193,
                        0.0832577357049792
                    ],
                    [
                        0.13075395816652757,
                        1.7428145795226402,
                        0.12783673352177494
                    ],
                    [
                        0.25793015863706276,
                        1.729302156096731,
                        0.14529566190280138
                    ],
                    [
                        0.27067178462452857,
                        1.7043393539209983,
                        0.10132192671062888
                    ],
                    [
                        0.13908666516386464,
                        1.7153349593260359,
                        0.08405763478401357
                    ],
                    [
                        0.13075395816652757,
                        1.7399293404091942,
                        0.1286098310121932
                    ],
                    [
                        0.27067178462452857,
                        1.7013540899171151,
                        0.10212182578966292
                    ],
                    [
                        0.25793015863706276,
                        1.7264169169832855,
                        0.14606875939321967
                    ]
                ],
                [
                    [
                        0.5487030249763729,
                        1.6513522183428209,
                        -0.025453990861966022
                    ],
                    [
                        0.5760552548498022,
                        1.6586577994535343,
                        0.018521190291300144
                    ],
                    [
                        0.6170889597472692,
                        1.6534436378432333,
                        -0.022977324429786027
                    ],
                    [
                        0.5909716309945127,
                        1.6459811375844189,
                        -0.06820139506216158
                    ],
                    [
                        0.5487030249763729,
                        1.6478163927354903,
                        -0.025701239874274823
                    ],
                    [
                        0.5760552548498022,
                        1.6552252749818772,
                        0.018281164798079112
                    ],
                    [
                        0.5909716309945127,
                        1.6424453119770885,
                        -0.06844864407447038
                    ],
                    [
                        0.6170889597472692,
                        1.6500111133715762,
                        -0.02321734992300706
                    ]
                ],
                [
                    [
                        -0.5055220575343292,
                        1.7314233423928864,
                        0.020740941680314786
                    ],
                    [
                        -0.5299770193938731,
                        1.7360962053464437,
                        0.0674363680931966
                    ],
                    [
                        -0.4667761280207273,
                        1.7074302710663132,
                        0.12878707220612298
                    ],
                    [
                        -0.4404213182832253,
                        1.7018956969370345,
                        0.08393587619075277
                    ],
                    [
                        -0.5055220575343292,
                        1.727883595671149,
                        0.02049341847697623
                    ],
                    [
                        -0.5299770193938731,
                        1.7326597597603794,
                        0.0671960684089458
                    ],
                    [
                        -0.4404213182832253,
                        1.6983559502152967,
                        0.08368835298741421
                    ],
                    [
                        -0.4667761280207273,
                        1.7039938254802487,
                        0.1285467725218722
                    ]
                ],
                [
                    [
                        -0.6528803981025262,
                        1.5624292449046646,
                        0.07522343930586493
