{
    "Pruning Time": 267.079820394516,
    "Cut Data": [
        {
            "Rule": [
                "Canopy",
                "Canopy",
                "Vigor",
                "Vigor",
                "Vigor"
            ],
            "Sequence": [
                1,
                2,
                3,
                4,
                5
            ],
            "Vertices": [
                [
                    [
                        0.698884607631841,
                        1.4216572186347862,
                        -0.1216016302952012
                    ],
                    [
                        0.6827954429203065,
                        1.4307942821510944,
                        -0.0688490670310478
                    ],
                    [
                        0.5377727498280513,
                        1.4056684151518632,
                        -0.048467456693073355
                    ],
                    [
                        0.5489397250382706,
                        1.3956785590406997,
                        -0.10052825133614851
                    ],
                    [
                        0.698884607631841,
                        1.4185026671126473,
                        -0.1216016302952012
                    ],
                    [
                        0.6827954429203065,
                        1.4277432840154733,
                        -0.0688490670310478
                    ],
                    [
                        0.5489397250382706,
                        1.3925240075185608,
                        -0.10052825133614851
                    ],
                    [
                        0.5377727498280513,
                        1.4026174170162422,
                        -0.048467456693073355
                    ]
                ],
                [
                    [
                        -0.2594900540066854,
                        1.558535478593185,
                        -0.040466823074587405
                    ],
                    [
                        -0.2557177701393303,
                        1.5569734529061774,
                        0.010241812310354773
                    ],
                    [
                        -0.1271308928208196,
                        1.5676214247877807,
                        0.022883597646609966
                    ],
                    [
                        -0.12702215513858775,
                        1.5695048285904534,
                        -0.027443482152424876
                    ],
                    [
                        -0.2594900540066854,
                        1.5550273168379873,
                        -0.040897571175275656
                    ],
                    [
                        -0.2557177701393303,
                        1.5535680726662577,
                        0.00982368419288868
                    ],
                    [
                        -0.12702215513858775,
                        1.5659966668352554,
                        -0.02787423025311332
                    ],
                    [
                        -0.1271308928208196,
                        1.5642160445478606,
                        0.022465469529143876
                    ]
                ],
                [
                    [
                        -0.3070228114783094,
                        1.9712565934336366,
                        0.13027512124447888
                    ],
                    [
                        -0.307896823047083,
                        1.9527549749777673,
                        0.17846160299091357
                    ],
                    [
                        -0.20838996928208792,
                        1.9816774919251539,
                        0.20871614290374507
                    ],
                    [
                        -0.20457078830209122,
                        2.0010351490254585,
                        0.16142512455636768
                    ],
                    [
                        -0.3070228114783094,
                        1.9677466630966638,
                        0.12946478997660515
                    ],
                    [
                        -0.307896823047083,
                        1.9493459439607246,
                        0.17767456616651797
                    ],
                    [
                        -0.20457078830209122,
                        1.9975252186884858,
                        0.16061479328849435
                    ],
                    [
                        -0.20838996928208792,
                        1.9782684609081111,
                        0.20792910607934986
                    ]
                ],
                [
                    [
                        -0.47267101802838135,
                        1.9196918546548727,
                        0.041346349603870514
                    ],
                    [
                        -0.4654284912043462,
                        1.903297238863897,
                        0.09042550855148382
                    ],
                    [
                        -0.37585216603627597,
                        1.877327874716024,
                        0.09735028580690672
                    ],
                    [
                        -0.38056708203531137,
                        1.8929897026211902,
                        0.0484665260556623
                    ],
                    [
                        -0.47267101802838135,
                        1.9160151713566764,
                        0.04049752038147437
                    ],
                    [
                        -0.4654284912043462,
                        1.8997214548856314,
                        0.08959997377256582
                    ],
                    [
                        -0.38056708203531137,
                        1.8893130193229941,
                        0.04761769683326615
                    ],
                    [
                        -0.37585216603627597,
                        1.8737520907377585,
                        0.09652475102798871
                    ]
                ],
                [
                    [
                        -0.1400963373311353,
                        1.99357608564394,
                        0.14963288629473503
                    ],
                    [
                        -0.14054643158854516,
                        1.9736920289211317,
                        0.1963049322890791
                    ],
                    [
                        -0.06820960470090832,
                        1.9696004735255888,
                        0.2030797117110695
                    ],
                    [
                        -0.06575545635707644,
                        1.9893711758387125,
                        0.1565953574495451
                    ],
                    [
                        -0.1400963373311353,
                        1.9898656376451338,
                        0.1486386747498972
                    ],
                    [
                        -0.14054643158854516,
                        1.9700816058127637,
                        0.19533752233285745
                    ],
                    [
                        -0.06575545635707644,
                        1.9856607278399068,
                        0.15560114590470728
                    ],
                    [
                        -0.06820960470090832,
                        1.9659900504172203,
                        0.20211230175484746
                    ]
                ],
                [
                    [
                        -0.3331754219360424,
                        1.3854804574398498,
                        -0.04322912453955746
                    ],
                    [
                        -0.2950112246625603,
