{
    "Pruning Time": 151.46118783950806,
    "Cut Data": [
        {
            "Rule": [
                "Vigor",
                "Vigor",
                "Vigor"
            ],
            "Sequence": [
                1,
                2,
                3
            ],
            "Vertices": [
                [
                    [
                        0.3957514808171234,
                        2.7367895113376473,
                        0.0495182048771331
                    ],
                    [
                        0.3993450632920432,
                        2.7286270679297453,
                        0.09951820487713249
                    ],
                    [
                        0.6006549367079567,
                        2.7235085514835573,
                        0.09951820487713249
                    ],
                    [
                        0.6042485191828765,
                        2.7314882536211327,
                        0.0495182048771331
                    ],
                    [
                        0.3957514808171234,
                        2.733785465298289,
                        0.0495182048771331
                    ],
                    [
                        0.3993450632920432,
                        2.725726575276905,
                        0.09951820487713249
                    ],
                    [
                        0.6042485191828765,
                        2.7284842075817743,
                        0.0495182048771331
                    ],
                    [
                        0.6006549367079567,
                        2.720608058830717,
                        0.09951820487713249
                    ]
                ],
                [
                    [
                        0.7197366667833702,
                        2.155409114412458,
                        0.071457335626772
                    ],
                    [
                        0.712045728589383,
                        2.167470038253984,
                        0.1214573356267713
                    ],
                    [
                        0.8194575387045291,
                        2.1523550399928015,
                        0.1214573356267713
                    ],
                    [
                        0.8310443233199247,
                        2.1397458923402968,
                        0.071457335626772
                    ],
                    [
                        0.7197366667833702,
                        2.1524505057988272,
                        0.071457335626772
                    ],
                    [
                        0.712045728589383,
                        2.1646149830268717,
                        0.1214573356267713
                    ],
                    [
                        0.8310443233199247,
                        2.136787283726666,
                        0.071457335626772
                    ],
                    [
                        0.8194575387045291,
                        2.149499984765689,
                        0.1214573356267713
                    ]
                ],
                [
                    [
                        0.9990747585388643,
                        2.7187395871827693,
                        0.054892250033990266
                    ],
                    [
                        1.01920273940535,
                        2.6902220635550065,
                        0.13311947682158826
                    ],
                    [
                        0.9935887857082696,
                        2.6320633905025574,
                        0.1407695184210615
                    ],
                    [
                        0.9718889884987735,
                        2.6570119706601814,
                        0.06301174123710404
                    ],
                    [
                        0.9963269721906207,
                        2.7168927472300615,
                        0.05680803244835944
                    ],
                    [
                        1.016613823505981,
                        2.688482003480754,
                        0.13492449326890493
                    ],
                    [
                        0.9691412021505299,
                        2.6551651307074735,
                        0.06492752365147292
                    ],
                    [
                        0.9909998698089005,
                        2.630323330428305,
                        0.1425745348683779
                    ]
                ]
            ],
            "Cut Time": [
                1.2244408130645752,
                0.4691035747528076,
                0.5493626594543457
            ],
            "Rule Time": [
                4.985518932342529,
                2.864943504333496,
                3.579401969909668
            ],
            "Between Time": [
                0.6299774646759033,
                16.66202974319458,
                36.435980558395386
            ]
        }
    ],
    "Explanations": [
        {
            "Branch Num": 1,
            "Decision": "Branch Vigor",
            "Explanation": "Branch is vigorous and removed due to placement and shading."
        },
        {
            "Branch Num": 2,
            "Decision": "Branch Vigor",
            "Explanation": "Branch is strong vigor and removed to prevent shading."
        },
        {
            "Branch Num": 3,
            "Decision": "Branch Vigor",
            "Explanation": "Branch is vigorous and removed to prevent shading"
        },
        {
            "Branch Num": 1,
            "Decision": "Branch Vigor",
            "Explanation": "Branch is vigorous and removed due to placement and shading."
        },
        {
            "Branch Num": 2,
            "Decision": "Branch Vigor",
            "Explanation": "Branch is strong vigor and removed to prevent shading."
        }
    ],
    "Reset Answer": ""
}