{
    "Pruning Time": 42.35756587982178,
    "Cut Data": [
        {
            "Rule": [
                "Vigor"
            ],
            "Sequence": [
                1
            ],
            "Vertices": [
                [
                    [
                        -0.1582485929793251,
                        1.4164447662116928,
                        0.028522998824801846
                    ],
                    [
                        -0.1749580422818943,
                        1.422681874696627,
                        0.07852299882480146
                    ],
                    [
                        -0.12507296796304787,
                        1.3238285644229695,
                        0.07852299882480146
                    ],
                    [
                        -0.1066088270869392,
                        1.314114322287898,
                        0.028522998824801846
                    ],
                    [
                        -0.16225403255249515,
                        1.4149761050711238,
                        0.028522998824801846
                    ],
                    [
                        -0.17882737916470726,
                        1.4212631178746233,
                        0.07852299882480146
                    ],
                    [
                        -0.11061426666010916,
                        1.3126456611473287,
                        0.028522998824801846
                    ],
                    [
                        -0.12894230484586078,
                        1.3224098076009658,
                        0.07852299882480146
                    ]
                ]
            ],
            "Cut Time": [
                1.1169443130493164
            ],
            "Rule Time": [
                1.3522796630859375
            ],
            "Between Time": [
                3.2967913150787354
            ]
        }
    ],
    "Explanations": [],
    "Reset Answer": ""
}