{
    "Pruning Time": 17.54296612739563,
    "Cut Data": [
        {
            "Rule": [
                "Canopy"
            ],
            "Sequence": [
                1
            ],
            "Vertices": [
                [
                    [
                        -0.23484931267936,
                        2.097300983914826,
                        -0.01785574649354342
                    ],
                    [
                        -0.22759127026153755,
                        2.085022355712778,
                        0.03214425350645645
                    ],
                    [
                        -0.026260531184023515,
                        2.0863852667064515,
                        0.03214425350645645
                    ],
                    [
                        -0.02709799761684918,
                        2.0987073590791265,
                        -0.01785574649354342
                    ],
                    [
                        -0.23484931267936,
                        2.0939502950858806,
                        -0.01785574649354342
                    ],
                    [
                        -0.22759127026153755,
                        2.081775220270351,
                        0.03214425350645645
                    ],
                    [
                        -0.02709799761684918,
                        2.095356670250181,
                        -0.01785574649354342
                    ],
                    [
                        -0.026260531184023515,
                        2.0831381312640245,
                        0.03214425350645645
                    ]
                ]
            ],
            "Cut Time": [
                0.0
            ],
            "Rule Time": [
                1.4503185749053955
            ],
            "Between Time": [
                0.0
            ]
        }
    ],
    "Explanations": [],
    "Reset Answer": ""
}