{
    "Pruning Time": 25.08568835258484,
    "Cut Data": [
        {
            "Rule": [
                "Canopy"
            ],
            "Sequence": [
                1
            ],
            "Vertices": [
                [
                    [
                        -0.10417058929092457,
                        2.2899409907533284,
                        -0.013059847410456038
                    ],
                    [
                        -0.11725101738458267,
                        2.273750587194876,
                        0.03694015258954394
                    ],
                    [
                        -0.08691115900653133,
                        1.2524842207049827,
                        0.03694015258954394
                    ],
                    [
                        -0.07279386771032717,
                        1.23377289525018,
                        -0.013059847410456038
                    ],
                    [
                        -0.10886860155484997,
                        2.2898395807775325,
                        -0.013059847410456038
                    ],
                    [
                        -0.12179378092282263,
                        2.2736525283745532,
                        0.03694015258954394
                    ],
                    [
                        -0.07749187997425257,
                        1.2336714852743838,
                        -0.013059847410456038
                    ],
                    [
                        -0.0914539225447713,
                        1.2523861618846603,
                        0.03694015258954394
                    ]
                ]
            ],
            "Cut Time": [
                1.5951228141784668
            ],
            "Rule Time": [
                4.636925935745239
            ],
            "Between Time": [
                7.053887605667114
            ]
        }
    ],
    "Explanations": [],
    "Reset Answer": ""
}