{
    "Pruning Time": 163.72640442848206,
    "Cut Data": [
        {
            "Rule": [
                "Vigor",
                "Vigor",
                "Vigor",
                "Vigor",
                "Vigor",
                "Vigor",
                "Spacing"
            ],
            "Sequence": [
                1,
                2,
                3,
                4,
                5,
                6,
                7
            ],
            "Vertices": [
                [
                    [
                        0.569753292317238,
                        1.4017428708468507,
                        0.018665983240330173
                    ],
                    [
                        0.5453297538909329,
                        1.410216584304826,
                        0.06229549821578953
                    ],
                    [
                        0.6115088385023201,
                        1.4224732846665553,
                        0.09897916383273998
                    ],
                    [
                        0.6378675553050782,
                        1.4143579760074068,
                        0.05642233574752419
                    ],
                    [
                        0.569753292317238,
                        1.39809800653439,
                        0.018665983240330173
                    ],
                    [
                        0.5453297538909329,
                        1.4066752733788834,
                        0.06229549821578953
                    ],
                    [
                        0.6378675553050782,
                        1.4107131116949463,
                        0.05642233574752419
                    ],
                    [
                        0.6115088385023201,
                        1.418931973740613,
                        0.09897916383273998
                    ]
                ],
                [
                    [
                        0.3172440719284453,
                        1.3860114915129673,
                        0.04749584299965485
                    ],
                    [
                        0.30635927284860437,
                        1.3820203523925805,
                        0.09770260702518846
                    ],
                    [
                        0.35583195768764087,
                        1.378685696923211,
                        0.1175024604638277
                    ],
                    [
                        0.3680474474684209,
                        1.3825871422046978,
                        0.06782826266016963
                    ],
                    [
                        0.3172440719284453,
                        1.38219272125429,
                        0.04647260659276226
                    ],
                    [
                        0.30635927284860437,
                        1.3783016070243401,
                        0.09670617220691143
                    ],
                    [
                        0.3680474474684209,
                        1.37876837194602,
                        0.06680502625327682
                    ],
                    [
                        0.35583195768764087,
                        1.3749669515549712,
                        0.11650602564555067
                    ]
                ],
                [
                    [
                        0.4859170735912304,
                        1.453853655993797,
                        -0.01676489121920491
                    ],
                    [
                        0.4846800877517312,
                        1.4608905587626144,
                        0.03335283355778389
                    ],
                    [
                        0.5045212413958239,
                        1.4454277550875554,
                        0.0337759032118002
                    ],
                    [
                        0.5064156247590741,
                        1.437878522792513,
                        -0.01632780398597353
                    ],
                    [
                        0.4859170735912304,
                        1.4506252119871959,
                        -0.016821243918957215
                    ],
                    [
                        0.4846800877517312,
                        1.457765652370849,
                        0.033298288113820886
                    ],
                    [
                        0.5064156247590741,
                        1.4346500787859118,
                        -0.016384156685725838
                    ],
                    [
                        0.5045212413958239,
                        1.44230284869579,
                        0.0337213577678372
                    ]
                ],
                [
                    [
                        1.0824324630488984,
                        1.4548202199799267,
                        0.08115679244393571
                    ],
                    [
                        1.0670694227945132,
                        1.463199634256257,
                        0.13357285203206015
                    ],
                    [
                        1.0865562016167682,
                        1.4386768202567788,
                        0.1307517646687834
                    ],
                    [
                        1.10269084518103,
                        1.429326394577175,
                        0.07822400060826722
                    ],
                    [
                        1.0824324630488984,
                        1.4521018483250294,
                        0.08110934309020063
                    ],
                    [
                        1.0670694227945132,
                        1.4605848002161954,
                        0.13352720993411452
                    ],
                    [
                        1.10269084518103,
                        1.4266080229222773,
                        0.07817655125453184
                    ],
                    [
                        1.0865562016167682,
                        1.4360619862167172,
                        0.1307061225708375
                    ]
                ],
                [
                    [
                        0.9466140302389573,
                        2.0868429149192242,
                        0.06177196080594533
                    ],
                    [
                        0.9266185187477687,
                        2.0753061881934367,
                        0.11064597078890516
                    ],
                    [
                        0.9266185187477687,
                        2.042389497952618,
                        0.11179544694123596
                    ],
                    [
                        0.9466140302389573,
                        2.052749326282539,
                        0.06296253515587337
                    ],
                    [
                        0.9421313934823998,
                        2.0868292280381353,
                        0.06138001981244
                    ],
                    [
                        0.9222906209969601,
                        2.0752929737785517,
                        0.11026755945727984
                    ],
                    [
                        0.9421313934823998,
                        2.05273563940145,
                        0.06257059416236804
                    ],
                    [
                        0.9222906209969601,
                        2.042376283537733,
                        0.11141703560961064
                    ]
                ],
                [
                    [
                        0.6775902392741857,
                        2.136203012362549,
                        0.059501175487571556
                    ],
                    [
                        0.6667092871206437,
