{
    "Pruning Time": 48.04262852668762,
    "Cut Data": [
        {
            "Rule": [
                "Spacing",
                "Spacing",
                "Spacing",
                "Spacing",
                "Spacing"
            ],
            "Sequence": [
                1,
                2,
                3,
                4,
                5
            ],
            "Vertices": [
                [
                    [
                        0.5291559524202885,
                        2.0292090059178265,
                        0.022548364365601085
                    ],
                    [
                        0.5281692550652928,
                        2.021452102057505,
                        0.07254836436560025
                    ],
                    [
                        0.5879222203553077,
                        2.0272990222438416,
                        0.07254836436560025
                    ],
                    [
                        0.591001912099688,
                        2.03526072884635,
                        0.022548364365601085
                    ],
                    [
                        0.5291559524202885,
                        2.0261491035120924,
                        0.022548364365601085
                    ],
                    [
                        0.5281692550652928,
                        2.0184957530382888,
                        0.07254836436560025
                    ],
                    [
                        0.591001912099688,
                        2.0322008264406155,
                        0.022548364365601085
                    ],
                    [
                        0.5879222203553077,
                        2.0243426732246252,
                        0.07254836436560025
                    ]
                ],
                [
                    [
                        0.710011046043313,
                        1.903296070434544,
                        0.005574546271777765
                    ],
                    [
                        0.7029845648789506,
                        1.8998400241601434,
                        0.055574546271775535
                    ],
                    [
                        0.742717713748873,
                        1.9205475847266915,
                        0.055574546271775535
                    ],
                    [
                        0.7511195912262596,
                        1.9247204405987457,
                        0.005574546271777765
                    ],
                    [
                        0.710011046043313,
                        1.9002010141018941,
                        0.005574546271777765
                    ],
                    [
                        0.7029845648789506,
                        1.8968485212140116,
                        0.055574546271775535
                    ],
                    [
                        0.7511195912262596,
                        1.921625384266096,
                        0.005574546271777765
                    ],
                    [
                        0.742717713748873,
                        1.91755608178056,
                        0.055574546271775535
                    ]
                ],
                [
                    [
                        0.5379012020722052,
                        1.2875752957723423,
                        0.026044035443548226
                    ],
                    [
                        0.5365119487634521,
                        1.3063580170823128,
                        0.08007129813604434
                    ],
                    [
                        0.5823641634896478,
                        1.3383465991859624,
                        0.08007129813604434
                    ],
                    [
                        0.585498060488463,
                        1.3207810203467412,
                        0.026044035443548226
                    ],
                    [
                        0.540793628766159,
                        1.2899418266453315,
                        0.026044035443548226
                    ],
                    [
                        0.5392983547209859,
                        1.3086378037185544,
                        0.08007129813604434
                    ],
                    [
                        0.5883904871824167,
                        1.3231475512197306,
                        0.026044035443548226
                    ],
                    [
                        0.5851505694471816,
                        1.3406263858222043,
                        0.08007129813604434
                    ]
                ],
                [
                    [
                        0.9422001140180591,
                        1.951291285584389,
                        6.682380036658165e-05
                    ],
                    [
                        0.9273674740745075,
                        1.9462165488429628,
                        0.05037881612393369
                    ],
                    [
                        0.9533736083995281,
                        1.9432476849070652,
                        0.05037881612393369
                    ],
                    [
                        0.9691088430658111,
                        1.948219381308564,
                        6.682380036658165e-05
                    ],
                    [
                        0.9422001140180591,
                        1.948184822385461,
                        6.682380036658165e-05
                    ],
                    [
                        0.9273674740745075,
                        1.9432142851877863,
                        0.05037881612393369
                    ],
                    [
                        0.9691088430658111,
                        1.9451129181096356,
                        6.682380036658165e-05
                    ],
                    [
                        0.9533736083995281,
                        1.9402454212518885,
                        0.05037881612393369
                    ]
                ],
                [
                    [
                        0.2023833169725819,
                        1.4691146964226942,
                        0.014363895383438985
                    ],
                    [
                        0.21239979012177967,
                        1.4802508455290966,
                        0.06436389538343774
                    ],
                    [
                        0.22270188719204437,
                        1.4993622892445986,
                        0.06436389538343774
                    ],
                    [
                        0.2130442130810268,
                        1.488891749050303,
                        0.014363895383438985
                    ],
                    [
                        0.2023833169725819,
                        1.4660378434273604,
                        0.014363895383438985
                    ],
                    [
                        0.21239979012177967,
                        1.4772775459202807,
                        0.06436389538343774
                    ],
                    [
                        0.2130442130810268,
                        1.4858148960549695,
                        0.014363895383438985
                    ],
                    [
                        0.22270188719204437,
                        1.4963889896357832,
                        0.06436389538343774
                    ]
                ]
            ],
            "Cut Time": [
                0.44762587547302246,
                0.6949584484100342,
                0.9516260623931885,
                0.73555588722229,
                0.7200243473052979
            ],