{
    "Pruning Time": 232.89845085144043,
    "Cut Data": [
        {
            "Rule": [
                "Canopy",
                "Canopy",
                "Vigor",
                "Spacing",
                "Spacing",
                "Spacing",
                "Spacing",
                "Spacing",
                "Spacing",
                "Spacing",
                "Spacing"
            ],
            "Sequence": [
                1,
                2,
                3,
                4,
                5,
                6,
                7,
                8,
                9,
                10,
                11
            ],
            "Vertices": [
                [
                    [
                        -0.6665439154130655,
                        1.593283009311,
                        0.08117454962492805
                    ],
                    [
                        -0.6558618196228245,
                        1.60462396115959,
                        0.1341867734546371
                    ],
                    [
                        -0.6149322261189604,
                        1.6099789413696182,
                        0.14214268049279927
                    ],
                    [
                        -0.6244402989449593,
                        1.5987915915776683,
                        0.08935866360981438
                    ],
                    [
                        -0.6665439154130655,
                        1.589569306766221,
                        0.08117454962492805
                    ],
                    [
                        -0.6558618196228245,
                        1.6010138120013293,
                        0.1341867734546371
                    ],
                    [
                        -0.6244402989449593,
                        1.5950778890328894,
                        0.08935866360981438
                    ],
                    [
                        -0.6149322261189604,
                        1.6063687922113574,
                        0.14214268049279927
                    ]
                ],
                [
                    [
                        -0.4076194462087827,
                        1.8217261150793969,
                        -0.024119872188496764
                    ],
                    [
                        -0.4018166498908876,
                        1.8262573757502778,
                        0.027187036275556218
                    ],
                    [
                        -0.39046366317188436,
                        1.775214344897252,
                        0.028782594505410413
                    ],
                    [
                        -0.39597037013094183,
                        1.7693518664021577,
                        -0.02248270131300504
                    ],
                    [
                        -0.41367114123122095,
                        1.8217261150793969,
                        -0.024970382458314292
                    ],
                    [
                        -0.40771452649140977,
                        1.8262573757502778,
                        0.026358143775147377
                    ],
                    [
                        -0.4020220651533801,
                        1.7693518664021577,
                        -0.023333211582823005
                    ],
                    [
                        -0.39636153977240646,
                        1.775214344897252,
                        0.027953702005001146
                    ]
                ],
                [
                    [
                        0.16570107904986722,
                        1.6093536089374008,
                        -0.00014127346169470325
                    ],
                    [
                        0.15381392123102747,
                        1.6189537374774032,
                        0.04844906288755528
                    ],
                    [
                        0.23971661761938973,
                        1.6087925038101338,
                        0.06670824467004939
                    ],
                    [
                        0.2537680190180026,
                        1.5989363718423981,
                        0.018577932494732406
                    ],
                    [
                        0.16570107904986722,
                        1.6051398365324723,
                        -0.00014127346169470325
                    ],
                    [
                        0.15381392123102747,
                        1.6148435184589927,
                        0.04844906288755528
                    ],
                    [
                        0.2537680190180026,
                        1.5947225994374694,
                        0.018577932494732406
                    ],
                    [
                        0.23971661761938973,
                        1.6046822847917235,
                        0.06670824467004939
                    ]
                ],
                [
                    [
                        0.7594792142210632,
                        1.8849352231598433,
                        0.513928040392117
                    ],
                    [
                        0.3718059468992742,
                        1.4117615733905478,
                        -0.3815330720723796
                    ],
                    [
                        0.352073029188146,
                        1.3794642938808481,
                        -0.36364907588209483
                    ],
                    [
                        0.7504485364935227,
                        1.8701545238735986,
                        0.522112567811696
                    ],
                    [
                        0.7594792142210632,
                        1.8831626646672148,
                        0.5142725908598789
                    ],
                    [
                        0.3718059468992742,
                        1.4078883590063682,
                        -0.380780195463026
                    ],
                    [
                        0.7504485364935227,
                        1.8683819653809701,
                        0.5224571182794578
                    ],
                    [
                        0.352073029188146,
                        1.3755910794966684,
                        -0.36289619927274125
                    ]
                ],
                [
                    [
                        0.8369141093999607,
                        1.6007811028233738,
                        0.03567675905285397
                    ],
                    [
                        0.8440730812798644,
                        1.6049573768501677,
                        0.09039226417118466
                    ],
                    [
                        0.8247739758657849,
                        1.5965359402030466,
                        0.10046055433214039
                    ],
                    [
                        0.8170453340023659,
                        1.592111082650073,
                        0.04604224447581578
                    ],
                    [
                        0.8369141093999607,
                        1.5972045483385593,
                        0.03517410710019985
                    ],
                    [
                        0.8440730812798644,
                        1.6014833679774323,
                        0.08990402406444718
                    ],
                    [
                        0.8170453340023659,
                        1.5885345281652585,
                        0.045539592523161275
                    ],
                    [
                        0.8247739758657849,
                        1.593061931330311,
                        0.09997231422540255
                    ]
                ],
                [
