{
    "Pruning Time": 110.18161201477051,
    "Cut Data": [
        {
            "Rule": [
                "Vigor",
                "Vigor",
                "Spacing",
                "Spacing"
            ],
            "Sequence": [
                1,
                2,
                3,
                4
            ],
            "Vertices": [
                [
                    [
                        0.7238206634810086,
                        2.0769460049962194,
                        0.014909596186644994
                    ],
                    [
                        0.7182891783090638,
                        2.0757014119937454,
                        0.06633991751722726
                    ],
                    [
                        0.782006019545223,
                        2.0717980394472963,
                        0.06529401199564838
                    ],
                    [
                        0.7891521003889788,
                        2.072943720320784,
                        0.013837187239982538
                    ],
                    [
                        0.7238206634810086,
                        2.072898694618185,
                        0.013825122639332516
                    ],
                    [
                        0.7182891783090638,
                        2.0717541265061485,
                        0.06528224555853056
                    ],
                    [
                        0.7891521003889788,
                        2.06889640994275,
                        0.012752713692670286
                    ],
                    [
                        0.782006019545223,
                        2.0678507539597,
                        0.06423634003695189
                    ]
                ],
                [
                    [
                        0.41912404733926767,
                        2.915221682875457,
                        0.0701501048612334
                    ],
                    [
                        0.4225625381218282,
                        2.9027220360986123,
                        0.12143467412945323
                    ],
                    [
                        0.46431143061266866,
                        2.929141930864881,
                        0.11912323284585695
                    ],
                    [
                        0.462726734860706,
                        2.942814712225772,
                        0.06773602760074288
                    ],
                    [
                        0.4213009640979704,
                        2.9171703095209534,
                        0.06997962212030785
                    ],
                    [
                        0.42464690192797905,
                        2.9045878156858826,
                        0.12127143956692897
                    ],
                    [
                        0.4649036516194087,
                        2.944763338871268,
                        0.06756554485981733
                    ],
                    [
                        0.4663957944188195,
                        2.931007710452151,
                        0.11895999828333269
                    ]
                ],
                [
                    [
                        0.9959236187243933,
                        2.6577120884957934,
                        0.11576475870029752
                    ],
                    [
                        0.9967307465080888,
                        2.661696271486241,
                        0.1693548959072146
                    ],
                    [
                        0.9814631211746262,
                        2.6506354313712275,
                        0.1776975736686969
                    ],
                    [
                        0.9790369825553236,
                        2.645478333824259,
                        0.12499211141278306
                    ],
                    [
                        0.994913944516637,
                        2.657006046220969,
                        0.1163110689485741
                    ],
                    [
                        0.9958178750896166,
                        2.661057921206548,
                        0.1698488285118499
                    ],
                    [
                        0.9780273083475675,
                        2.6447722915494345,
                        0.12553842166105963
                    ],
                    [
                        0.9805502497561539,
                        2.6499970810915343,
                        0.17819150627333222
                    ]
                ],
                [
                    [
                        0.24865222464645056,
                        2.0186421304271347,
                        0.014787518273172116
                    ],
                    [
                        0.2571139019635343,
                        2.034847147402659,
                        0.06478751827317228
                    ],
                    [
                        0.27256248770436964,
                        1.9981052159178767,
                        0.06478751827317228
                    ],
                    [
                        0.2646390089445563,
                        1.9806201818036857,
                        0.014787518273172116
                    ],
                    [
                        0.24403826106708063,
                        2.0186421304271347,
                        0.014787518273172116
                    ],
                    [
                        0.25265526846777653,
                        2.034847147402659,
                        0.06478751827317228
                    ],
                    [
                        0.26002504536518634,
                        1.9806201818036857,
                        0.014787518273172116
                    ],
                    [
                        0.2681038542086119,
                        1.9981052159178767,
                        0.06478751827317228
                    ]
                ]
            ],
            "Cut Time": [
                0.7996933460235596,
                1.1115474700927734,
                0.7274637222290039,
                1.15928053855896
            ],
            "Rule Time": [
                3.946439504623413,
                1.85905122756958,
                1.8015034198760986,
                2.4171154499053955
            ],
            "Between Time": [
                3.5483005046844482,
                19.641515731811523,
                20.417158126831055,
                14.176624059677124
            ]
        }
    ],
    "Reset Answer": "",
    "Explanations": [
        {
            "Branch Num": 1,
            "Decision": "Branch Vigor",
            "Explanation": "Branch is vigorous and removed due to placement and shading."
        },
        {
            "Branch Num": 2,
            "Decision": "Branch Vigor",
            "Explanation": "Branch is strong vigor and removed to prevent shading."
        },
        {
            "Branch Num": 3,
            "Decision": "Branch Vigor",
            "Explanation": "Branch is vigorous and removed for lighting"
        }
    ]
}