{
    "Pruning Time": 74.34659790992737,
    "Cut Data": [
        {
            "Rule": [
                "Vigor",
                "Vigor",
                "Vigor",
                "Vigor",
                "Vigor",
                "Vigor"
            ],
            "Sequence": [
                1,
                2,
                3,
                4,
                5,
                6
            ],
            "Vertices": [
                [
                    [
                        -0.3392643853291441,
                        1.8799794883109024,
                        0.06503380729679857
                    ],
                    [
                        -0.32888911314176605,
                        1.8744754146146345,
                        0.11503380729679774
                    ],
                    [
                        -0.2909768234424271,
                        1.8842135772908004,
                        0.11503380729679774
                    ],
                    [
                        -0.3001560988358711,
                        1.8900248551003482,
                        0.06503380729679857
                    ],
                    [
                        -0.3392643853291441,
                        1.8765933625889604,
                        0.06503380729679857
                    ],
                    [
                        -0.32888911314176605,
                        1.8711928422792106,
                        0.11503380729679774
                    ],
                    [
                        -0.3001560988358711,
                        1.886638729378406,
                        0.06503380729679857
                    ],
                    [
                        -0.2909768234424271,
                        1.880931004955376,
                        0.11503380729679774
                    ]
                ],
                [
                    [
                        -0.011042731696784677,
                        1.5100445033612815,
                        0.021258543836825145
                    ],
                    [
                        -0.010713832578452796,
                        1.5157021791141896,
                        0.07125854383682637
                    ],
                    [
                        0.022401649936765047,
                        1.4840129610433264,
                        0.07125854383682637
                    ],
                    [
                        0.02308934809327717,
                        1.4773824722650313,
                        0.021258543836825145
                    ],
                    [
                        -0.011042731696784677,
                        1.5065677161037991,
                        0.021258543836825145
                    ],
                    [
                        -0.010713832578452796,
                        1.5123289452432254,
                        0.07125854383682637
                    ],
                    [
                        0.02308934809327717,
                        1.473905685007549,
                        0.021258543836825145
                    ],
                    [
                        0.022401649936765047,
                        1.4806397271723621,
                        0.07125854383682637
                    ]
                ],
                [
                    [
                        0.1415555478583018,
                        1.343477346583165,
                        -0.02785107684014218
                    ],
                    [
                        0.13745925883907734,
                        1.3537942847208213,
                        0.022148923159860282
                    ],
                    [
                        0.1796000535196702,
                        1.377848279827067,
                        0.022148923159860282
                    ],
                    [
                        0.18495213917252554,
                        1.3682481512870641,
                        -0.02785107684014218
                    ],
                    [
                        0.1415555478583018,
                        1.339898849975048,
                        -0.02785107684014218
                    ],
                    [
                        0.13745925883907734,
                        1.3503193414992225,
                        0.022148923159860282
                    ],
                    [
                        0.18495213917252554,
                        1.3646696546789474,
                        -0.02785107684014218
                    ],
                    [
                        0.1796000535196702,
                        1.3743733366054682,
                        0.022148923159860282
                    ]
                ],
                [
                    [
                        0.6444600876753137,
                        1.3719789166096916,
                        0.04455400424234348
                    ],
                    [
                        0.6249952398540367,
                        1.3818862492629738,
                        0.09455400424234249
                    ],
                    [
                        0.6749180547118093,
                        1.3966822376693473,
                        0.09455400424234249
                    ],
                    [
                        0.6959376983652006,
                        1.3872357111859852,
                        0.04455400424234348
                    ],
                    [
                        0.6444600876753137,
                        1.3685503758285191,
                        0.04455400424234348
                    ],
                    [
                        0.6249952398540367,
                        1.3785612618683194,
                        0.09455400424234249
                    ],
                    [
                        0.6959376983652006,
                        1.3838071704048125,
                        0.04455400424234348
                    ],
                    [
                        0.6749180547118093,
                        1.3933572502746927,
                        0.09455400424234249
                    ]
                ],
                [
                    [
                        -0.5413593030946644,
                        1.2770132708362842,
                        0.05102815609645249
                    ],
                    [
                        -0.5249442470979195,
                        1.289839042565727,
                        0.10102815609645086
                    ],
                    [
                        -0.4790474823243311,
                        1.3029379952981588,
                        0.10102815609645086
                    ],
                    [
                        -0.4940273421683551,
                        1.2905218290530895,
                        0.05102815609645249
                    ],
                    [
                        -0.5413593030946644,
                        1.273598138462098,
                        0.05102815609645249
                    ],
                    [
                        -0.5249442470979195,
                        1.2865274635780588,
                        0.10102815609645086
                    ],
                    [
                        -0.4940273421683551,
                        1.2871066966789033,
                        0.05102815609645249
                    ],
                    [
                        -0.4790474823243311,
                        1.2996264163104907,
                        0.10102815609645086
                    ]
                ],
                [
                    [
                        -0.37623213154265317,
                        1.2950119795446184,
                        0.04868134334616188
                    ],
                    [
