{
    "Pruning Time": 162.9988648891449,
    "Cut Data": [
        {
            "Rule": [
                "Vigor",
                "Spacing",
                "Canopy",
                "Canopy",
                "Spacing",
                "Spacing",
                "Canopy",
                "Canopy"
            ],
            "Sequence": [
                1,
                2,
                3,
                4,
                5,
                6,
                7,
                8
            ],
            "Vertices": [
                [
                    [
                        -0.5284118485085207,
                        1.4122622268564227,
                        0.1443444172637887
                    ],
                    [
                        -0.517315818312073,
                        1.4255488047557856,
                        0.19312340223176208
                    ],
                    [
                        -0.5421311416519692,
                        1.3764877618336149,
                        0.19794701245392343
                    ],
                    [
                        -0.5541076890715985,
                        1.3614603606256648,
                        0.14933918269599314
                    ],
                    [
                        -0.532861511566027,
                        1.4122622268564227,
                        0.14520934414446535
                    ],
                    [
                        -0.5216130051370983,
                        1.4255488047557856,
                        0.19395869073523295
                    ],
                    [
                        -0.5585573521291047,
                        1.3614603606256648,
                        0.15020410957666994
                    ],
                    [
                        -0.5464283284769946,
                        1.3764877618336149,
                        0.19878230095739444
                    ]
                ],
                [
                    [
                        -0.6118257235177411,
                        1.5150349610944944,
                        -0.03543708933189288
                    ],
                    [
                        -0.5994969692088389,
                        1.5236622766091101,
                        0.013102278342021831
                    ],
                    [
                        -0.5825748948197733,
                        1.5597419793663776,
                        0.009812960291023793
                    ],
                    [
                        -0.5943753387947667,
                        1.5522410789337886,
                        -0.03882910050891678
                    ],
                    [
                        -0.6168620984419552,
                        1.5150349610944944,
                        -0.03445811721719065
                    ],
                    [
                        -0.604380867900572,
                        1.5236622766091101,
                        0.014051612079518262
                    ],
                    [
                        -0.5994117137189807,
                        1.5522410789337886,
                        -0.037850128394214554
                    ],
                    [
                        -0.5874587935115064,
                        1.5597419793663776,
                        0.010762294028520221
                    ]
                ],
                [
                    [
                        -0.39343023692466633,
                        1.4402105524788895,
                        -0.03224309645819337
                    ],
                    [
                        -0.401281536787019,
                        1.4536629165863582,
                        0.02360607729341766
                    ],
                    [
                        -0.36844701124928775,
                        1.4566294012408645,
                        0.025902090985948912
                    ],
                    [
                        -0.3593203585183484,
                        1.443292260808835,
                        -0.029857901405458843
                    ],
                    [
                        -0.39343023692466633,
                        1.4370941749302326,
                        -0.03224309645819337
                    ],
                    [
                        -0.401281536787019,
                        1.4506630589794882,
                        0.02360607729341766
                    ],
                    [
                        -0.3593203585183484,
                        1.4401758832601779,
                        -0.029857901405458843
                    ],
                    [
                        -0.36844701124928775,
                        1.453629543633995,
                        0.025902090985948912
                    ]
                ],
                [
                    [
                        -0.7644377794069273,
                        2.131876620744888,
                        0.09411551937254369
                    ],
                    [
                        -0.7577545670592226,
                        2.1221513485714723,
                        0.14550854152158846
                    ],
                    [
                        -0.8073487161808409,
                        2.1454997483919276,
                        0.1403994332123615
                    ],
                    [
                        -0.8161794786590839,
                        2.156236064407618,
                        0.08878517395348128
                    ],
                    [
                        -0.7626247250931737,
                        2.1340611296707115,
                        0.09408985432228435
                    ],
                    [
                        -0.7560167639468105,
                        2.124245188994007,
                        0.14548394170464832
                    ],
                    [
                        -0.8143664243453304,
                        2.158420573333442,
                        0.08875950890322194
                    ],
                    [
                        -0.8056109130684288,
                        2.147593588814462,
                        0.14037483339542134
                    ]
                ],
                [
                    [
                        -0.44810195743470416,
                        1.980323113398375,
                        0.0358287752646792
                    ],
                    [
                        -0.46786678232649875,
                        1.987988607714441,
                        0.09038821500222419
                    ],
                    [
                        -0.4367321460791876,
                        1.9689826186711332,
                        0.10116439269316792
                    ],
                    [
                        -0.4148081968974763,
                        1.9599990973104813,
                        0.0473522591653425
                    ],
                    [
                        -0.44976574590475665,
                        1.9788546387979893,
                        0.03591853204931797
                    ],
                    [
                        -0.4694226729189607,
                        1.9866153647468796,
                        0.09047215099489558
                    ],
                    [
                        -0.4164719853675287,
                        1.9585306227100956,
                        0.047442015949981264
                    ],
                    [
                        -0.4382880366716495,
                        1.9676093757035718,
                        0.10124832868583933
                    ]
                ],
                [
                    [
                        -0.19023560945680942,
                        1.9585454979249644,
