{
    "Pruning Time": 95.21762132644653,
    "Cut Data": [
        {
            "Rule": [
                "Spacing",
                "Spacing",
                "Spacing"
            ],
            "Sequence": [
                1,
                2,
                3
            ],
            "Vertices": [
                [
                    [
                        -0.6045504931010243,
                        2.0372092863091305,
                        0.009750516956963778
                    ],
                    [
                        -0.6060844464978482,
                        2.022453159881893,
                        0.06004750393440863
                    ],
                    [
                        -0.5819739465358824,
                        2.00033519339593,
                        0.06004750393440863
                    ],
                    [
                        -0.5795978226466845,
                        2.014318747758914,
                        0.009750516956963778
                    ],
                    [
                        -0.6045504931010243,
                        2.03412287869461,
                        0.009750516956963778
                    ],
                    [
                        -0.6060844464978482,
                        2.019470920734036,
                        0.06004750393440863
                    ],
                    [
                        -0.5795978226466845,
                        2.0112323401443932,
                        0.009750516956963778
                    ],
                    [
                        -0.5819739465358824,
                        1.997352954248073,
                        0.06004750393440863
                    ]
                ],
                [
                    [
                        -0.23119292779808714,
                        1.2715235752085,
                        0.10024987221502779
                    ],
                    [
                        -0.22295661227517102,
                        1.2824549215727155,
                        0.15131464220827406
                    ],
                    [
                        -0.2102610511714101,
                        1.321125516603673,
                        0.14566221422879258
                    ],
                    [
                        -0.21806032771894482,
                        1.311525388063671,
                        0.09440286194710865
                    ],
                    [
                        -0.2354569188862837,
                        1.2715235752085,
                        0.10214832336139304
                    ],
                    [
                        -0.22707870227104843,
                        1.2824549215727155,
                        0.15314991491786223
                    ],
                    [
                        -0.22232431880714135,
                        1.311525388063671,
                        0.09630131309347356
                    ],
                    [
                        -0.2143831411672875,
                        1.321125516603673,
                        0.1474974869383804
                    ]
                ],
                [
                    [
                        -0.41080996158363203,
                        1.2348116067533121,
                        0.1876993461637259
                    ],
                    [
                        -0.4126996209655586,
                        1.2482005860237682,
                        0.23830685843413288
                    ],
                    [
                        -0.4126996209655586,
                        1.2777974774481549,
                        0.23830685843413288
                    ],
                    [
                        -0.41080996158363203,
                        1.2655349132597256,
                        0.1876993461637259
                    ],
                    [
                        -0.41501505630239355,
                        1.2348116067533121,
                        0.1882156668723242
                    ],
                    [
                        -0.4167505434075967,
                        1.2482005860237682,
                        0.2388042491674303
                    ],
                    [
                        -0.41501505630239355,
                        1.2655349132597256,
                        0.1882156668723242
                    ],
                    [
                        -0.4167505434075967,
                        1.2777974774481549,
                        0.2388042491674303
                    ]
                ]
            ],
            "Cut Time": [
                1.0153477191925049,
                1.151552677154541,
                0.7117407321929932
            ],
            "Rule Time": [
                1.3691000938415527,
                4.0408313274383545,
                4.198660850524902
            ],
            "Between Time": [
                4.625232458114624,
                38.8581223487854,
                20.089414596557617
            ]
        }
    ],
    "Reset Answer": "",
    "Explanations": []
}