{
    "Pruning Time": 187.48729586601257,
    "Cut Data": [
        {
            "Rule": [
                "Spacing",
                "Canopy",
                "Canopy",
                "Canopy",
                "Canopy",
                "Vigor",
                "Vigor",
                "Canopy"
            ],
            "Sequence": [
                1,
                2,
                3,
                4,
                5,
                6,
                7,
                8
            ],
            "Vertices": [
                [
                    [
                        -0.479155700760775,
                        1.3617872419101,
                        -0.046637841332756814
                    ],
                    [
                        -0.4675779021280896,
                        1.3730257923875955,
                        0.004566076673354694
                    ],
                    [
                        -0.4537123416886488,
                        1.3819635839396431,
                        0.005779156025239527
                    ],
                    [
                        -0.46481356205531354,
                        1.3710322375754276,
                        -0.045383066785312315
                    ],
                    [
                        -0.479155700760775,
                        1.3586709079545793,
                        -0.046637841332756814
                    ],
                    [
                        -0.4675779021280896,
                        1.370013011818593,
                        0.004566076673354694
                    ],
                    [
                        -0.46481356205531354,
                        1.367915903619907,
                        -0.045383066785312315
                    ],
                    [
                        -0.4537123416886488,
                        1.3789508033706404,
                        0.005779156025239527
                    ]
                ],
                [
                    [
                        -0.3454683443446408,
                        2.0697276349913825,
                        0.1562507189925043
                    ],
                    [
                        -0.3170051659531732,
                        2.0571066660041266,
                        0.19933109476966343
                    ],
                    [
                        -0.3090059882088886,
                        2.0440682887463693,
                        0.19657675698869423
                    ],
                    [
                        -0.33718645730410074,
                        2.056228451563705,
                        0.15339903659430065
                    ],
                    [
                        -0.3454683443446408,
                        2.0666940684933293,
                        0.1562507189925043
                    ],
                    [
                        -0.3170051659531732,
                        2.0541766528925915,
                        0.19933109476966343
                    ],
                    [
                        -0.33718645730410074,
                        2.0531948850656523,
                        0.15339903659430065
                    ],
                    [
                        -0.3090059882088886,
                        2.0411382756348346,
                        0.19657675698869423
                    ]
                ],
                [
                    [
                        0.0946556504512615,
                        1.6516361240268413,
                        0.01564396978278799
                    ],
                    [
                        0.08367402436182277,
                        1.6532489456215613,
                        0.06452790737015861
                    ],
                    [
                        0.08709819203405836,
                        1.5805250832551017,
                        0.06507024225050297
                    ],
                    [
                        0.09819794533237286,
                        1.5764034280685943,
                        0.01620501417499724
                    ],
                    [
                        0.09005509497441808,
                        1.6516361240268413,
                        0.014915313378406035
                    ],
                    [
                        0.07922688659750678,
                        1.6532489456215613,
                        0.06382354994431118
                    ],
                    [
                        0.09359738985552946,
                        1.5764034280685943,
                        0.015476357770615453
                    ],
                    [
                        0.08265105426974237,
                        1.5805250832551017,
                        0.0643658848246557
                    ]
                ],
                [
                    [
                        0.0731662369215992,
                        1.7992189584537062,
                        0.03230463332198758
                    ],
                    [
                        0.09674206196281042,
                        1.7957629121793053,
                        0.07642815130703891
                    ],
                    [
                        0.08239217608134881,
                        1.7489454884472004,
                        0.0847130617835411
                    ],
                    [
                        0.05829846923694176,
                        1.7507119120985608,
                        0.04088854299697329
                    ],
                    [
                        0.06930433426550942,
                        1.7992189584537062,
                        0.034534303860065035
                    ],
                    [
                        0.09301467910510075,
                        1.7957629121793053,
                        0.07858015680331026
                    ],
                    [
                        0.05443656658085191,
                        1.7507119120985608,
                        0.0431182135350509
                    ],
                    [
                        0.07866479322363908,
                        1.7489454884472004,
                        0.08686506727981261
                    ]
                ],
                [
                    [
                        0.5689724259857044,
                        1.3104929292752647,
                        -0.11184890217281673
                    ],
                    [
                        0.5618949525807183,
                        1.3165669430292208,
                        -0.057756299172275816
                    ],
                    [
                        0.6154868161745458,
                        1.3245218754160053,
                        -0.0692451293906874
                    ],
                    [
                        0.6242540376162352,
                        1.3186986801721976,
                        -0.1236999744743313
                    ],
                    [
                        0.5689724259857044,
                        1.307130340482747,
                        -0.11226177616120314
                    ],
                    [
                        0.5618949525807183,
                        1.313307135751981,
                        -0.05815655317743952
                    ],
                    [
                        0.6242540376162352,
                        1.3153360913796799,
                        -0.12411284846271751
                    ],
                    [
                        0.6154868161745458,
                        1.3212620681387657,
                        -0.06964538339585145
                    ]
                ],
                [
                    [
                        0.8339831760994721,
                        1.4038924913986006,
