{
    "Pruning Time": 92.08057117462158,
    "Cut Data": [
        {
            "Rule": [
                "Canopy",
                "Vigor",
                "Spacing",
                "Spacing",
                "Spacing",
                "Spacing"
            ],
            "Sequence": [
                1,
                2,
                3,
                4,
                5,
                6
            ],
            "Vertices": [
                [
                    [
                        0.5499025960973303,
                        1.8330717527369538,
                        0.08639466286686899
                    ],
                    [
                        0.5694923301791491,
                        1.8234716241969515,
                        0.13240663367455655
                    ],
                    [
                        0.5823989113689895,
                        1.811553137573114,
                        0.12719203638799026
                    ],
                    [
                        0.5633636317458952,
                        1.8206412592576495,
                        0.08095605143794672
                    ],
                    [
                        0.5499025960973303,
                        1.8305576854307646,
                        0.08639466286686899
                    ],
                    [
                        0.5694923301791491,
                        1.8210611102772805,
                        0.13240663367455655
                    ],
                    [
                        0.5633636317458952,
                        1.81812719195146,
                        0.08095605143794672
                    ],
                    [
                        0.5823989113689895,
                        1.809142623653443,
                        0.12719203638799026
                    ]
                ],
                [
                    [
                        0.2608821983376957,
                        1.2491092146719207,
                        0.0007655862883311679
                    ],
                    [
                        0.2608273390692672,
                        1.260501367206057,
                        0.05138015372320429
                    ],
                    [
                        0.3171524639851061,
                        1.2620272037579399,
                        0.06030117710920925
                    ],
                    [
                        0.3190973585955473,
                        1.2506862519093505,
                        0.009985961864174392
                    ],
                    [
                        0.2608821983376957,
                        1.2459196568592192,
                        0.0007655862883311679
                    ],
                    [
                        0.2608273390692672,
                        1.2574153627798736,
                        0.05138015372320429
                    ],
                    [
                        0.3190973585955473,
                        1.247496694096649,
                        0.009985961864174392
                    ],
                    [
                        0.3171524639851061,
                        1.2589411993317567,
                        0.06030117710920925
                    ]
                ],
                [
                    [
                        0.8391086265486817,
                        1.1728970613874714,
                        0.04666281988084039
                    ],
                    [
                        0.8119782892065142,
                        1.185257972562329,
                        0.09098398612412832
                    ],
                    [
                        0.8615633199879066,
                        1.2046302116358507,
                        0.11101763896865428
                    ],
                    [
                        0.8901714823888897,
                        1.192846667861942,
                        0.06729355280632422
                    ],
                    [
                        0.8391086265486817,
                        1.1692290541970518,
                        0.04666281988084039
                    ],
                    [
                        0.8119782892065142,
                        1.1816961222417655,
                        0.09098398612412832
                    ],
                    [
                        0.8901714823888897,
                        1.1891786606715224,
                        0.06729355280632422
                    ],
                    [
                        0.8615633199879066,
                        1.201068361315287,
                        0.11101763896865428
                    ]
                ],
                [
                    [
                        0.1780775125483058,
                        1.151442776179038,
                        0.023296752539586043
                    ],
                    [
                        0.1691333040740006,
                        1.1659581705315212,
                        0.0736097948805084
                    ],
                    [
                        0.14923803246556783,
                        1.1338069239042265,
                        0.06557158338058795
                    ],
                    [
                        0.15751689558940346,
                        1.1182163151552629,
                        0.014989724068838401
                    ],
                    [
                        0.17362699566907674,
                        1.151442776179038,
                        0.02149862700185542
                    ],
                    [
                        0.16482680674042527,
                        1.1659581705315212,
                        0.07186985701625474
                    ],
                    [
                        0.1530663787101744,
                        1.1182163151552629,
                        0.013191598531107778
                    ],
                    [
                        0.1449315351319925,
                        1.1338069239042265,
                        0.0638316455163343
                    ]
                ],
                [
                    [
                        0.3939947338004027,
                        1.9850473278310519,
                        -0.015049404978647875
                    ],
                    [
                        0.3883878957148121,
                        1.980188029621713,
                        0.03656124623502996
                    ],
                    [
                        0.42513412871086187,
                        1.9627687134161278,
                        0.04587618160625064
                    ],
                    [
                        0.43233568411627554,
                        1.966872046102266,
                        -0.005330218952098378
                    ],
                    [
                        0.3939947338004027,
                        1.9826033906153884,
                        -0.014574351707153984
                    ],
                    [
                        0.3883878957148121,
                        1.9778457432251937,
                        0.037016540588874484
                    ],
                    [
                        0.43233568411627554,
                        1.9644281088866025,
                        -0.004855165680604486
                    ],
                    [
                        0.42513412871086187,
                        1.9604264270196086,
                        0.04633147596009516
                    ]
                ],
                [
                    [
                        0.41136864778697135,
                        1.8629331463108345,
                        -0.0077454233075012055
                    ],
                    [
                        0.42348655618434194,
