{
    "Pruning Time": 144.50679445266724,
    "Cut Data": [
        {
            "Rule": [
                "Canopy",
                "Canopy",
                "Spacing",
                "Vigor",
                "Spacing",
                "Vigor",
                "Canopy",
                "Vigor",
                "Spacing"
            ],
            "Sequence": [
                1,
                2,
                3,
                4,
                5,
                6,
                7,
                8,
                9
            ],
            "Vertices": [
                [
                    [
                        -0.5858880428435652,
                        1.9562693985398214,
                        0.03130415974847483
                    ],
                    [
                        -0.5664504002693997,
                        1.948154089880673,
                        0.0809724908374851
                    ],
                    [
                        -0.5116010459970853,
                        1.935628962315718,
                        0.08001509179739107
                    ],
                    [
                        -0.5292449666145067,
                        1.9433346654904928,
                        0.03031545117516266
                    ],
                    [
                        -0.5858880428435652,
                        1.952999336340788,
                        0.03130415974847483
                    ],
                    [
                        -0.5664504002693997,
                        1.9449875810681576,
                        0.0809724908374851
                    ],
                    [
                        -0.5292449666145067,
                        1.9400646032914595,
                        0.03031545117516266
                    ],
                    [
                        -0.5116010459970853,
                        1.9324624535032027,
                        0.08001509179739107
                    ]
                ],
                [
                    [
                        -0.2482704930295528,
                        1.8463696986722833,
                        0.14326359621075724
                    ],
                    [
                        -0.25126670425040565,
                        1.8411728290892955,
                        0.19374376159886697
                    ],
                    [
                        -0.1686406417404822,
                        1.8189189841097022,
                        0.21130647335030864
                    ],
                    [
                        -0.16260279089400229,
                        1.823296642723943,
                        0.16147282842286148
                    ],
                    [
                        -0.2482704930295528,
                        1.8434531201938134,
                        0.14326359621075724
                    ],
                    [
                        -0.25126670425040565,
                        1.8383598039973437,
                        0.19374376159886697
                    ],
                    [
                        -0.16260279089400229,
                        1.820380064245473,
                        0.16147282842286148
                    ],
                    [
                        -0.1686406417404822,
                        1.8161059590177504,
                        0.21130647335030864
                    ]
                ],
                [
                    [
                        0.08280374710609673,
                        2.114108952037313,
                        0.027091285779410466
                    ],
                    [
                        0.08550259964796926,
                        2.1008735748234963,
                        0.07708303892507774
                    ],
                    [
                        0.08190000441517281,
                        2.131888938446204,
                        0.07746168694199254
                    ],
                    [
                        0.07908220737346451,
                        2.1461483293709542,
                        0.027482435367019557
                    ],
                    [
                        0.07797039737834062,
                        2.114108952037313,
                        0.02759929130631786
                    ],
                    [
                        0.08082372908937487,
                        2.1008735748234963,
                        0.07757480803704593
                    ],
                    [
                        0.0742488576457084,
                        2.1461483293709542,
                        0.02799044089392695
                    ],
                    [
                        0.07722113385657842,
                        2.131888938446204,
                        0.07795345605396072
                    ]
                ],
                [
                    [
                        0.5023905873814706,
                        1.2724249771399871,
                        0.04299456474952019
                    ],
                    [
                        0.4779693965408768,
                        1.2853531502405238,
                        0.08918340087217486
                    ],
                    [
                        0.3988947792880476,
                        1.2672893270826853,
                        0.07381285232562308
                    ],
                    [
                        0.4208505219037334,
                        1.2537979464411353,
                        0.02714478161484775
                    ],
                    [
                        0.5023905873814706,
                        1.2690001435410392,
                        0.04299456474952019
                    ],
                    [
                        0.4779693965408768,
                        1.282031870028094,
                        0.08918340087217486
                    ],
                    [
                        0.4208505219037334,
                        1.250373112842187,
                        0.02714478161484775
                    ],
                    [
                        0.3988947792880476,
                        1.2639680468702552,
                        0.07381285232562308
                    ]
                ],
                [
                    [
                        0.20320181141872093,
                        1.9751874704062768,
                        0.04373162772234492
                    ],
                    [
                        0.19404590507920236,
                        1.9664065528350216,
                        0.093320404303662
                    ],
                    [
                        0.23571722577020338,
                        1.9648531618563918,
                        0.09550430568086875
                    ],
                    [
                        0.24624664348990044,
                        1.9735828787421001,
                        0.04598751178080682
                    ],
                    [
                        0.20320181141872093,
                        1.9719421837654796,
                        0.04373162772234492
                    ],
                    [
                        0.19404590507920236,
                        1.9632648195807427,
                        0.093320404303662
                    ],
                    [
                        0.24624664348990044,
                        1.970337592101303,
                        0.04598751178080682
                    ],
                    [
                        0.23571722577020338,
                        1.9617114286021127,
                        0.09550430568086875
                    ]
                ],
                [
                    [
                        0.3521451214067343,
                        1.954523943918762,
