{
    "Vigor Manipulation": {
        "Total Time": 21.52354621887207,
        "Answers": [
            "Strong"
        ],
        "Submit Times": [
            21.5235493183136
        ]
    },
    "Vigor Bins": {
        "Total Time": 19.726526737213135,
        "Answers": [
            [
                "Don't Prune",
                "Heading Cut",
                "Thinning Cut"
            ]
        ],
        "Submit Times": [
            19.726528644561768
        ]
    },
    "Canopy Spacing Manipulation": {
        "Total Time": 8.99973201751709,
        "Answers": [
            "Too Close"
        ],
        "Submit Times": [
            8.999735355377197
        ]
    },
    "Canopy Rotation Manipulation": {
        "Total Time": 36.965094804763794,
        "Answers": [
            "Good Angle"
        ],
        "Submit Times": [
            36.9650981426239
        ]
    },
    "Bud Spacing Bins": {
        "Total Time": 95.08033919334412,
        "Answers": [
            [
                "Heading Cut",
                "Heading Cut",
                "Don't Prune"
            ],
            [
                "Heading Cut",
                "Heading Cut",
                "Don't Prune"
            ]
        ],
        "Submit Times": [
            82.69703006744385,
            12.383307695388794
        ]
    },
    "Bud Spacing Manipulation": {
        "Total Time": 9.078458547592163,
        "Answers": [
            "Too Close"
        ],
        "Submit Times": [
            9.078460931777954
        ]
    }
}