{
    "Pruning Time": 139.35780715942383,
    "Cut Data": [
        {
            "Rule": [
                "Canopy",
                "Canopy",
                "Vigor",
                "Canopy",
                "Vigor",
                "Canopy",
                "Vigor",
                "Canopy",
                "Spacing",
                "Vigor",
                "Vigor"
            ],
            "Sequence": [
                1,
                2,
                3,
                4,
                5,
                6,
                7,
                8,
                9,
                10,
                11
            ],
            "Vertices": [
                [
                    [
                        0.10385755170601392,
                        1.6468873254826863,
                        -0.0005451007667364584
                    ],
                    [
                        0.07428776776851943,
                        1.6485929106723973,
                        0.03987022165684109
                    ],
                    [
                        0.10315224902171903,
                        1.545778732017192,
                        0.058615034956376176
                    ],
                    [
                        0.13367969915619285,
                        1.5406619764480596,
                        0.018821628232865595
                    ],
                    [
                        0.09980086253080568,
                        1.6468873254826863,
                        -0.003179545520358674
                    ],
                    [
                        0.07036134936275325,
                        1.6485929106723973,
                        0.03732037573006622
                    ],
                    [
                        0.1296230099809846,
                        1.5406619764480596,
                        0.01618718347924321
                    ],
                    [
                        0.09922583061595285,
                        1.545778732017192,
                        0.056065189029601135
                    ]
                ],
                [
                    [
                        0.0736843004128691,
                        1.8049879667058542,
                        0.026178189475090676
                    ],
                    [
                        0.10107009933097652,
                        1.8013331412993308,
                        0.06804117607080991
                    ],
                    [
                        0.08581471249549519,
                        1.730399942389799,
                        0.07872311293131906
                    ],
                    [
                        0.05787869106698556,
                        1.7314963900117564,
                        0.03724539628507611
                    ],
                    [
                        0.0700292532516335,
                        1.8049879667058542,
                        0.02873748104989974
                    ],
                    [
                        0.09754229112527145,
                        1.8013331412993308,
                        0.07051137396980259
                    ],
                    [
                        0.05422364390575014,
                        1.7314963900117564,
                        0.03980468785988533
                    ],
                    [
                        0.08228690428979027,
                        1.730399942389799,
                        0.08119331083031188
                    ]
                ],
                [
                    [
                        -0.2964247800036834,
                        1.9860919980863636,
                        0.12154898163726402
                    ],
                    [
                        -0.286585454396444,
                        1.9756757456777723,
                        0.17172834410678448
                    ],
                    [
                        -0.24392691426615168,
                        2.007918522950026,
                        0.17247295169450177
                    ],
                    [
                        -0.25215441101885505,
                        2.0195530504941255,
                        0.12232172380229042
                    ],
                    [
                        -0.2936939873347129,
                        1.9882769649486398,
                        0.12159664780060649
                    ],
                    [
                        -0.2839540864786228,
                        1.9777811606249507,
                        0.17177427480464014
                    ],
                    [
                        -0.24942361834988458,
                        2.0217380173564012,
                        0.1223693899656329
                    ],
                    [
                        -0.24129554634833045,
                        2.0100239378972047,
                        0.17251888239235746
                    ]
                ],
                [
                    [
                        -0.26505302258423563,
                        1.3631011940682343,
                        -0.012122963347566303
                    ],
                    [
                        -0.27299770868653533,
                        1.3838721947847072,
                        0.03544088640575195
                    ],
                    [
                        -0.21784533204732426,
                        1.384919585529656,
                        0.053389889718391835
                    ],
                    [
                        -0.20760088517743214,
                        1.364192259234674,
                        0.0065744830268444025
                    ],
                    [
                        -0.26505302258423563,
                        1.3605394212618418,
                        -0.011762929659038092
                    ],
                    [
                        -0.27299770868653533,
                        1.381412967590394,
                        0.03578650824836365
                    ],
                    [
                        -0.20760088517743214,
                        1.3616304864282816,
                        0.006934516715372752
                    ],
                    [
                        -0.21784533204732426,
                        1.3824603583353425,
                        0.053735511561003535
                    ]
                ],
                [
                    [
                        -0.15645168148137034,
                        1.5162753006820795,
                        -0.033767320658473515
                    ],
                    [
                        -0.1684209489269564,
                        1.5305306099318652,
                        0.013391732884745558
                    ],
                    [
                        -0.2361471848910305,
                        1.5215191266568602,
                        -0.007563635262370183
                    ],
                    [
                        -0.22692485391784645,
                        1.5068983169222743,
                        -0.05557262626684812
                    ],
                    [
                        -0.15645168148137034,
                        1.51364447369527,
                        -0.03339758203778983
                    ],
                    [
                        -0.1684209489269564,
                        1.528002328557135,
                        0.0137470596595126
                    ],
                    [
                        -0.22692485391784645,
                        1.5042674899354649,
                        -0.055202887646164295
                    ],
                    [
                        -0.2361471848910305,
                        1.5189908452821297,
                        -0.007208308487603004
                    ]
                ],
