{
    "Pruning Time": 108.89437437057495,
    "Cut Data": [
        {
            "Rule": [
                "Vigor",
                "Canopy",
                "Vigor",
                "Vigor",
                "Vigor",
                "Canopy"
            ],
            "Sequence": [
                1,
                2,
                3,
                4,
                5,
                6
            ],
            "Vertices": [
                [
                    [
                        0.7031916908547446,
                        1.37241954920746,
                        0.08733585654915897
                    ],
                    [
                        0.7110010442614627,
                        1.385820575698045,
                        0.13711153228710227
                    ],
                    [
                        0.7745786890971778,
                        1.3843924874057634,
                        0.1188809359930488
                    ],
                    [
                        0.7694811800594709,
                        1.3709305471584028,
                        0.06832765139539554
                    ],
                    [
                        0.7031916908547446,
                        1.3698882457240629,
                        0.08733585654915897
                    ],
                    [
                        0.7110010442614627,
                        1.3833928256011663,
                        0.13711153228710227
                    ],
                    [
                        0.7694811800594709,
                        1.368399243675006,
                        0.06832765139539554
                    ],
                    [
                        0.7745786890971778,
                        1.3819647373088846,
                        0.1188809359930488
                    ]
                ],
                [
                    [
                        0.5505995999103241,
                        1.3884272719732982,
                        -0.01245221602571173
                    ],
                    [
                        0.5414841921634865,
                        1.3981734730573605,
                        0.03672730150937658
                    ],
                    [
                        0.6195569278087902,
                        1.3679908203630966,
                        0.049092808049163585
                    ],
                    [
                        0.6311933617506732,
                        1.357269999170628,
                        0.00031258183702103677
                    ],
                    [
                        0.5505995999103241,
                        1.3851168117380144,
                        -0.01245221602571173
                    ],
                    [
                        0.5414841921634865,
                        1.3949665662085948,
                        0.03672730150937658
                    ],
                    [
                        0.6311933617506732,
                        1.3539595389353443,
                        0.00031258183702103677
                    ],
                    [
                        0.6195569278087902,
                        1.364783913514331,
                        0.049092808049163585
                    ]
                ],
                [
                    [
                        1.0520754231667637,
                        1.4236181361281404,
                        0.0563149241862466
                    ],
                    [
                        1.0274358014820146,
                        1.4322069758334701,
                        0.10303564778530182
                    ],
                    [
                        1.0956967727996896,
                        1.4132145627720143,
                        0.11384712352346114
                    ],
                    [
                        1.1225257067064518,
                        1.4040165854989306,
                        0.06747315291538514
                    ],
                    [
                        1.0520754231667637,
                        1.4202858725211744,
                        0.0563149241862466
                    ],
                    [
                        1.0274358014820146,
                        1.4289782656130225,
                        0.10303564778530182
                    ],
                    [
                        1.1225257067064518,
                        1.4006843218919647,
                        0.06747315291538514
                    ],
                    [
                        1.0956967727996896,
                        1.4099858525515667,
                        0.11384712352346114
                    ]
                ],
                [
                    [
                        0.6088916583909537,
                        2.0458442462882362,
                        -0.017924993999929247
                    ],
                    [
                        0.5980513379843481,
                        2.035123425095767,
                        0.030981324208933698
                    ],
                    [
                        0.6602658572635985,
                        2.027506983616318,
                        0.04083513602503799
                    ],
                    [
                        0.673096461508398,
                        2.037984149781685,
                        -0.007755952192025667
                    ],
                    [
                        0.6088916583909537,
                        2.042503705272952,
                        -0.017924993999929247
                    ],
                    [
                        0.5980513379843481,
                        2.0318864374670014,
                        0.030981324208933698
                    ],
                    [
                        0.673096461508398,
                        2.034643608766401,
                        -0.007755952192025667
                    ],
                    [
                        0.6602658572635985,
                        2.024269995987552,
                        0.04083513602503799
                    ]
                ],
                [
                    [
                        0.9100597460492595,
                        2.078380718671143,
                        0.041915576532800265
                    ],
                    [
                        0.8841457118760652,
                        2.063315633551368,
                        0.1023475694791009
                    ],
                    [
                        0.9412565803272017,
                        2.029605935592994,
                        0.11139304241518236
                    ],
                    [
                        0.9695387484726962,
                        2.0432732293099036,
                        0.05133612504269797
                    ],
                    [
                        0.9100597460492595,
                        2.075065011342582,
                        0.041915576532800265
                    ],
                    [
                        0.8841457118760652,
                        2.0601319398552995,
                        0.1023475694791009
                    ],
                    [
                        0.9695387484726962,
                        2.039957521981342,
                        0.05133612504269797
                    ],
                    [
                        0.9412565803272017,
                        2.026422241896925,
                        0.11139304241518236
                    ]
                ],
                [
                    [
                        0.3609085443076515,
                        1.5113323375285952,
                        0.6125932591913679
                    ],
                    [
                        0.2583410811837334,
                        1.2874580269616387,
