{
    "Pruning Time": 136.71210622787476,
    "Cut Data": [
        {
            "Rule": [
                "Vigor",
                "Vigor",
                "Canopy",
                "Vigor",
                "Canopy",
                "Vigor",
                "Canopy",
                "Canopy"
            ],
            "Sequence": [
                1,
                2,
                3,
                4,
                5,
                6,
                7,
                8
            ],
            "Vertices": [
                [
                    [
                        0.12554497860619926,
                        1.3654965991837518,
                        0.04595595930890389
                    ],
                    [
                        0.12174988683362031,
                        1.375608282808466,
                        0.09595595930890424
                    ],
                    [
                        0.22302855375716263,
                        1.3795166167505324,
                        0.09595595930890424
                    ],
                    [
                        0.22998062452640017,
                        1.369526760639369,
                        0.04595595930890389
                    ],
                    [
                        0.12554497860619926,
                        1.362070961946477,
                        0.04595595930890389
                    ],
                    [
                        0.12174988683362031,
                        1.3722861989577093,
                        0.09595595930890424
                    ],
                    [
                        0.22998062452640017,
                        1.3661011234020943,
                        0.04595595930890389
                    ],
                    [
                        0.22302855375716263,
                        1.3761945328997758,
                        0.09595595930890424
                    ]
                ],
                [
                    [
                        -0.019164994917045076,
                        1.5098421399037216,
                        0.021636785087893552
                    ],
                    [
                        -0.018594051907011078,
                        1.5155071192838327,
                        0.07163678508789381
                    ],
                    [
                        0.03828187157325808,
                        1.4738474365414724,
                        0.07163678508789381
                    ],
                    [
                        0.03945734247626926,
                        1.4669032682690781,
                        0.021636785087893552
                    ],
                    [
                        -0.022441148344621742,
                        1.5071380133318493,
                        0.021636785087893552
                    ],
                    [
                        -0.02177260567920718,
                        1.5128835511556822,
                        0.07163678508789381
                    ],
                    [
                        0.036181189048692594,
                        1.4641991416972056,
                        0.021636785087893552
                    ],
                    [
                        0.03510331780106198,
                        1.4712238684133219,
                        0.07163678508789381
                    ]
                ],
                [
                    [
                        0.5342309515491117,
                        1.362616738066152,
                        0.011370763604758633
                    ],
                    [
                        0.5184124716828747,
                        1.3726065941773165,
                        0.06137076360476211
                    ],
                    [
                        0.582250950149131,
                        1.3726065941773165,
                        0.06137076360476211
                    ],
                    [
                        0.6000173532260724,
                        1.362616738066152,
                        0.011370763604758633
                    ],
                    [
                        0.5342309515491117,
                        1.3591194725461062,
                        0.011370763604758633
                    ],
                    [
                        0.5184124716828747,
                        1.3692128820437888,
                        0.06137076360476211
                    ],
                    [
                        0.6000173532260724,
                        1.3591194725461062,
                        0.011370763604758633
                    ],
                    [
                        0.582250950149131,
                        1.3692128820437888,
                        0.06137076360476211
                    ]
                ],
                [
                    [
                        0.6501387447343557,
                        1.3795067755285433,
                        0.0454635178012534
                    ],
                    [
                        0.6304915882125982,
                        1.3891920628558294,
                        0.09546351780125169
                    ],
                    [
                        0.6736021241587589,
                        1.3989658973572183,
                        0.09546351780125169
                    ],
                    [
                        0.6945926759982434,
                        1.3895851788138092,
                        0.0454635178012534
                    ],
                    [
                        0.6501387447343557,
                        1.376080118411553,
                        0.0454635178012534
                    ],
                    [
                        0.6304915882125982,
                        1.3858689591253572,
                        0.09546351780125169
                    ],
                    [
                        0.6945926759982434,
                        1.3861585216968189,
                        0.0454635178012534
                    ],
                    [
                        0.6736021241587589,
                        1.3956427936267461,
                        0.09546351780125169
                    ]
                ],
                [
                    [
                        -0.3511277574475376,
                        1.4209905306808093,
                        0.052966509456679016
                    ],
                    [
                        -0.35397971239646625,
                        1.4299448529267917,
                        0.1039661394517707
                    ],
                    [
                        -0.3070174950822363,
                        1.4244335233946852,
                        0.11654962765589358
                    ],
                    [
                        -0.3026083958545375,
                        1.4152964598783766,
                        0.06596723321279709
                    ],
                    [
                        -0.3511277574475376,
                        1.4177638905594308,
                        0.052966509456679016
                    ],
                    [
                        -0.35397971239646625,
                        1.4268217661919316,
                        0.1039661394517707
                    ],
                    [
                        -0.3026083958545375,
                        1.4120698197569983,
                        0.06596723321279709
                    ],
                    [
                        -0.3070174950822363,
                        1.421310436659825,
                        0.11654962765589358
                    ]
                ],
                [
                    [
                        -0.629708207695404,
                        1.3615186919532716,
                        0.05737268463204312
