{
    "Pruning Time": 239.79565906524658,
    "Cut Data": [
        {
            "Rule": [
                "Canopy",
                "Vigor",
                "Canopy",
                "Canopy",
                "Canopy"
            ],
            "Sequence": [
                1,
                2,
                3,
                4,
                5
            ],
            "Vertices": [
                [
                    [
                        0.5482215123688613,
                        2.078073334897388,
                        -0.019291211569100918
                    ],
                    [
                        0.5524149103989597,
                        2.0890898143208285,
                        0.03121517039423287
                    ],
                    [
                        0.6692123739428986,
                        2.082490811930626,
                        0.016508725346254447
                    ],
                    [
                        0.6688857832857544,
                        2.0712558596883213,
                        -0.034484542105993055
                    ],
                    [
                        0.5482215123688613,
                        2.0748463653453206,
                        -0.0194603298771387
                    ],
                    [
                        0.5524149103989597,
                        2.085966256238962,
                        0.031051471651700538
                    ],
                    [
                        0.6688857832857544,
                        2.0680288901362536,
                        -0.03465366041403084
                    ],
                    [
                        0.6692123739428986,
                        2.079367253848759,
                        0.016345026603722453
                    ]
                ],
                [
                    [
                        0.25104923479429236,
                        2.0346970817526753,
                        0.01617751358405228
                    ],
                    [
                        0.2647763130715028,
                        2.047113091142297,
                        0.06558504660924704
                    ],
                    [
                        0.29093437329016536,
                        1.975679697908009,
                        0.058625167456140305
                    ],
                    [
                        0.27807399321723786,
                        1.9608968771751738,
                        0.008987031904856278
                    ],
                    [
                        0.24624194603636462,
                        2.034666189887219,
                        0.016766965491362064
                    ],
                    [
                        0.2601231965902985,
                        2.0470831899952,
                        0.06615559448412918
                    ],
                    [
                        0.27326670445931,
                        1.9608659853097175,
                        0.009576483812166062
                    ],
                    [
                        0.28628125680896094,
                        1.9756497967609117,
                        0.05919571533102245
                    ]
                ],
                [
                    [
                        1.0400063901228729,
                        2.6879307203530725,
                        0.022427018851622533
                    ],
                    [
                        1.0067751409398582,
                        2.6917436935589603,
                        0.06995652519370296
                    ],
                    [
                        0.9797373586058025,
                        2.6396618219234336,
                        0.07860852264811134
                    ],
                    [
                        1.0115634103312081,
                        2.633142069267014,
                        0.03152867466469236
                    ],
                    [
                        1.0371681213629858,
                        2.687012072322083,
                        0.022368419643182556
                    ],
                    [
                        1.00407709405808,
                        2.6908704304309254,
                        0.06990082102155387
                    ],
                    [
                        1.0087251415713212,
                        2.6322234212360245,
                        0.03147007545625227
                    ],
                    [
                        0.9770393117240245,
                        2.6387885587953983,
                        0.07855281847596214
                    ]
                ],
                [
                    [
                        0.777554018415896,
                        2.261597165161169,
                        0.1876300652612886
                    ],
                    [
                        0.7854427682391026,
                        2.2751122234243453,
                        0.25002542299895997
                    ],
                    [
                        0.9139534771610269,
                        2.2562668790185643,
                        0.2107357563855245
                    ],
                    [
                        0.9137878225854522,
                        2.241619273973557,
                        0.14597921147482454
                    ],
                    [
                        0.777554018415896,
                        2.259333004159906,
                        0.1876300652612886
                    ],
                    [
                        0.7854427682391026,
                        2.2729764177250233,
                        0.25002542299895997
                    ],
                    [
                        0.9137878225854522,
                        2.239355112972295,
                        0.14597921147482454
                    ],
                    [
                        0.9139534771610269,
                        2.254131073319242,
                        0.2107357563855245
                    ]
                ],
                [
                    [
                        0.7372695757539555,
                        2.174316814253383,
                        0.10620147885528727
                    ],
                    [
                        0.7448544540502345,
                        2.1880833232846206,
                        0.15616713666934212
                    ],
                    [
                        0.846733052406071,
                        2.1521991038394885,
                        0.12501972336795902
                    ],
                    [
                        0.843644607769975,
                        2.136848837132091,
                        0.07367936782684277
                    ],
                    [
                        0.7360459872988994,
                        2.1720202823804677,
                        0.10657556738747656
                    ],
                    [
                        0.7436825862312267,
                        2.18588386497323,
                        0.15652541261622688
                    ],
                    [
                        0.8424210193149188,
                        2.1345523052591755,
                        0.07405345635903206
                    ],
                    [
                        0.8455611845870632,
                        2.1499996455280974,
                        0.12537799931484378
                    ]
                ]
            ],
            "Cut Time": [
                1.0908777713775635,
                0.5839321613311768,
                0.5643658638000488,
                0.5637416839599609,
                0.6776981353759766
            ],