{
    "Pruning Time": 235.12403059005737,
    "Cut Data": [
        {
            "Rule": [
                "Vigor",
                "Vigor",
                "Vigor",
                "Vigor",
                "Vigor"
            ],
            "Sequence": [
                1,
                2,
                3,
                4,
                5
            ],
            "Vertices": [
                [
                    [
                        0.6941132445411705,
                        2.1022821528410476,
                        0.028425354880498518
                    ],
                    [
                        0.68262909886877,
                        2.1189689869251946,
                        0.07680459484956954
                    ],
                    [
                        0.8167259217669299,
                        2.117913063333554,
                        0.08860798557565819
                    ],
                    [
                        0.8330948014586382,
                        2.1011877652069457,
                        0.04065870675687253
                    ],
                    [
                        0.6941132445411705,
                        2.099339866306134,
                        0.02857955358380753
                    ],
                    [
                        0.68262909886877,
                        2.116130111860482,
                        0.07695337398737294
                    ],
                    [
                        0.8330948014586382,
                        2.0982454786720317,
                        0.04081290546018186
                    ],
                    [
                        0.8167259217669299,
                        2.115074188268841,
                        0.08875676471346189
                    ]
                ],
                [
                    [
                        0.3026971181139666,
                        2.833435373494278,
                        0.050514883017271396
                    ],
                    [
                        0.3051311186883606,
                        2.8237855959868283,
                        0.10149371740588099
                    ],
                    [
                        0.5925562410492883,
                        2.814214483711965,
                        0.12717626758065573
                    ],
                    [
                        0.6013638201357666,
                        2.8234899222604635,
                        0.07720191196311728
                    ],
                    [
                        0.3026971181139666,
                        2.8306879337493434,
                        0.05065887023301747
                    ],
                    [
                        0.3051311186883606,
                        2.8211415677120946,
                        0.10163228505612144
                    ],
                    [
                        0.6013638201357666,
                        2.82074248251553,
                        0.07734589917886335
                    ],
                    [
                        0.5925562410492883,
                        2.811570455437232,
                        0.12731483523089618
                    ]
                ],
                [
                    [
                        0.08008928764337736,
                        2.3756156734509486,
                        0.02575126698173768
                    ],
                    [
                        0.0888132196946878,
                        2.3759502694844277,
                        0.07685332630231373
                    ],
                    [
                        0.06744788244853317,
                        2.1471363397674126,
                        0.05897930841103376
                    ],
                    [
                        0.05805480875074224,
                        2.139635513315733,
                        0.0073174521809497494
                    ],
                    [
                        0.0749938143994554,
                        2.3756467706179727,
                        0.025306556774596516
                    ],
                    [
                        0.08387248545651448,
                        2.375980422294671,
                        0.07642212102631539
                    ],
                    [
                        0.052959335506820374,
                        2.139666610482757,
                        0.0068727419738085875
                    ],
                    [
                        0.06250714821035992,
                        2.1471664925776563,
                        0.058548103135035424
                    ]
                ],
                [
                    [
                        0.3309188919214392,
                        2.7915505839952783,
                        0.030206112460258748
                    ],
                    [
                        0.32522099647261776,
                        2.7845801996094504,
                        0.08072129902914729
                    ],
                    [
                        0.5846462707772074,
                        2.7757986892557787,
                        0.13661255884187173
                    ],
                    [
                        0.600330861918254,
                        2.782431025346754,
                        0.08824893212042285
                    ],
                    [
                        0.3309188919214392,
                        2.7887638201524303,
                        0.030400981971428362
                    ],
                    [
                        0.32522099647261776,
                        2.781896736902276,
                        0.08090894502122914
                    ],
                    [
                        0.600330861918254,
                        2.779644261503906,
                        0.08844380163159246
                    ],
                    [
                        0.5846462707772074,
                        2.7731152265486037,
                        0.13680020483395358
                    ]
                ],
                [
                    [
                        0.6528400223270784,
                        2.7801039253298128,
                        -0.03385051415816336
                    ],
                    [
                        0.6367612195139698,
                        2.7741341632982053,
                        0.014382783981853093
                    ],
                    [
                        0.8001345736922951,
                        2.7696094903031483,
                        0.04951005591641913
                    ],
                    [
                        0.8219294457502959,
                        2.775420944119317,
                        0.0025057826671016307
                    ],
                    [
                        0.6528400223270784,
                        2.7770481314404103,
                        -0.03363683223352105
                    ],
                    [
                        0.6367612195139698,
                        2.771181670544476,
                        0.01458924238740764
                    ],
                    [
                        0.8219294457502959,
                        2.7723651502299145,
                        0.0027194645917439446
                    ],
                    [
                        0.8001345736922951,
                        2.766656997549419,
                        0.04971651432197368
                    ]
                ]
            ],
            "Cut Time": [
                2.329066753387451,
                2.4489173889160156,
                0.7776432037353516,
                1.867403268814087,
                2.3003783226013184
            ],