{
    "Pruning Time": 200.85146188735962,
    "Cut Data": [
        {
            "Rule": [
                "Canopy",
                "Canopy",
                "Canopy",
                "Canopy"
            ],
            "Sequence": [
                1,
                2,
                3,
                4
            ],
            "Vertices": [
                [
                    [
                        0.5757783262423765,
                        2.1306817082291425,
                        0.07666462016553904
                    ],
                    [
                        0.5793050333461037,
                        2.113346994574723,
                        0.12576715075164724
                    ],
                    [
                        0.7792313412346503,
                        2.0922598402874644,
                        0.10008046773420118
                    ],
                    [
                        0.7827715579504608,
                        2.1088491727337138,
                        0.05006997343897422
                    ],
                    [
                        0.5757783262423765,
                        2.1276527418840705,
                        0.07650587876587064
                    ],
                    [
                        0.5793050333461037,
                        2.110421439699852,
                        0.12561382891748446
                    ],
                    [
                        0.7827715579504608,
                        2.1058202063886418,
                        0.049911232039306155
                    ],
                    [
                        0.7792313412346503,
                        2.089334285412593,
                        0.09992714590003873
                    ]
                ],
                [
                    [
                        0.9064032524712043,
                        2.095458260692291,
                        0.10407143283216609
                    ],
                    [
                        0.8966756079501733,
                        2.07885679283218,
                        0.1543134846180688
                    ],
                    [
                        1.0956591200648904,
                        2.093167289917911,
                        0.1376307735530375
                    ],
                    [
                        1.1126134943679102,
                        2.11028848976177,
                        0.08678283516066825
                    ],
                    [
                        0.9064032524712043,
                        2.0925074786749303,
                        0.10391678889948809
                    ],
                    [
                        0.8966756079501733,
                        2.07600942228502,
                        0.1541642602508964
                    ],
                    [
                        1.1126134943679102,
                        2.107337707744409,
                        0.08662819122798993
                    ],
                    [
                        1.0956591200648904,
                        2.0903199193707507,
                        0.1374815491858648
                    ]
                ],
                [
                    [
                        0.985556819528782,
                        1.4675792909029628,
                        0.10261261864333382
                    ],
                    [
                        0.9750262050319742,
                        1.4616463870812668,
                        0.15393824988175822
                    ],
                    [
                        1.1928075298284206,
                        1.4897895140206283,
                        0.1417536498986334
                    ],
                    [
                        1.209962646625385,
                        1.4965784793495158,
                        0.09005738582155662
                    ],
                    [
                        0.985556819528782,
                        1.4641909354836642,
                        0.10170471154506298
                    ],
                    [
                        0.9750262050319742,
                        1.4583580565524055,
                        0.15305714437210316
                    ],
                    [
                        1.209962646625385,
                        1.493190123930217,
                        0.08914947872328614
                    ],
                    [
                        1.1928075298284206,
                        1.4865011834917672,
                        0.1408725443889783
                    ]
                ],
                [
                    [
                        0.7310949149971698,
                        1.5140167793589785,
                        0.10175302544875701
                    ],
                    [
                        0.7369962774920229,
                        1.5228101678187624,
                        0.1517897241967379
                    ],
                    [
                        0.8697799947579634,
                        1.4834106378418286,
                        0.11689273601759499
                    ],
                    [
                        0.8697179233084978,
                        1.4728846173445937,
                        0.06532140881680958
                    ],
                    [
                        0.7300368111150732,
                        1.511674735547676,
                        0.10207746724401884
                    ],
                    [
                        0.735982744685097,
                        1.520566779170278,
                        0.15210049935690861
                    ],
                    [
                        0.8686598194264014,
                        1.4705425735332915,
                        0.0656458506120714
                    ],
                    [
                        0.8687664619510373,
                        1.4811672491933443,
                        0.11720351117776572
                    ]
                ]
            ],
            "Cut Time": [
                1.2091858386993408,
                0.35390233993530273,
                1.2660412788391113,
                0.39848852157592773
            ],
            "Rule Time": [
                16.181686401367188,
                2.8427987098693848,
                3.0877280235290527,
                4.1172263622283936
            ],
            "Between Time": [
                2.785494327545166,
                24.070719718933105,
                15.448280811309814,
                84.1438136100769
            ]
        }
    ],
    "Explanations": [
        {
            "Branch Num": 4,
            "Decision": "Canopy Cut",
            "Explanation": "Branch too long. Pruned back to ~6 inches"
        },
        {
            "Branch Num": 3,
            "Decision": "Canopy Cut",
            "Explanation": "Branch too long. Pruned back to ~6 inches"
        },
        {
            "Branch Num": 2,
            "Decision": "Canopy Cut",
            "Explanation": "Branch too long. Pruned back to ~6 inches"
        },
        {
            "Branch Num": 1,
            "Decision": "Canopy Cut",
            "Explanation": "Branch too long. Pruned back to ~6 inches"
        }
    ],
    "Reset Answer": ""
}