{
    "Pruning Time": 201.9872989654541,
    "Cut Data": [
        {
            "Rule": [
                "Vigor",
                "Vigor",
                "Vigor",
                "Vigor",
                "Vigor",
                "Vigor",
                "Vigor",
                "Vigor"
            ],
            "Sequence": [
                1,
                2,
                3,
                4,
                5,
                6,
                7,
                8
            ],
            "Vertices": [
                [
                    [
                        -0.6496313128360568,
                        1.325185737690251,
                        0.0248739186498641
                    ],
                    [
                        -0.6444977073506755,
                        1.3377948853427564,
                        0.07872800717760911
                    ],
                    [
                        -0.44521814806742277,
                        1.3255464032045887,
                        0.1396538826380595
                    ],
                    [
                        -0.4434143987628073,
                        1.3125108592546555,
                        0.08792075631778073
                    ],
                    [
                        -0.6496313128360568,
                        1.3221075529273205,
                        0.0248739186498641
                    ],
                    [
                        -0.6444977073506755,
                        1.334820253966344,
                        0.07872800717760911
                    ],
                    [
                        -0.4434143987628073,
                        1.3094326744917253,
                        0.08792075631778073
                    ],
                    [
                        -0.44521814806742277,
                        1.3225717718281766,
                        0.1396538826380595
                    ]
                ],
                [
                    [
                        -0.4281172479164179,
                        1.291558882783664,
                        0.0008695556036818989
                    ],
                    [
                        -0.43030640582047763,
                        1.3045335129768216,
                        0.05248485069021182
                    ],
                    [
                        -0.2775921955438253,
                        1.3342399157579055,
                        0.09917427026651388
                    ],
                    [
                        -0.27039272584699015,
                        1.322239905673154,
                        0.04909078121870955
                    ],
                    [
                        -0.4281172479164179,
                        1.2882990241016556,
                        0.0008695556036818989
                    ],
                    [
                        -0.43030640582047763,
                        1.3013772076813315,
                        0.05248485069021182
                    ],
                    [
                        -0.27039272584699015,
                        1.3189800469911457,
                        0.04909078121870955
                    ],
                    [
                        -0.2775921955438253,
                        1.3310836104624155,
                        0.09917427026651388
                    ]
                ],
                [
                    [
                        0.07838547149927597,
                        1.4244491813942108,
                        0.11242690068497539
                    ],
                    [
                        0.06408062121044464,
                        1.4372822226477013,
                        0.15972336473969687
                    ],
                    [
                        0.18297869042018808,
                        1.4354979037175593,
                        0.18518241428184332
                    ],
                    [
                        0.20135706132032177,
                        1.4226037306056005,
                        0.13875819284420887
                    ],
                    [
                        0.07838547149927597,
                        1.4213307229165972,
                        0.11264496454449326
                    ],
                    [
                        0.06408062121044464,
                        1.434267065305761,
                        0.15993420508012696
                    ],
                    [
                        0.20135706132032177,
                        1.419485272127987,
                        0.1389762567037264
                    ],
                    [
                        0.18297869042018808,
                        1.432482746375619,
                        0.18539325462227307
                    ]
                ],
                [
                    [
                        -0.039265652818475716,
                        1.5526527848053977,
                        0.020837252993768325
                    ],
                    [
                        -0.04929987665997419,
                        1.5609309790568469,
                        0.06936218928424367
                    ],
                    [
                        0.052267079487487364,
                        1.488761923062153,
                        0.09605018173013462
                    ],
                    [
                        0.06565210254150887,
                        1.4781027968110831,
                        0.04840570998702325
                    ],
                    [
                        -0.04220157274428659,
                        1.5500641846011458,
                        0.020392692644514262
                    ],
                    [
                        -0.05214203096773802,
                        1.558425051985433,
                        0.06893182703199476
                    ],
                    [
                        0.06271618261569803,
                        1.475514196606831,
                        0.047961149637769186
                    ],
                    [
                        0.04942492517972358,
                        1.4862559959907389,
                        0.09561981947788571
                    ]
                ],
                [
                    [
                        0.48279125372445886,
                        1.4694029590709436,
                        0.02929920249701384
                    ],
                    [
                        0.4577769863446222,
                        1.4796465947388804,
                        0.07449481992332553
                    ],
                    [
                        0.5600530489885441,
                        1.5126935499494578,
                        0.09397648543463584
                    ],
                    [
                        0.588221009744873,
                        1.5034689206948173,
                        0.04938158725677585
                    ],
                    [
                        0.48279125372445886,
                        1.4659495435893255,
                        0.029540688831959712
                    ],
                    [
                        0.4577769863446222,
                        1.4762964803929355,
                        0.07472908273918363
                    ],
                    [
                        0.588221009744873,
                        1.500015505213199,
                        0.049623073591721724
                    ],
                    [
                        0.5600530489885441,
                        1.5093434356035127,
                        0.09421074825049394
                    ]
                ],
                [
                    [
                        0.6101754412535337,
                        1.3798734677568207,
                        0.03896787645580514
