{
    "Pruning Time": 251.7825002670288,
    "Cut Data": [
        {
            "Rule": [
                "Vigor",
                "Canopy",
                "Canopy",
                "Vigor",
                "Canopy",
                "Canopy",
                "Canopy"
            ],
            "Sequence": [
                1,
                2,
                3,
                4,
                5,
                6,
                7
            ],
            "Vertices": [
                [
                    [
                        0.1081903649447136,
                        1.6350185633724523,
                        -0.016079780433936267
                    ],
                    [
                        0.10802244052999771,
                        1.6304914695482524,
                        0.034470997452313176
                    ],
                    [
                        0.3647405374899271,
                        1.599571111717512,
                        0.026185912541884772
                    ],
                    [
                        0.370282043175551,
                        1.60345098566241,
                        -0.024538287388349008
                    ],
                    [
                        0.1081903649447136,
                        1.6301399377263548,
                        -0.017387004235982037
                    ],
                    [
                        0.10802244052999771,
                        1.6257128687925926,
                        0.03319057523888317
                    ],
                    [
                        0.370282043175551,
                        1.5985723600163124,
                        -0.02584551119039451
                    ],
                    [
                        0.3647405374899271,
                        1.5947925109618521,
                        0.024905490328455033
                    ]
                ],
                [
                    [
                        -0.7003971222814029,
                        1.6044413094710948,
                        0.08645468923567713
                    ],
                    [
                        -0.6800782681007804,
                        1.6126801051967077,
                        0.1367728715370444
                    ],
                    [
                        -0.5795061938662996,
                        1.5986571043648066,
                        0.13628317755741085
                    ],
                    [
                        -0.5972054271773543,
                        1.5900530487406301,
                        0.08595224009932124
                    ],
                    [
                        -0.7003971222814029,
                        1.6003646355974632,
                        0.08631232864704294
                    ],
                    [
                        -0.6800782681007804,
                        1.608706921627669,
                        0.13663412490948154
                    ],
                    [
                        -0.5972054271773543,
                        1.5859763748669986,
                        0.08580987951068705
                    ],
                    [
                        -0.5795061938662996,
                        1.5946839207957682,
                        0.136144430929848
                    ]
                ],
                [
                    [
                        -0.5470408882355929,
                        1.6948082441803183,
                        0.040004848482092265
                    ],
                    [
                        -0.5316925967305611,
                        1.6977322924277942,
                        0.09045166143251769
                    ],
                    [
                        -0.34370530317398273,
                        1.702727290841481,
                        0.09088866716804558
                    ],
                    [
                        -0.35448605059874255,
                        1.6999246065170857,
                        0.04045247218505078
                    ],
                    [
                        -0.5470408882355929,
                        1.6904593361940654,
                        0.039624368334578
                    ],
                    [
                        -0.5316925967305611,
                        1.6934865437761606,
                        0.09008020655731945
                    ],
                    [
                        -0.35448605059874255,
                        1.6955756985308332,
                        0.040071992037536044
                    ],
                    [
                        -0.34370530317398273,
                        1.6984815421898474,
                        0.09051721229284687
                    ]
                ],
                [
                    [
                        1.1025745850672009,
                        2.3158612258276006,
                        0.16297503340842678
                    ],
                    [
                        1.0798895012063345,
                        2.297944963049686,
                        0.20842234218954456
                    ],
                    [
                        0.8384669442359021,
                        2.34587461485384,
                        0.2037876146501179
                    ],
                    [
                        0.8562605796057488,
                        2.3647619775402906,
                        0.15824640192185657
                    ],
                    [
                        1.1025745850672009,
                        2.3108243678386517,
                        0.16162541137789743
                    ],
                    [
                        1.0798895012063345,
                        2.293008129951175,
                        0.20709952174763152
                    ],
                    [
                        0.8562605796057488,
                        2.359725119551342,
                        0.15689677989132722
                    ],
                    [
                        0.8384669442359021,
                        2.3409377817553287,
                        0.20246479420820487
                    ]
                ],
                [
                    [
                        -0.6327532241908777,
                        2.298010939387451,
                        0.14298371472087948
                    ],
                    [
                        -0.5942714231724842,
                        2.297190095837808,
                        0.18413832506317096
                    ],
                    [
                        -0.6623568384460206,
                        2.2984535789286142,
                        0.20501348098042435
                    ],
                    [
                        -0.7028941519947834,
                        2.299312567289663,
                        0.16448909583965274
                    ],
                    [
                        -0.6327532241908777,
                        2.2945208575470133,
                        0.14353648937986405
                    ],
                    [
                        -0.5942714231724842,
                        2.293802292469863,
                        0.18467490040353243
                    ],
                    [
                        -0.7028941519947834,
                        2.295822485449225,
                        0.1650418704986373
                    ],
                    [
                        -0.6623568384460206,
                        2.29506577556067,
                        0.20555005632078585
                    ]
                ],
                [
                    [
                        -0.6411519521608976,
                        2.4000023495077873,
                        0.0592991090637782
                    ],
                    [
