{
    "Pruning Time": 199.54232096672058,
    "Cut Data": [
        {
            "Rule": [
                "Vigor",
                "Canopy",
                "Vigor",
                "Vigor",
                "Vigor",
                "Canopy"
            ],
            "Sequence": [
                1,
                2,
                3,
                4,
                5,
                6
            ],
            "Vertices": [
                [
                    [
                        0.5412308048386967,
                        1.3211463079009864,
                        -0.09856673229230635
                    ],
                    [
                        0.538507156269109,
                        1.3344255068780209,
                        -0.045108654014517156
                    ],
                    [
                        0.665131341714094,
                        1.3545488734718911,
                        -0.08625134588504096
                    ],
                    [
                        0.6724545118188666,
                        1.3420006395761612,
                        -0.14120389930285918
                    ],
                    [
                        0.5412308048386967,
                        1.3181919442470031,
                        -0.09856673229230635
                    ],
                    [
                        0.538507156269109,
                        1.331574696610556,
                        -0.045108654014517156
                    ],
                    [
                        0.6724545118188666,
                        1.3390462759221782,
                        -0.14120389930285918
                    ],
                    [
                        0.665131341714094,
                        1.3516980632044262,
                        -0.08625134588504096
                    ]
                ],
                [
                    [
                        -0.21892247836611878,
                        1.5224028122735787,
                        -0.0477264278709326
                    ],
                    [
                        -0.22814480933930306,
                        1.5343699447451886,
                        0.0008654517967075727
                    ],
                    [
                        -0.11727349756841858,
                        1.5164889968259305,
                        0.0389675198615607
                    ],
                    [
                        -0.10370717403422634,
                        1.5038212800146538,
                        -0.008131502027190941
                    ],
                    [
                        -0.21892247836611878,
                        1.5196713214006834,
                        -0.04743933661160169
                    ],
                    [
                        -0.22814480933930306,
                        1.5317414399825247,
                        0.0011417187796795736
                    ],
                    [
                        -0.10370717403422634,
                        1.5010897891417583,
                        -0.007844410767860181
                    ],
                    [
                        -0.11727349756841858,
                        1.5138604920632666,
                        0.03924378684453256
                    ]
                ],
                [
                    [
                        0.10671246132980593,
                        1.6925798111183628,
                        0.008638534176649334
                    ],
                    [
                        0.06629877729541636,
                        1.6963525100000427,
                        0.038705885943415896
                    ],
                    [
                        0.09543687347512834,
                        1.4324872683920737,
                        0.09573783733523268
                    ],
                    [
                        0.13689547384239484,
                        1.4192521427638358,
                        0.06771569871957946
                    ],
                    [
                        0.10357013052244213,
                        1.6918410915101951,
                        0.005556537092209652
                    ],
                    [
                        0.0632652319441944,
                        1.6956393643859773,
                        0.03573058560073011
                    ],
                    [
                        0.13375314303503089,
                        1.418513423155668,
                        0.06463370163513993
                    ],
                    [
                        0.09240332812390623,
                        1.431774122778008,
                        0.09276253699254704
                    ]
                ],
                [
                    [
                        0.0453199913145285,
                        1.8291277049225605,
                        0.013812314404145648
                    ],
                    [
                        0.08369133888011461,
                        1.8280857407148927,
                        0.04643929388201923
                    ],
                    [
                        0.07885415623792773,
                        1.6774339451775613,
                        0.06713726283985137
                    ],
                    [
                        0.04029282388454582,
                        1.6725589218485999,
                        0.03532321508921153
                    ],
                    [
                        0.042413660144069866,
                        1.8294314992535552,
                        0.016702724388358122
                    ],
                    [
                        0.08089484266510043,
                        1.8283780541667818,
                        0.049220470598165394
                    ],
                    [
                        0.037386492714087186,
                        1.672862716179595,
                        0.038213625073424004
                    ],
                    [
                        0.07605766002291356,
                        1.6777262586294506,
                        0.06991843955599754
                    ]
                ],
                [
                    [
                        -0.29203092010923914,
                        2.00157748704745,
                        0.06967771227995871
                    ],
                    [
                        -0.31586843140844445,
                        1.981914532902068,
                        0.11293571270445471
                    ],
                    [
                        -0.22237667344829115,
                        1.9319798948001499,
                        0.1963455568315167
                    ],
                    [
                        -0.19554690174130196,
                        1.9500446605722517,
                        0.15575713904881044
                    ],
                    [
                        -0.29203092010923914,
                        1.9983522318720897,
                        0.06881350776033654
                    ],
                    [
                        -0.31586843140844445,
                        1.978789302617146,
                        0.1120983097734483
                    ],
                    [
                        -0.19554690174130196,
                        1.9468194053968917,
                        0.15489293452918826
                    ],
                    [
                        -0.22237667344829115,
                        1.9288546645152271,
                        0.1955081539005103
                    ]
                ],
                [
                    [
                        0.7737415483634759,
                        1.381224065697796,
                        -0.028433605677993135
                    ],
                    [
