{
    "Pruning Time": 101.72553491592407,
    "Cut Data": [
        {
            "Rule": [
                "Vigor",
                "Vigor",
                "Vigor",
                "Vigor",
                "Vigor",
                "Vigor",
                "Vigor",
                "Vigor",
                "Vigor"
            ],
            "Sequence": [
                1,
                2,
                3,
                4,
                5,
                6,
                7,
                8,
                9
            ],
            "Vertices": [
                [
                    [
                        -0.35536450600017566,
                        1.8864189624968306,
                        0.07214074695253163
                    ],
                    [
                        -0.34444941904364346,
                        1.8806930693599444,
                        0.12214074695253156
                    ],
                    [
                        -0.26814062467089783,
                        1.8883821361412185,
                        0.12214074695253156
                    ],
                    [
                        -0.2766376000555214,
                        1.8943516843052064,
                        0.07214074695253163
                    ],
                    [
                        -0.35536450600017566,
                        1.8830475557282707,
                        0.07214074695253163
                    ],
                    [
                        -0.34444941904364346,
                        1.8774252159779026,
                        0.12214074695253156
                    ],
                    [
                        -0.2766376000555214,
                        1.8909802775366467,
                        0.07214074695253163
                    ],
                    [
                        -0.26814062467089783,
                        1.885114282759177,
                        0.12214074695253156
                    ]
                ],
                [
                    [
                        0.11651653088478289,
                        1.3839940233608419,
                        0.07882486769165427
                    ],
                    [
                        0.112922948409863,
                        1.393740224444904,
                        0.12882486769165485
                    ],
                    [
                        0.19101919310453475,
                        1.3879978536532458,
                        0.12882486769165485
                    ],
                    [
                        0.1970980569172497,
                        1.3780689112988576,
                        0.07882486769165427
                    ],
                    [
                        0.11651653088478289,
                        1.3806364598590506,
                        0.07882486769165427
                    ],
                    [
                        0.112922948409863,
                        1.390486214329631,
                        0.12882486769165485
                    ],
                    [
                        0.1970980569172497,
                        1.3747113477970665,
                        0.07882486769165427
                    ],
                    [
                        0.19101919310453475,
                        1.384743843537973,
                        0.12882486769165485
                    ]
                ],
                [
                    [
                        0.6323657237387617,
                        1.3815181493412876,
                        0.045441143127841074
                    ],
                    [
                        0.6132559253440935,
                        1.3911425229117993,
                        0.09544114312784366
                    ],
                    [
                        0.6908559721363163,
                        1.3950521112293714,
                        0.09544114312784366
                    ],
                    [
                        0.7123838821028933,
                        1.3855495651724106,
                        0.045441143127841074
                    ],
                    [
                        0.6323657237387617,
                        1.378091445884833,
                        0.045441143127841074
                    ],
                    [
                        0.6132559253440935,
                        1.387819372841863,
                        0.09544114312784366
                    ],
                    [
                        0.7123838821028933,
                        1.3821228617159558,
                        0.045441143127841074
                    ],
                    [
                        0.6908559721363163,
                        1.391728961159435,
                        0.09544114312784366
                    ]
                ],
                [
                    [
                        0.5171050066967594,
                        1.4404976326971755,
                        0.022771542126000657
                    ],
                    [
                        0.5016895454258414,
                        1.4482336798076496,
                        0.07277154212600068
                    ],
                    [
                        0.5781999336171461,
                        1.454180915717705,
                        0.07277154212600068
                    ],
                    [
                        0.5959663366940863,
                        1.446627609877557,
                        0.022771542126000657
                    ],
                    [
                        0.5171050066967594,
                        1.437023978961626,
                        0.022771542126000657
                    ],
                    [
                        0.5016895454258414,
                        1.4448635794586182,
                        0.07277154212600068
                    ],
                    [
                        0.5959663366940863,
                        1.4431539561420075,
                        0.022771542126000657
                    ],
                    [
                        0.5781999336171461,
                        1.4508108153686736,
                        0.07277154212600068
                    ]
                ],
                [
                    [
                        -0.555576494998604,
                        1.2856714081316771,
                        0.04905614881262186
                    ],
                    [
                        -0.5387504686440729,
                        1.298219642027407,
                        0.09905614881262134
                    ],
                    [
                        -0.47207875396157295,
                        1.290418081678425,
                        0.09905614881262134
                    ],
                    [
                        -0.4868225175736271,
                        1.2776261927555936,
                        0.04905614881262186
                    ],
                    [
                        -0.555576494998604,
                        1.282252191596842,
                        0.04905614881262186
                    ],
                    [
                        -0.5387504686440729,
                        1.2949039788790897,
                        0.09905614881262134
                    ],
                    [
                        -0.4868225175736271,
                        1.2742069762207577,
                        0.04905614881262186
                    ],
                    [
                        -0.47207875396157295,
                        1.2871024185301072,
                        0.09905614881262134
                    ]
                ],
                [
                    [
                        -0.39194687962081853,
                        1.293205173309779,
