{
    "Pruning Time": 113.1441376209259,
    "Cut Data": [
        {
            "Rule": [
                "Vigor",
                "Vigor"
            ],
            "Sequence": [
                1,
                2
            ],
            "Vertices": [
                [
                    [
                        0.4004743015181192,
                        2.8102007344687165,
                        0.061452605127896694
                    ],
                    [
                        0.40393354446126634,
                        2.7994189995194727,
                        0.11145260512789641
                    ],
                    [
                        0.5158556285840629,
                        2.7943441012225327,
                        0.11145260512789641
                    ],
                    [
                        0.5164265715940969,
                        2.80494309490145,
                        0.061452605127896694
                    ],
                    [
                        0.4004743015181192,
                        2.807221405380599,
                        0.061452605127896694
                    ],
                    [
                        0.40393354446126634,
                        2.796543223817874,
                        0.11145260512789641
                    ],
                    [
                        0.5164265715940969,
                        2.8019637658133325,
                        0.061452605127896694
                    ],
                    [
                        0.5158556285840629,
                        2.7914683255209334,
                        0.11145260512789641
                    ]
                ],
                [
                    [
                        0.7054132448299436,
                        2.0783674676980297,
                        0.008233853108695581
                    ],
                    [
                        0.6985283438265925,
                        2.0924994592699195,
                        0.05823385310869596
                    ],
                    [
                        0.7779396813572295,
                        2.0889865235739706,
                        0.05823385310869596
                    ],
                    [
                        0.7875785427619211,
                        2.0747327044885298,
                        0.008233853108695581
                    ],
                    [
                        0.7054132448299436,
                        2.075277918969955,
                        0.008233853108695581
                    ],
                    [
                        0.6985283438265925,
                        2.089513463928363,
                        0.05823385310869596
                    ],
                    [
                        0.7875785427619211,
                        2.071643155760455,
                        0.008233853108695581
                    ],
                    [
                        0.7779396813572295,
                        2.086000528232414,
                        0.05823385310869596
                    ]
                ]
            ],
            "Cut Time": [
                1.616530418395996,
                1.3252673149108887
            ],
            "Rule Time": [
                15.631445407867432,
                2.6642725467681885
            ],
            "Between Time": [
                43.38355755805969,
                6.748093366622925
            ]
        }
    ],
    "Explanations": [
        {
            "Branch Num": 1,
            "Decision": "Branch Vigor",
            "Explanation": "Branch is vigorous and removed due to placement and shading."
        },
        {
            "Branch Num": 2,
            "Decision": "Branch Vigor",
            "Explanation": "Branch is strong vigor and removed to prevent shading."
        },
        {
            "Branch Num": 3,
            "Decision": "Branch Vigor",
            "Explanation": "Branch is vigorous and removed to prevent shading"
        }
    ],
    "Reset Answer": ""
}