{
    "Pruning Time": 204.17556023597717,
    "Cut Data": [
        {
            "Rule": [
                "Vigor",
                "Spacing",
                "Canopy",
                "Spacing",
                "Vigor"
            ],
            "Sequence": [
                1,
                2,
                3,
                4,
                5
            ],
            "Vertices": [
                [
                    [
                        0.5204739095813568,
                        1.60603781965458,
                        0.030447294555015696
                    ],
                    [
                        0.5295198979119772,
                        1.6171241233877005,
                        0.08071921516472534
                    ],
                    [
                        0.5746878313830547,
                        1.6255389778187401,
                        0.06247018547563236
                    ],
                    [
                        0.5669496962237763,
                        1.6146963291127212,
                        0.011669857885158865
                    ],
                    [
                        0.5204739095813568,
                        1.60235795313487,
                        0.030447294555015696
                    ],
                    [
                        0.5295198979119772,
                        1.6135478102545087,
                        0.08071921516472534
                    ],
                    [
                        0.5669496962237763,
                        1.6110164625930112,
                        0.011669857885158865
                    ],
                    [
                        0.5746878313830547,
                        1.6219626646855483,
                        0.06247018547563236
                    ]
                ],
                [
                    [
                        -0.8095148326033902,
                        2.316808830836973,
                        0.13928282766128408
                    ],
                    [
                        -0.8169646282421409,
                        2.3114727614698602,
                        0.20018095846330805
                    ],
                    [
                        -0.806395141291005,
                        2.277220576240452,
                        0.21104074545401413
                    ],
                    [
                        -0.7984472057724761,
                        2.280942340248072,
                        0.15065443637152823
                    ],
                    [
                        -0.8127140684842011,
                        2.316565201290077,
                        0.13729862423127062
                    ],
                    [
                        -0.8200198705639536,
                        2.311240097380605,
                        0.19828606151906455
                    ],
                    [
                        -0.8016464416532871,
                        2.280698710701176,
                        0.14867023294151505
                    ],
                    [
                        -0.8094503836128177,
                        2.276987912151197,
                        0.2091458485097709
                    ]
                ],
                [
                    [
                        0.6380247081147051,
                        2.297204751120039,
                        0.1318781243659976
                    ],
                    [
                        0.6525725250971107,
                        2.2933688705865225,
                        0.1816095823895836
                    ],
                    [
                        0.6647917725915419,
                        2.2505358293076636,
                        0.18032293740911287
                    ],
                    [
                        0.6507184146739545,
                        2.252708553029131,
                        0.1305415204682969
                    ],
                    [
                        0.6343554335624221,
                        2.2974425167327954,
                        0.1338145698849442
                    ],
                    [
                        0.6490403988682515,
                        2.293597749114191,
                        0.1834736484088386
                    ],
                    [
                        0.6470491401216715,
                        2.2529463186418877,
                        0.13247796598724335
                    ],
                    [
                        0.6612596463626829,
                        2.250764707835332,
                        0.18218700342836772
                    ]
                ],
                [
                    [
                        0.18928180219865107,
                        2.2429038903157097,
                        0.02168524025949101
                    ],
                    [
                        0.20101943702637468,
                        2.2421766787969477,
                        0.0707436997856127
                    ],
                    [
                        0.28327752047314875,
                        2.2494602323577184,
                        0.049186127356142924
                    ],
                    [
                        0.2740816925796301,
                        2.2504125085287394,
                        -0.0005384695851703945
                    ],
                    [
                        0.18928180219865107,
                        2.2394748882497075,
                        0.022106268772500152
                    ],
                    [
                        0.20101943702637468,
                        2.2388504582462234,
                        0.07115210831539967
                    ],
                    [
                        0.2740816925796301,
                        2.2469835064627373,
                        -0.00011744107216106651
                    ],
                    [
                        0.28327752047314875,
                        2.2461340118069946,
                        0.0495945358859299
                    ]
                ],
                [
                    [
                        0.15286200203821132,
                        2.214126646318021,
                        0.3940248758928762
                    ],
                    [
                        0.19619285065640554,
                        2.2123296127113377,
                        0.42337410930639463
                    ],
                    [
                        0.16434705667036287,
                        2.152136834808972,
                        0.45768732310769744
                    ],
                    [
                        0.1198327424564033,
                        2.151696961344279,
                        0.4296132504903514
                    ],
                    [
                        0.1500015121288146,
                        2.212961995193805,
                        0.3965861384513591
                    ],
                    [
                        0.19343485445827172,
                        2.2112066919968862,
                        0.4258435997162413
                    ],
                    [
                        0.11697225254700672,
                        2.1505323102200626,
                        0.4321745130488345
                    ],
                    [
                        0.16158906047222918,
                        2.151013914094521,
                        0.4601568135175442
                    ]
                ]
            ],
            "Cut Time": [
                1.379845142364502,
                2.0164034366607666,
                1.3842394351959229,
                1.3919408321380615,
                1.494955062866211
            ],