{
    "Pruning Time": 151.46589922904968,
    "Cut Data": [
        {
            "Rule": [
                "Vigor",
                "Vigor",
                "Vigor",
                "Vigor",
                "Vigor",
                "Vigor",
                "Vigor",
                "Vigor"
            ],
            "Sequence": [
                1,
                2,
                3,
                4,
                5,
                6,
                7,
                8
            ],
            "Vertices": [
                [
                    [
                        -0.2765483810708309,
                        1.3815361635022234,
                        -0.04709504655353374
                    ],
                    [
                        -0.21476303373099428,
                        1.3999008245182851,
                        0.028976568197940696
                    ],
                    [
                        -0.1930363579627321,
                        1.3553699791242244,
                        0.015400234391482642
                    ],
                    [
                        -0.2534921347202786,
                        1.334280239376747,
                        -0.06150218826806515
                    ],
                    [
                        -0.2809915118779687,
                        1.3815361635022234,
                        -0.044318670285629226
                    ],
                    [
                        -0.2189499452071699,
                        1.3999008245182851,
                        0.031592840858560234
                    ],
                    [
                        -0.25793526552741636,
                        1.334280239376747,
                        -0.05872581200016064
                    ],
                    [
                        -0.19722326943890772,
                        1.3553699791242244,
                        0.018016507052102185
                    ]
                ],
                [
                    [
                        -0.10016338505205889,
                        1.5539157458442794,
                        -0.037316980944459274
                    ],
                    [
                        -0.09690565140657095,
                        1.5586670188727594,
                        0.012683019055538248
                    ],
                    [
                        -0.2787286262106524,
                        1.5477952510937407,
                        0.012683019055538248
                    ],
                    [
                        -0.28809880855179815,
                        1.5426784955246085,
                        -0.037316980944459274
                    ],
                    [
                        -0.10016338505205889,
                        1.550731858253706,
                        -0.037316980944459274
                    ],
                    [
                        -0.09690565140657095,
                        1.555586684668704,
                        0.012683019055538248
                    ],
                    [
                        -0.28809880855179815,
                        1.5394946079340353,
                        -0.037316980944459274
                    ],
                    [
                        -0.2787286262106524,
                        1.5447149168896857,
                        0.012683019055538248
                    ]
                ],
                [
                    [
                        0.5422150614284205,
                        1.2934323827342307,
                        -0.11575896646811219
                    ],
                    [
                        0.5268757444781265,
                        1.3061633579002863,
                        -0.06519282850179044
                    ],
                    [
                        0.6244783700062103,
                        1.3193540588318555,
                        -0.06860118728964612
                    ],
                    [
                        0.6429727428068568,
                        1.3070494799632277,
                        -0.11927750223405162
                    ],
                    [
                        0.5422150614284205,
                        1.2901253734071885,
                        -0.11575896646811219
                    ],
                    [
                        0.5268757444781265,
                        1.3029599019597622,
                        -0.06519282850179044
                    ],
                    [
                        0.6429727428068568,
                        1.3037424706361855,
                        -0.11927750223405162
                    ],
                    [
                        0.6244783700062103,
                        1.3161506028913317,
                        -0.06860118728964612
                    ]
                ],
                [
                    [
                        0.8186714564388456,
                        1.45098790113426,
                        -0.04002238890654989
                    ],
                    [
                        0.7740781070729462,
                        1.4568965355414727,
                        -0.013905060153793366
                    ],
                    [
                        0.8327032777865055,
                        1.3792036757660673,
                        0.044720110559765866
                    ],
                    [
                        0.8787215130608734,
                        1.3714067148988174,
                        0.020027667715477936
                    ],
                    [
                        0.8153451487843322,
                        1.4479529919203902,
                        -0.04334869656106332
                    ],
                    [
                        0.7708307270526561,
                        1.4539336395714795,
                        -0.017152440174083572
                    ],
                    [
                        0.8753952054063601,
                        1.3683718056849477,
                        0.01670136006096462
                    ],
                    [
                        0.8294558977662153,
                        1.376240779796074,
                        0.041472730539475776
                    ]
                ],
                [
                    [
                        -0.468718624905474,
                        1.3651545865331163,
                        -0.051557305510080954
                    ],
                    [
                        -0.4559410878006173,
                        1.3761190627526858,
                        -0.0008190458658125806
                    ],
                    [
                        -0.4202755938311248,
                        1.3797177398332114,
                        0.0010501034701610743
                    ],
                    [
                        -0.43184573211896154,
                        1.3688750911271925,
                        -0.04962487908339832
                    ],
                    [
                        -0.468718624905474,
                        1.361992157628151,
                        -0.051557305510080954
                    ],
                    [
                        -0.4559410878006173,
                        1.373060187234239,
                        -0.0008190458658125806
                    ],
                    [
                        -0.43184573211896154,
                        1.3657126622222275,
                        -0.04962487908339832
                    ],
                    [
                        -0.4202755938311248,
                        1.3766588643147646,
                        0.0010501034701610743
                    ]
                ],
                [
                    [
                        -0.3557378305136194,
                        2.002711504308871,
