{
    "Pruning Time": 119.2199056148529,
    "Cut Data": [
        {
            "Rule": [
                "Vigor",
                "Vigor",
                "Vigor"
            ],
            "Sequence": [
                1,
                2,
                3
            ],
            "Vertices": [
                [
                    [
                        0.6519373564057991,
                        2.1580045939577315,
                        0.1008059896340393
                    ],
                    [
                        0.6602760212657495,
                        2.133458538745383,
                        0.14634271504818716
                    ],
                    [
                        0.737855224163255,
                        2.1280736544164043,
                        0.11880362153242698
                    ],
                    [
                        0.7318370709764376,
                        2.152458639567742,
                        0.07244316004489844
                    ],
                    [
                        0.6519373564057991,
                        2.1545294671930075,
                        0.09987483222383566
                    ],
                    [
                        0.6602760212657495,
                        2.130084339402822,
                        0.1454386010592462
                    ],
                    [
                        0.7318370709764376,
                        2.148983512803018,
                        0.0715120026346948
                    ],
                    [
                        0.737855224163255,
                        2.1246994550738436,
                        0.11789950754348638
                    ]
                ],
                [
                    [
                        0.898872286317727,
                        2.1145535404391698,
                        0.12915739381494765
                    ],
                    [
                        0.9001093368478821,
                        2.0898713958025374,
                        0.1765554017959387
                    ],
                    [
                        0.996643073758366,
                        2.099841763255715,
                        0.14675477869818268
                    ],
                    [
                        0.9984723709183343,
                        2.1248406118156407,
                        0.09841016826788652
                    ],
                    [
                        0.898872286317727,
                        2.1113045652554883,
                        0.12828683353825132
                    ],
                    [
                        0.9001093368478821,
                        2.086722445509294,
                        0.17571164310785814
                    ],
                    [
                        0.9984723709183343,
                        2.121591636631959,
                        0.09753960799119053
                    ],
                    [
                        0.996643073758366,
                        2.096692812962471,
                        0.14591102001010245
                    ]
                ],
                [
                    [
                        0.5479680439407153,
                        1.4007871719858191,
                        0.7579274444224052
                    ],
                    [
                        0.8265336710660569,
                        1.3582025769291037,
                        -0.47594545047658937
                    ],
                    [
                        0.914627157407194,
                        1.3126497002776072,
                        -0.4722089680285348
                    ],
                    [
                        0.5882316531609435,
                        1.3799669808396704,
                        0.7596352241391044
                    ],
                    [
                        0.5479680439407153,
                        1.3986571975387299,
                        0.7575900896116973
                    ],
                    [
                        0.8265336710660569,
                        1.3535423669157558,
                        -0.4766835552313483
                    ],
                    [
                        0.5882316531609435,
                        1.377837006392581,
                        0.7592978693283967
                    ],
                    [
                        0.914627157407194,
                        1.307989490264259,
                        -0.47294707278329373
                    ]
                ]
            ],
            "Cut Time": [
                1.3282501697540283,
                1.2680509090423584,
                1.600677251815796
            ],
            "Rule Time": [
                3.63893985748291,
                13.258286952972412,
                1.76692533493042
            ],
            "Between Time": [
                10.729695081710815,
                4.2202699184417725,
                25.59800124168396
            ]
        }
    ],
    "Explanations": [
        {
            "Branch Num": 1,
            "Decision": "Canopy Cut",
            "Explanation": "Branch too long. Pruned back to ~6 inches"
        },
        {
            "Branch Num": 2,
            "Decision": "Canopy Cut",
            "Explanation": "Branch too long. Pruned back to ~6 inches"
        },
        {
            "Branch Num": 3,
            "Decision": "Canopy Cut",
            "Explanation": "Branch too long. Pruned back to ~6 inches"
        },
        {
            "Branch Num": 4,
            "Decision": "Canopy Cut",
            "Explanation": "Branch too long. Pruned back to ~6 inches"
        }
    ],
    "Reset Answer": ""
}