{
    "Pruning Time": 112.13174414634705,
    "Cut Data": [
        {
            "Rule": [
                "Canopy",
                "Canopy",
                "Canopy",
                "Canopy",
                "Canopy",
                "Canopy",
                "Canopy",
                "Canopy",
                "Canopy"
            ],
            "Sequence": [
                1,
                2,
                3,
                4,
                5,
                6,
                7,
                8,
                9
            ],
            "Vertices": [
                [
                    [
                        -0.29671023708584676,
                        1.9763043462386427,
                        0.18139751781356686
                    ],
                    [
                        -0.2854593012998828,
                        1.965827180073276,
                        0.23139751781356663
                    ],
                    [
                        -0.2701211895882474,
                        2.030738468230704,
                        0.23139751781356663
                    ],
                    [
                        -0.2807675974812342,
                        2.043774012180637,
                        0.18139751781356686
                    ],
                    [
                        -0.300806609762032,
                        1.9763043462386427,
                        0.18139751781356686
                    ],
                    [
                        -0.28940034389245584,
                        1.965827180073276,
                        0.23139751781356663
                    ],
                    [
                        -0.2848639701574194,
                        2.043774012180637,
                        0.18139751781356686
                    ],
                    [
                        -0.2740622321808204,
                        2.030738468230704,
                        0.23139751781356663
                    ]
                ],
                [
                    [
                        0.07202794599904964,
                        1.7612255787255129,
                        0.007836337124328971
                    ],
                    [
                        0.03588891969006392,
                        1.7586732768688362,
                        0.04236870457146937
                    ],
                    [
                        0.047418153746865074,
                        1.7141201763293228,
                        0.05312201759127162
                    ],
                    [
                        0.08393714963144243,
                        1.7152041392989679,
                        0.01894404764913528
                    ],
                    [
                        0.06858544182406101,
                        1.761285658707537,
                        0.004394357259400374
                    ],
                    [
                        0.03255625047051975,
                        1.7587314399665768,
                        0.03903654293358952
                    ],
                    [
                        0.0804946454564538,
                        1.7152642192809917,
                        0.015502067784206684
                    ],
                    [
                        0.044085484527320896,
                        1.714178339427063,
                        0.04978985595339177
                    ]
                ],
                [
                    [
                        0.08941510425474192,
                        1.6424570595322814,
                        0.009644171038860469
                    ],
                    [
                        0.052943604567115186,
                        1.6436866378536803,
                        0.04391002742639629
                    ],
                    [
                        0.06309519178350001,
                        1.570983937581294,
                        0.052794130660493016
                    ],
                    [
                        0.0998991648497694,
                        1.5673732821060693,
                        0.01881923644030015
                    ],
                    [
                        0.08595161995102765,
                        1.642517505668039,
                        0.006181214240581288
                    ],
                    [
                        0.049589955218845364,
                        1.6437451671051544,
                        0.04055688885516585
                    ],
                    [
                        0.09643568054605496,
                        1.5674337282418267,
                        0.015356279642020972
                    ],
                    [
                        0.05974154243523002,
                        1.571042466832768,
                        0.04944099208926258
                    ]
                ],
                [
                    [
                        -0.19939253930413664,
                        1.400625298083362,
                        -0.05329673473569562
                    ],
                    [
                        -0.18984065961094074,
                        1.409202398234838,
                        -0.0036853252307880225
                    ],
                    [
                        -0.12993432402883617,
                        1.4111531345932293,
                        -0.007840972174641836
                    ],
                    [
                        -0.13754302555436684,
                        1.4026393103584935,
                        -0.05758717814699074
                    ],
                    [
                        -0.19939253930413664,
                        1.3973297942335527,
                        -0.0533542579693652
                    ],
                    [
                        -0.18984065961094074,
                        1.4060104319998645,
                        -0.0037410412086681354
                    ],
                    [
                        -0.13754302555436684,
                        1.399343806508684,
                        -0.05764470138066033
                    ],
                    [
                        -0.12993432402883617,
                        1.4079611683582556,
                        -0.007896688152521949
                    ]
                ],
                [
                    [
                        -0.2416844621798535,
                        1.3894308362044618,
                        -0.05873028140562913
                    ],
                    [
                        -0.23085946575611888,
                        1.398314012452895,
                        -0.009202567877780189
                    ],
                    [
                        -0.19347903050219997,
                        1.3662706905225477,
                        -0.012376178978418903
                    ],
                    [
                        -0.203097916339108,
                        1.356353610052434,
                        -0.06200629168704115
                    ],
                    [
                        -0.2416844621798535,
                        1.3861184045213812,
                        -0.058788100115727555
                    ],
                    [
                        -0.23085946575611888,
                        1.3951051183846501,
                        -0.009258579332089146
                    ],
                    [
                        -0.203097916339108,
                        1.3530411783693532,
                        -0.06206411039713976
                    ],
                    [
                        -0.19347903050219997,
                        1.3630617964543028,
                        -0.012432190432728033
                    ]
                ],
                [
                    [
                        -0.46216979144535925,
