{
    "Pruning Time": 80.37593102455139,
    "Cut Data": [
        {
            "Rule": [
                "Vigor",
                "Vigor",
                "Canopy",
                "Canopy",
                "Vigor"
            ],
            "Sequence": [
                1,
                2,
                3,
                4,
                5
            ],
            "Vertices": [
                [
                    [
                        0.6038602249275692,
                        2.039446096580692,
                        -0.030925476841267577
                    ],
                    [
                        0.6004681517503085,
                        2.0283597928475716,
                        0.01907452315873139
                    ],
                    [
                        0.6561732655920638,
                        2.0301639675335474,
                        0.01907452315873139
                    ],
                    [
                        0.6614460922141423,
                        2.041311185023443,
                        -0.030925476841267577
                    ],
                    [
                        0.6038602249275692,
                        2.0362754462280153,
                        -0.030925476841267577
                    ],
                    [
                        0.6004681517503085,
                        2.0252926958814133,
                        0.01907452315873139
                    ],
                    [
                        0.6614460922141423,
                        2.038140534670766,
                        -0.030925476841267577
                    ],
                    [
                        0.6561732655920638,
                        2.0270968705673886,
                        0.01907452315873139
                    ]
                ],
                [
                    [
                        0.8810033400105465,
                        2.0375084992231027,
                        -0.023091328310809834
                    ],
                    [
                        0.8664610856961514,
                        2.0302554290289803,
                        0.02794641406344639
                    ],
                    [
                        0.939245504564209,
                        2.0210958162810466,
                        0.028909128156647763
                    ],
                    [
                        0.9566760588117171,
                        2.0279854060861155,
                        -0.02209041088928306
                    ],
                    [
                        0.8810033400105465,
                        2.0348102895009563,
                        -0.022807735041377328
                    ],
                    [
                        0.8664610856961514,
                        2.027660205417065,
                        0.028219183056519995
                    ],
                    [
                        0.9566760588117171,
                        2.025287196363969,
                        -0.02180681761985041
                    ],
                    [
                        0.939245504564209,
                        2.018500592669132,
                        0.029181897149721366
                    ]
                ],
                [
                    [
                        0.7866286849022915,
                        1.5702139272668547,
                        0.07160465482557302
                    ],
                    [
                        0.7905836170486822,
                        1.5822989149444517,
                        0.12131785187580303
                    ],
                    [
                        0.8897620520505375,
                        1.5511225583319084,
                        0.09787345610440358
                    ],
                    [
                        0.8906731957753032,
                        1.5375079385658437,
                        0.047009986733634206
                    ],
                    [
                        0.7856881200602549,
                        1.5681350316019307,
                        0.07207656737087463
                    ],
                    [
                        0.7896870416477481,
                        1.5803172475133753,
                        0.12176769346098651
                    ],
                    [
                        0.8897326309332665,
                        1.535429042900919,
                        0.04748189927893558
                    ],
                    [
                        0.8888654766496035,
                        1.5491408909008315,
                        0.09832329768958684
                    ]
                ],
                [
                    [
                        0.47541158207784573,
                        1.4732196543428564,
                        -0.02188656483097681
                    ],
                    [
                        0.48020602556744757,
                        1.487086744943283,
                        0.02671701977631094
                    ],
                    [
                        0.5318650423296651,
                        1.4820386744311052,
                        0.023615345181131654
                    ],
                    [
                        0.529080783151441,
                        1.4679751505111476,
                        -0.025108933508254928
                    ],
                    [
                        0.47541158207784573,
                        1.4704700645532358,
                        -0.021597571298844515
                    ],
                    [
                        0.48020602556744757,
                        1.4844401412638941,
                        0.02699518903208462
                    ],
                    [
                        0.529080783151441,
                        1.465225560721527,
                        -0.024819939976122484
                    ],
                    [
                        0.5318650423296651,
                        1.4793920707517163,
                        0.023893514436905048
                    ]
                ],
                [
                    [
                        1.0246422912253275,
                        1.3874462339993838,
                        0.01886944827848589
                    ],
                    [
                        1.0079947687268989,
                        1.4054683355461108,
                        0.06854395090098046
                    ],
                    [
                        1.0829022413479905,
                        1.3887260291666133,
                        0.06503674486561989
                    ],
                    [
                        1.1026320464571984,
                        1.3700150174482817,
                        0.015217928200788135
                    ],
                    [
                        1.0246422912253275,
                        1.3848404179391773,
                        0.01914333058273681
                    ],
                    [
                        1.0079947687268989,
                        1.402965505596136,
                        0.06880700892887248
                    ],
                    [
                        1.1026320464571984,
                        1.3674092013880754,
                        0.015491810505039337
                    ],
                    [
                        1.0829022413479905,
                        1.3862231992166387,
                        0.06529980289351218
                    ]
                ]
            ],
            "Cut Time": [
                0.5931875705718994,
                0.5938336849212646,
                0.6979553699493408,
                0.6895549297332764,
                0.5394809246063232
            ],