{
    "Pruning Time": 145.5433840751648,
    "Cut Data": [
        {
            "Rule": [
                "Vigor",
                "Vigor",
                "Canopy"
            ],
            "Sequence": [
                1,
                2,
                3
            ],
            "Vertices": [
                [
                    [
                        0.7197963822941351,
                        2.0692275253202963,
                        0.01938474605298179
                    ],
                    [
                        0.7135831789496476,
                        2.0748156275148983,
                        0.0706614812257438
                    ],
                    [
                        0.7851624064895295,
                        2.0748156275148983,
                        0.0706614812257438
                    ],
                    [
                        0.7934578725764939,
                        2.0692275253202963,
                        0.01938474605298179
                    ],
                    [
                        0.7197963822941351,
                        2.065599903093012,
                        0.018874916997174643
                    ],
                    [
                        0.7135831789496476,
                        2.0712905508996933,
                        0.07016606401585329
                    ],
                    [
                        0.7934578725764939,
                        2.065599903093012,
                        0.018874916997174643
                    ],
                    [
                        0.7851624064895295,
                        2.0712905508996933,
                        0.07016606401585329
                    ]
                ],
                [
                    [
                        0.456671579619497,
                        2.6990631418771165,
                        0.03293355078971388
                    ],
                    [
                        0.4578470505225082,
                        2.6873391319148543,
                        0.08177722726949074
                    ],
                    [
                        0.5156568098059257,
                        2.68084971764137,
                        0.08086519957076545
                    ],
                    [
                        0.516093413284187,
                        2.6923927647587873,
                        0.03199609042172431
                    ],
                    [
                        0.456671579619497,
                        2.6952832615100633,
                        0.032402323247852936
                    ],
                    [
                        0.4578470505225082,
                        2.68366179715988,
                        0.08126041157354645
                    ],
                    [
                        0.516093413284187,
                        2.6886128843917336,
                        0.03146486287986337
                    ],
                    [
                        0.5156568098059257,
                        2.6771723828863956,
                        0.08034838387482116
                    ]
                ],
                [
                    [
                        0.7105445915635107,
                        2.76964989893436,
                        -0.014384862632211618
                    ],
                    [
                        0.7050030858778867,
                        2.7564178652650546,
                        0.03424687493702358
                    ],
                    [
                        0.7571856895558942,
                        2.758649385224137,
                        0.034560494614728196
                    ],
                    [
                        0.7641377603251315,
                        2.7719417398417248,
                        -0.014062765398085658
                    ],
                    [
                        0.7105445915635107,
                        2.7657537693918406,
                        -0.014932427930226068
                    ],
                    [
                        0.7050030858778867,
                        2.7526242813346142,
                        0.03371372148492578
                    ],
                    [
                        0.7641377603251315,
                        2.7680456102992053,
                        -0.014610330696099896
                    ],
                    [
                        0.7571856895558942,
                        2.754855801293697,
                        0.0340273411626304
                    ]
                ]
            ],
            "Cut Time": [
                0.6089920997619629,
                0.6001543998718262,
                0.6744682788848877
            ],
            "Rule Time": [
                11.262039184570312,
                2.1393237113952637,
                15.36345648765564
            ],
            "Between Time": [
                2.4302334785461426,
                5.943006277084351,
                6.971588134765625
            ]
        }
    ],
    "Explanations": [
        {
            "Branch Num": 1,
            "Decision": "Branch Vigor",
            "Explanation": "Branch is vigorous and removed due to placement and shading."
        },
        {
            "Branch Num": 2,
            "Decision": "Branch Vigor",
            "Explanation": "Branch is strong vigor and removed to prevent shading."
        },
        {
            "Branch Num": 1,
            "Decision": "Branch Vigor",
            "Explanation": "Branch is vigorous and removed due to placement and shading."
        },
        {
            "Branch Num": 2,
            "Decision": "Branch Vigor",
            "Explanation": "Branch is strong vigor and removed to prevent shading."
        },
        {
            "Branch Num": 3,
            "Decision": "Branch Vigor",
            "Explanation": "Branch is vigorous and removed to prevent shading"
        },
        {
            "Branch Num": 1,
            "Decision": "Branch Vigor",
            "Explanation": "Branch is vigorous and removed due to placement and shading."
        }
    ],
    "Reset Answer": ""
}