{
    "Pruning Time": 134.45637154579163,
    "Cut Data": [
        {
            "Rule": [
                "Vigor",
                "Vigor",
                "Vigor",
                "Canopy",
                "Canopy",
                "Vigor",
                "Vigor",
                "Vigor"
            ],
            "Sequence": [
                1,
                2,
                3,
                4,
                5,
                6,
                7,
                8
            ],
            "Vertices": [
                [
                    [
                        -0.34354539053509464,
                        1.8763104098047878,
                        0.05543932092950685
                    ],
                    [
                        -0.3331004919397669,
                        1.8709499992085536,
                        0.10543932092950674
                    ],
                    [
                        -0.28168948353748774,
                        1.867064771953814,
                        0.10543932092950674
                    ],
                    [
                        -0.2905223077515431,
                        1.8723033550364974,
                        0.05543932092950685
                    ],
                    [
                        -0.34354539053509464,
                        1.872904413251741,
                        0.05543932092950685
                    ],
                    [
                        -0.3331004919397669,
                        1.867647556042025,
                        0.10543932092950674
                    ],
                    [
                        -0.2905223077515431,
                        1.8688973584834503,
                        0.05543932092950685
                    ],
                    [
                        -0.28168948353748774,
                        1.863762328787285,
                        0.10543932092950674
                    ]
                ],
                [
                    [
                        -0.010730799119768665,
                        1.5011053888835313,
                        0.015284393534445315
                    ],
                    [
                        -0.019181685431369933,
                        1.5070140232907439,
                        0.06456560486109654
                    ],
                    [
                        0.01970817922939444,
                        1.4712021925611911,
                        0.07142293727689004
                    ],
                    [
                        0.029349753052827797,
                        1.4641971105320217,
                        0.022351676284167447
                    ],
                    [
                        -0.010730799119768665,
                        1.497619607039222,
                        0.015284393534445315
                    ],
                    [
                        -0.019181685431369933,
                        1.5036317948329527,
                        0.06456560486109654
                    ],
                    [
                        0.029349753052827797,
                        1.4607113286877125,
                        0.022351676284167447
                    ],
                    [
                        0.01970817922939444,
                        1.4678199641034002,
                        0.07142293727689004
                    ]
                ],
                [
                    [
                        0.14473614770199678,
                        1.346137457723976,
                        -0.0466853926963894
                    ],
                    [
                        0.13231630301762198,
                        1.3561273138351393,
                        0.0018959841838328542
                    ],
                    [
                        0.17785637759377262,
                        1.3540305291634025,
                        0.009925928035083678
                    ],
                    [
                        0.1915992084024053,
                        1.3439797592954636,
                        -0.03842217069632899
                    ],
                    [
                        0.14473614770199678,
                        1.342469370395505,
                        -0.0466853926963894
                    ],
                    [
                        0.13231630301762198,
                        1.3525627798931865,
                        0.0018959841838328542
                    ],
                    [
                        0.1915992084024053,
                        1.3403116719669927,
                        -0.03842217069632899
                    ],
                    [
                        0.17785637759377262,
                        1.3504659952214497,
                        0.009925928035083678
                    ]
                ],
                [
                    [
                        0.44848598288104846,
                        1.4085404359305689,
                        -0.09258660978105202
                    ],
                    [
                        0.42400899316570423,
                        1.4181332407844267,
                        -0.034437267719546284
                    ],
                    [
                        0.4694447118767211,
                        1.40932490455894,
                        -0.026425724622913507
                    ],
                    [
                        0.4954680207969356,
                        1.3994323245533993,
                        -0.08430240888781297
                    ],
                    [
                        0.44848598288104846,
                        1.4046694885952717,
                        -0.09258660978105202
                    ],
                    [
                        0.42400899316570423,
                        1.4143896978885948,
                        -0.034437267719546284
                    ],
                    [
                        0.4954680207969356,
                        1.3955613772181021,
                        -0.08430240888781297
                    ],
                    [
                        0.4694447118767211,
                        1.4055813616631083,
                        -0.026425724622913507
                    ]
                ],
                [
                    [
                        0.5070251974466262,
                        1.4918193030858555,
                        0.04503935490264749
                    ],
                    [
                        0.48402146376818855,
                        1.497788851249843,
                        0.09175450659239277
                    ],
                    [
                        0.5109101866615461,
                        1.5122325047319973,
                        0.0964957139152851
                    ],
                    [
                        0.5347077120145384,
                        1.5066893528654373,
                        0.049920529114825564
                    ],
                    [
                        0.5070251974466262,
                        1.4882080052822428,
                        0.04503935490264749
                    ],
                    [
                        0.48402146376818855,
                        1.4942811068327484,
                        0.09175450659239277
                    ],
                    [
                        0.5347077120145384,
                        1.5030780550618248,
                        0.049920529114825564
                    ],
                    [
                        0.5109101866615461,
                        1.5087247603149028,
                        0.0964957139152851
                    ]
                ],
                [
                    [
                        0.6558409349457609,
                        1.3727338002591187,
