{
    "Vigor Manipulation": {
        "Total Time": 18.171287775039673,
        "Answers": [
            "Strong"
        ],
        "Submit Times": [
            18.171297550201416
        ]
    },
    "Vigor Bins": {
        "Total Time": 72.33520340919495,
        "Answers": [
            [
                "Don't Prune",
                "Heading Cut",
                "Thinning Cut"
            ]
        ],
        "Submit Times": [
            72.33521175384521
        ]
    },
    "Canopy Spacing Manipulation": {
        "Total Time": 16.644838571548462,
        "Answers": [
            "Too Close"
        ],
        "Submit Times": [
            16.644842863082886
        ]
    },
    "Canopy Rotation Manipulation": {
        "Total Time": 36.7710394859314,
        "Answers": [
            "Good Angle"
        ],
        "Submit Times": [
            36.77104353904724
        ]
    },
    "Bud Spacing Bins": {
        "Total Time": 122.29820942878723,
        "Answers": [
            [
                "Heading Cut",
                "Heading Cut",
                "Don't Prune"
            ],
            [
                "Heading Cut",
                "Heading Cut",
                "Don't Prune"
            ],
            [
                "Heading Cut",
                "Heading Cut",
                "Don't Prune"
            ]
        ],
        "Submit Times": [
            39.523244857788086,
            66.42209768295288,
            16.352863311767578
        ]
    },
    "Bud Spacing Manipulation": {
        "Total Time": 13.64480209350586,
        "Answers": [
            "Too Close"
        ],
        "Submit Times": [
            13.64480471611023
        ]
    }
}