{
    "Pruning Time": 103.49196648597717,
    "Cut Data": [
        {
            "Rule": [
                "Canopy",
                "Canopy",
                "Canopy"
            ],
            "Sequence": [
                1,
                2,
                3
            ],
            "Vertices": [
                [
                    [
                        -0.3054085197344817,
                        1.3995943379194635,
                        0.0746660477999344
                    ],
                    [
                        -0.2946949420756085,
                        1.4101324178416057,
                        0.1246660477999344
                    ],
                    [
                        -0.27621877015864243,
                        1.3581908279750723,
                        0.1246660477999344
                    ],
                    [
                        -0.2862606501586521,
                        1.3457644215928934,
                        0.0746660477999344
                    ],
                    [
                        -0.30983646457389225,
                        1.3995943379194635,
                        0.0746660477999344
                    ],
                    [
                        -0.29896755683140686,
                        1.4101324178416057,
                        0.1246660477999344
                    ],
                    [
                        -0.2906885949980627,
                        1.3457644215928934,
                        0.0746660477999344
                    ],
                    [
                        -0.2804913849144408,
                        1.3581908279750723,
                        0.1246660477999344
                    ]
                ],
                [
                    [
                        0.8107283412691227,
                        1.4146207306337526,
                        -0.026271392002261095
                    ],
                    [
                        0.7818116860429881,
                        1.4236359666365097,
                        0.021828653389762722
                    ],
                    [
                        0.8372720621810971,
                        1.3918914492907035,
                        0.025706820682288627
                    ],
                    [
                        0.8679978832874717,
                        1.3818406794227647,
                        -0.02226671550745303
                    ],
                    [
                        0.8107283412691227,
                        1.4113427255126538,
                        -0.026271392002261095
                    ],
                    [
                        0.7818116860429881,
                        1.420461514901929,
                        0.021828653389762722
                    ],
                    [
                        0.8679978832874717,
                        1.378562674301666,
                        -0.02226671550745303
                    ],
                    [
                        0.8372720621810971,
                        1.3887169975561229,
                        0.025706820682288627
                    ]
                ],
                [
                    [
                        -0.2767638331637722,
                        2.0117696997258765,
                        0.1790330415957584
                    ],
                    [
                        -0.25854723637962895,
                        2.0000722575021426,
                        0.2280473513038531
                    ],
                    [
                        -0.316063830529922,
                        1.9745341930338751,
                        0.2361307814549739
                    ],
                    [
                        -0.33652254407147386,
                        1.9852361082598444,
                        0.18743158070746563
                    ],
                    [
                        -0.2767638331637722,
                        2.0089505056326105,
                        0.1790330415957584
                    ],
                    [
                        -0.25854723637962895,
                        1.997358838152389,
                        0.2280473513038531
                    ],
                    [
                        -0.33652254407147386,
                        1.9824169141665784,
                        0.18743158070746563
                    ],
                    [
                        -0.316063830529922,
                        1.9718207736841216,
                        0.2361307814549739
                    ]
                ]
            ],
            "Cut Time": [
                0.7907419204711914,
                0.5008261203765869,
                0.7862434387207031
            ],
            "Rule Time": [
                1.196645975112915,
                1.3212783336639404,
                0.9873721599578857
            ],
            "Between Time": [
                9.397209644317627,
                45.66343140602112,
                9.77924132347107
            ]
        }
    ],
    "Explanations": [],
    "Reset Answer": ""
}