{
    "Pruning Time": 96.39158201217651,
    "Cut Data": [
        {
            "Rule": [
                "Vigor",
                "Vigor",
                "Vigor",
                "Vigor",
                "Vigor",
                "Canopy"
            ],
            "Sequence": [
                1,
                2,
                3,
                4,
                5,
                6
            ],
            "Vertices": [
                [
                    [
                        0.7152543355807158,
                        1.3902630260284075,
                        0.04907649910679753
                    ],
                    [
                        0.6935920860823674,
                        1.3996437445718166,
                        0.09907649910679665
                    ],
                    [
                        0.6183185263524982,
                        1.3879415528018875,
                        0.09907649910679665
                    ],
                    [
                        0.6376298340448242,
                        1.3781953517178258,
                        0.04907649910679753
                    ],
                    [
                        0.7152543355807158,
                        1.3868438516404094,
                        0.04907649910679753
                    ],
                    [
                        0.6935920860823674,
                        1.3963281235703369,
                        0.09907649910679665
                    ],
                    [
                        0.6376298340448242,
                        1.3747761773298277,
                        0.04907649910679753
                    ],
                    [
                        0.6183185263524982,
                        1.3846259318004075,
                        0.09907649910679665
                    ]
                ],
                [
                    [
                        0.11248920927264733,
                        1.3571546369649636,
                        -0.02649488131792126
                    ],
                    [
                        0.10923147562715929,
                        1.3670835793193514,
                        0.02350511868207767
                    ],
                    [
                        0.22184124431495236,
                        1.3650411472906359,
                        0.02350511868207767
                    ],
                    [
                        0.22845746625475793,
                        1.3550512911794725,
                        -0.02649488131792126
                    ],
                    [
                        0.11248920927264733,
                        1.3535789491296288,
                        -0.02649488131792126
                    ],
                    [
                        0.10923147562715929,
                        1.363611444870535,
                        0.02350511868207767
                    ],
                    [
                        0.22845746625475793,
                        1.3514756033441377,
                        -0.02649488131792126
                    ],
                    [
                        0.22184124431495236,
                        1.3615690128418192,
                        0.02350511868207767
                    ]
                ],
                [
                    [
                        -0.36396518845889353,
                        1.8909307532740391,
                        0.03274260705236957
                    ],
                    [
                        -0.35305010150236127,
                        1.885204860137153,
                        0.08274260705236967
                    ],
                    [
                        -0.25093714906783215,
                        1.8891453890762413,
                        0.08274260705236967
                    ],
                    [
                        -0.2586952570277059,
                        1.8949931097266783,
                        0.03274260705236957
                    ],
                    [
                        -0.36396518845889353,
                        1.8874777502892957,
                        0.03274260705236957
                    ],
                    [
                        -0.35305010150236127,
                        1.8818554105389276,
                        0.08274260705236967
                    ],
                    [
                        -0.2586952570277059,
                        1.8915401067419348,
                        0.03274260705236957
                    ],
                    [
                        -0.25093714906783215,
                        1.885795939478016,
                        0.08274260705236967
                    ]
                ],
                [
                    [
                        -0.46874749570393676,
                        1.2879745900971493,
                        0.050224846812684576
                    ],
                    [
                        -0.4545410902189727,
                        1.300461910236104,
                        0.10022484681268623
                    ],
                    [
                        -0.5705941345301999,
                        1.2985129439445726,
                        0.10022484681268623
                    ],
                    [
                        -0.5884277073730271,
                        1.2859647100488425,
                        0.050224846812684576
                    ],
                    [
                        -0.46874749570393676,
                        1.284557794015028,
                        0.050224846812684576
                    ],
                    [
                        -0.4545410902189727,
                        1.2971486675405008,
                        0.10022484681268623
                    ],
                    [
                        -0.5884277073730271,
                        1.2825479139667215,
                        0.050224846812684576
                    ],
                    [
                        -0.5705941345301999,
                        1.2951997012489698,
                        0.10022484681268623
                    ]
                ],
                [
                    [
                        -0.3762363805746781,
                        1.2933844295520616,
                        0.047706269392747525
                    ],
                    [
                        -0.3648511052569409,
                        1.3056890084206905,
                        0.09770626939274962
                    ],
                    [
                        -0.2981231745019842,
                        1.3115451122560267,
                        0.09770626939274962
                    ],
                    [
                        -0.3074261870772444,
                        1.2994232746577241,
                        0.047706269392747525
                    ],
                    [
                        -0.3762363805746781,
                        1.2899624173255195,
                        0.047706269392747525
                    ],
                    [
                        -0.3648511052569409,
                        1.3023705495806666,
                        0.09770626939274962
                    ],
                    [
                        -0.3074261870772444,
                        1.296001262431182,
                        0.047706269392747525
                    ],
                    [
                        -0.2981231745019842,
                        1.308226653416003,
                        0.09770626939274962
                    ]
                ],
                [
                    [
                        0.5160965036965459,
                        1.5356387503089917,
                        0.05471854787441034
                    ],
                    [
