{
    "Pruning Time": 94.04238557815552,
    "Cut Data": [
        {
            "Rule": [
                "Canopy",
                "Canopy",
                "Canopy",
                "Canopy"
            ],
            "Sequence": [
                1,
                2,
                3,
                4
            ],
            "Vertices": [
                [
                    [
                        0.646611512656494,
                        1.318732424093091,
                        -0.039256289401491354
                    ],
                    [
                        0.6649983205342551,
                        1.333960863286938,
                        0.007405962220584575
                    ],
                    [
                        0.7361036626727994,
                        1.3134626716310065,
                        -0.02727443036150876
                    ],
                    [
                        0.7206750722928663,
                        1.297381439842304,
                        -0.07537950106134124
                    ],
                    [
                        0.646611512656494,
                        1.316139804576924,
                        -0.039256289401491354
                    ],
                    [
                        0.6649983205342551,
                        1.3314717971572891,
                        0.007405962220584575
                    ],
                    [
                        0.7206750722928663,
                        1.294788820326137,
                        -0.07537950106134124
                    ],
                    [
                        0.7361036626727994,
                        1.3109736055013574,
                        -0.02727443036150876
                    ]
                ],
                [
                    [
                        0.7134778638409439,
                        1.348133404448559,
                        0.017240026862196268
                    ],
                    [
                        0.7038514451188754,
                        1.3597070182358826,
                        0.06680414493442106
                    ],
                    [
                        0.7571022297707953,
                        1.3489609240749107,
                        0.06959490030310775
                    ],
                    [
                        0.7685397467183939,
                        1.3370218277469346,
                        0.02012569786694644
                    ],
                    [
                        0.7134778638409439,
                        1.3449851243830986,
                        0.017240026862196268
                    ],
                    [
                        0.7038514451188754,
                        1.3566622915569406,
                        0.06680414493442106
                    ],
                    [
                        0.7685397467183939,
                        1.3338735476814743,
                        0.02012569786694644
                    ],
                    [
                        0.7571022297707953,
                        1.3459161973959686,
                        0.06959490030310775
                    ]
                ],
                [
                    [
                        0.29238807585047444,
                        1.398310203841494,
                        0.07565706643279271
                    ],
                    [
                        0.29684797666030527,
                        1.4087873700068612,
                        0.12595941722995668
                    ],
                    [
                        0.35091626405550885,
                        1.4223321434949139,
                        0.12879301610197652
                    ],
                    [
                        0.34840161689532134,
                        1.4123422873837501,
                        0.07859261172873258
                    ],
                    [
                        0.29238807585047444,
                        1.3953283860887646,
                        0.07565706643279271
                    ],
                    [
                        0.29684797666030527,
                        1.4059091056406496,
                        0.12595941722995668
                    ],
                    [
                        0.34840161689532134,
                        1.4093604696310207,
                        0.07859261172873258
                    ],
                    [
                        0.35091626405550885,
                        1.4194538791287026,
                        0.12879301610197652
                    ]
                ],
                [
                    [
                        0.6141850678814706,
                        2.059618991765137,
                        -0.03404733108221109
                    ],
                    [
                        0.58586389069568,
                        2.0500555319514016,
                        0.007160696599397653
                    ],
                    [
                        0.6341999792632504,
                        2.02775900125386,
                        0.0410059901819826
                    ],
                    [
                        0.6638416904740064,
                        2.036713323499842,
                        0.0007226103791169197
                    ],
                    [
                        0.6141850678814706,
                        2.055725028160037,
                        -0.03404733108221109
                    ],
                    [
                        0.58586389069568,
                        2.0462651217328194,
                        0.007160696599397653
                    ],
                    [
                        0.6638416904740064,
                        2.0328193598947415,
                        0.0007226103791169197
                    ],
                    [
                        0.6341999792632504,
                        2.023968591035278,
                        0.0410059901819826
                    ]
                ]
            ],
            "Cut Time": [
                0.49052906036376953,
                0.644242525100708,
                0.7473397254943848,
                0.6302449703216553
            ],
            "Rule Time": [
                2.60453200340271,
                1.6978724002838135,
                1.3698899745941162,
                1.176854133605957
            ],
            "Between Time": [
                2.2636656761169434,
                2.289886236190796,
                11.213338613510132,
                25.884546041488647
            ]
        }
    ],
    "Explanations": [
        {
            "Branch Num": 1,
            "Decision": "Canopy Cut",
            "Explanation": "Branch too long. Pruned back to ~6 inches"
        },
        {
            "Branch Num": 2,
            "Decision": "Canopy Cut",
            "Explanation": "Branch too long. Pruned back to ~6 inches"
        },
        {
            "Branch Num": 4,
            "Decision": "Canopy Cut",
            "Explanation": "Branch too long. Pruned back to ~6 inches"
        },
        {
            "Branch Num": 3,
            "Decision": "Canopy Cut",
            "Explanation": "Branch too long. Pruned back to ~6 inches"
        },
        {
            "Branch Num": 4,
            "Decision": "Canopy Cut",
            "Explanation": "Branch too long. Pruned back to ~6 inches"
        }
    ],
    "Reset Answer": ""
}