{
    "Pruning Time": 96.53898572921753,
    "Cut Data": [
        {
            "Rule": [
                "Vigor",
                "Spacing",
                "Canopy",
                "Spacing",
                "Canopy"
            ],
            "Sequence": [
                1,
                2,
                3,
                4,
                5
            ],
            "Vertices": [
                [
                    [
                        -0.5501973450757126,
                        1.3911936809633663,
                        0.034665626471671054
                    ],
                    [
                        -0.5484845160456107,
                        1.40514293126493,
                        0.08466562647167092
                    ],
                    [
                        -0.4591208982360538,
                        1.398245864562134,
                        0.08466562647167092
                    ],
                    [
                        -0.4576767482694972,
                        1.3840529592334687,
                        0.034665626471671054
                    ],
                    [
                        -0.5501973450757126,
                        1.3881588742281599,
                        0.034665626471671054
                    ],
                    [
                        -0.5484845160456107,
                        1.4022116779162417,
                        0.08466562647167092
                    ],
                    [
                        -0.4576767482694972,
                        1.381018152498262,
                        0.034665626471671054
                    ],
                    [
                        -0.4591208982360538,
                        1.3953146112134456,
                        0.08466562647167092
                    ]
                ],
                [
                    [
                        -0.15308136698036845,
                        2.0380315385143923,
                        -0.014605093002028752
                    ],
                    [
                        -0.16453381206399242,
                        2.0301736638903667,
                        0.03539490699797512
                    ],
                    [
                        -0.25110573153134913,
                        2.0283893719222243,
                        0.03539490699797512
                    ],
                    [
                        -0.24260875614672492,
                        2.0361863327894745,
                        -0.014605093002028752
                    ],
                    [
                        -0.15308136698036845,
                        2.0348946887820323,
                        -0.014605093002028752
                    ],
                    [
                        -0.16453381206399242,
                        2.0271403675445248,
                        0.03539490699797512
                    ],
                    [
                        -0.24260875614672492,
                        2.0330494830571144,
                        -0.014605093002028752
                    ],
                    [
                        -0.25110573153134913,
                        2.0253560755763824,
                        0.03539490699797512
                    ]
                ],
                [
                    [
                        -0.7953425316144266,
                        2.1806531463001573,
                        0.0861876545812572
                    ],
                    [
                        -0.784897633019099,
                        2.1671912060527965,
                        0.13618765458125628
                    ],
                    [
                        -0.755583407113597,
                        2.1190077446250544,
                        0.13618765458125628
                    ],
                    [
                        -0.7649535894547429,
                        2.1307031859259284,
                        0.0861876545812572
                    ],
                    [
                        -0.7997346834109434,
                        2.1806531463001573,
                        0.0861876545812572
                    ],
                    [
                        -0.7891344547320037,
                        2.1671912060527965,
                        0.13618765458125628
                    ],
                    [
                        -0.7693457412512597,
                        2.1307031859259284,
                        0.0861876545812572
                    ],
                    [
                        -0.7598202288265015,
                        2.1190077446250544,
                        0.13618765458125628
                    ]
                ],
                [
                    [
                        -0.2598349033352575,
                        2.087903031012729,
                        -0.03454679234030321
                    ],
                    [
                        -0.26766018106101735,
                        2.0785223124693197,
                        0.015453207659695387
                    ],
                    [
                        -0.2078301847677171,
                        2.1165026278060455,
                        0.015453207659695387
                    ],
                    [
                        -0.19798981406536675,
                        2.127162535241738,
                        -0.03454679234030321
                    ],
                    [
                        -0.25710107894866874,
                        2.0905066732213897,
                        -0.03454679234030321
                    ],
                    [
                        -0.26501543262832694,
                        2.081041120438267,
                        0.015453207659695387
                    ],
                    [
                        -0.19525598967877794,
                        2.1297661774503984,
                        -0.03454679234030321
                    ],
                    [
                        -0.2051854363350267,
                        2.119021435774992,
                        0.015453207659695387
                    ]
                ],
                [
                    [
                        -0.726343935328225,
                        2.048880674088458,
                        0.09427080168832365
                    ],
                    [
                        -0.6990942954767192,
                        2.053473196005131,
                        0.1396526488221266
                    ],
                    [
                        -0.6674288078383143,
                        2.0041354436572227,
                        0.1453042174513406
                    ],
                    [
                        -0.6931076906705012,
                        1.9970955373293935,
                        0.10020271468475118
                    ],
                    [
                        -0.7290900141116529,
                        2.047955848679564,
                        0.09517495462311985
                    ],
                    [
                        -0.7017105935773685,
                        2.0525920781816644,
                        0.14051407116014528
                    ],
                    [
                        -0.6958537694539288,
                        1.9961707119204994,
                        0.10110686761954751
                    ],
                    [
                        -0.6700451059389635,
                        2.0032543258337565,
                        0.14616563978935934
                    ]
                ]
            ],
            "Cut Time": [
                0.6259205341339111,
                0.555513858795166,
                0.6751070022583008,
                1.321258544921875,
                0.6476092338562012
            ],