{
    "Pruning Time": 106.21056628227234,
    "Cut Data": [
        {
            "Rule": [
                "Spacing",
                "Spacing",
                "Spacing"
            ],
            "Sequence": [
                1,
                2,
                3
            ],
            "Vertices": [
                [
                    [
                        0.2609628605930136,
                        2.247362540150227,
                        0.1556263845254672
                    ],
                    [
                        0.2993766815846799,
                        2.237817536479402,
                        0.2097883635516749
                    ],
                    [
                        0.27420536112803084,
                        2.1894478680429135,
                        0.2280763983494816
                    ],
                    [
                        0.2347812683552546,
                        2.197051515034927,
                        0.17464842473709402
                    ],
                    [
                        0.2566382225894552,
                        2.247362540150227,
                        0.15876841795328062
                    ],
                    [
                        0.2952189188306798,
                        2.237817536479402,
                        0.21280915501381267
                    ],
                    [
                        0.23045663035169617,
                        2.197051515034927,
                        0.1777904581649074
                    ],
                    [
                        0.2700475983740308,
                        2.1894478680429135,
                        0.23109718981161934
                    ]
                ],
                [
                    [
                        0.5452675698759379,
                        1.649754825967522,
                        -0.06581352838565586
                    ],
                    [
                        0.5090782107913943,
                        1.6613617612414697,
                        -0.03113816079719553
                    ],
                    [
                        0.5665243147550274,
                        1.665566334534773,
                        0.00886568188978427
                    ],
                    [
                        0.6040342078645364,
                        1.654056051282654,
                        -0.024890103137760213
                    ],
                    [
                        0.5452675698759379,
                        1.6451717199335767,
                        -0.06533182453081644
                    ],
                    [
                        0.5090782107913943,
                        1.6568816413177563,
                        -0.03066728121871501
                    ],
                    [
                        0.6040342078645364,
                        1.6494729452487087,
                        -0.024408399282920785
                    ],
                    [
                        0.5665243147550274,
                        1.6610862146110597,
                        0.009336561468264792
                    ]
                ],
                [
                    [
                        0.9678841349137479,
                        2.363084177900327,
                        0.11088287343328172
                    ],
                    [
                        0.9589606782004981,
                        2.35181513289688,
                        0.1658956357595489
                    ],
                    [
                        0.948933758025836,
                        2.273845292633247,
                        0.16896117289747994
                    ],
                    [
                        0.9575360409062159,
                        2.282616873608903,
                        0.11404660326600286
                    ],
                    [
                        0.9630981414352644,
                        2.363084177900327,
                        0.1123460984809154
                    ],
                    [
                        0.9543232276197169,
                        2.35181513289688,
                        0.16731344668584214
                    ],
                    [
                        0.9527500474277322,
                        2.282616873608903,
                        0.11550982831363653
                    ],
                    [
                        0.9442963074450548,
                        2.273845292633247,
                        0.17037898382377317
                    ]
                ]
            ],
            "Cut Time": [
                0.7454478740692139,
                0.6159260272979736,
                0.6112039089202881
            ],
            "Rule Time": [
                2.506410598754883,
                1.3631510734558105,
                1.5186853408813477
            ],
            "Between Time": [
                3.2107317447662354,
                56.72375965118408,
                11.766237258911133
            ]
        }
    ],
    "Explanations": [
        {
            "Branch Num": 1,
            "Decision": "Canopy Cut",
            "Explanation": "Branch too long. Pruned back to ~6 inches to keep buds"
        },
        {
            "Branch Num": 2,
            "Decision": "Bud Spacing",
            "Explanation": "Bud cluster is too close together to other buds and pruned back to keep bud count."
        },
        {
            "Branch Num": 3,
            "Decision": "Branch Vigor",
            "Explanation": "The branch is pruned back to keep buds."
        },
        {
            "Branch Num": 4,
            "Decision": "Branch Vigor",
            "Explanation": "Branch is vigorous and removed to prevent shading"
        },
        {
            "Branch Num": 5,
            "Decision": "Canopy Cut",
            "Explanation": "Branch too long. Pruned back to ~6 inches to keep buds"
        },
        {
            "Branch Num": 6,
            "Decision": "Branch Vigor",
            "Explanation": "Branch is vigorous and removed to prevent shading."
        },
        {
            "Branch Num": 7,
            "Decision": "Canopy Cut",
            "Explanation": "Branches too close together. Removed branch with fewer buds."
        },
        {
            "Branch Num": 6,
            "Decision": "Branch Vigor",
            "Explanation": "Branch is vigorous and removed to prevent shading."
        }
    ],
    "Reset Answer": ""
}