{
    "Pruning Time": 114.64940357208252,
    "Cut Data": [
        {
            "Rule": [
                "Vigor",
                "Vigor"
            ],
            "Sequence": [
                1,
                2
            ],
            "Vertices": [
                [
                    [
                        0.7061960107605083,
                        2.0910762617323515,
                        0.01890783555110653
                    ],
                    [
                        0.6997141283524753,
                        2.1013554825570213,
                        0.06951516398718417
                    ],
                    [
                        0.7990537984138099,
                        2.084487235940611,
                        0.0686311366416191
                    ],
                    [
                        0.8087598295843879,
                        2.073660542626642,
                        0.017995116388158743
                    ],
                    [
                        0.7061960107605083,
                        2.087786625901273,
                        0.01873543304254967
                    ],
                    [
                        0.6997141283524753,
                        2.0981692581961435,
                        0.06934818104413294
                    ],
                    [
                        0.8087598295843879,
                        2.0703709067955636,
                        0.01782271387960224
                    ],
                    [
                        0.7990537984138099,
                        2.081301011579733,
                        0.06846415369856822
                    ]
                ],
                [
                    [
                        0.4713297170913112,
                        2.8700770707377883,
                        0.06943986608561024
                    ],
                    [
                        0.472236508930777,
                        2.8557808598206,
                        0.11875925071917494
                    ],
                    [
                        0.41053986211028154,
                        2.8576433168557283,
                        0.1188568579563963
                    ],
                    [
                        0.40761797729422516,
                        2.872000358049506,
                        0.0695406613025408
                    ],
                    [
                        0.4713297170913112,
                        2.866807482307869,
                        0.06926851421682886
                    ],
                    [
                        0.472236508930777,
                        2.8526146828608807,
                        0.11859331841589918
                    ],
                    [
                        0.40761797729422516,
                        2.868730769619586,
                        0.06936930943375906
                    ],
                    [
                        0.41053986211028154,
                        2.8544771398960096,
                        0.1186909256531202
                    ]
                ]
            ],
            "Cut Time": [
                0.8553500175476074,
                0.7779965400695801
            ],
            "Rule Time": [
                6.290364503860474,
                12.014800548553467
            ],
            "Between Time": [
                30.945003032684326,
                11.82089638710022
            ]
        }
    ],
    "Explanations": [
        {
            "Branch Num": 1,
            "Decision": "Branch Vigor",
            "Explanation": "Branch is vigorous and removed due to placement and shading."
        },
        {
            "Branch Num": 2,
            "Decision": "Branch Vigor",
            "Explanation": "Branch is strong vigor and removed to prevent shading."
        },
        {
            "Branch Num": 3,
            "Decision": "Branch Vigor",
            "Explanation": "Branch is vigorous and removed to prevent shading"
        }
    ],
    "Reset Answer": ""
}