{
    "Pruning Time": 173.00309491157532,
    "Cut Data": [
        {
            "Rule": [
                "Vigor",
                "Vigor",
                "Vigor",
                "Vigor",
                "Vigor",
                "Vigor",
                "Vigor",
                "Vigor"
            ],
            "Sequence": [
                1,
                2,
                3,
                4,
                5,
                6,
                7,
                8
            ],
            "Vertices": [
                [
                    [
                        0.06914021027850503,
                        1.4356925209284104,
                        0.11640725003278023
                    ],
                    [
                        0.06695719288719856,
                        1.4440377056066385,
                        0.16640725003278029
                    ],
                    [
                        0.2235340131772631,
                        1.4160126368774382,
                        0.16640725003278029
                    ],
                    [
                        0.23082193277593238,
                        1.4067537458475794,
                        0.11640725003278023
                    ],
                    [
                        0.06914021027850503,
                        1.4324127930859163,
                        0.11640725003278023
                    ],
                    [
                        0.06695719288719856,
                        1.4408615311506623,
                        0.16640725003278029
                    ],
                    [
                        0.23082193277593238,
                        1.4034740180050853,
                        0.11640725003278023
                    ],
                    [
                        0.2235340131772631,
                        1.4128364624214622,
                        0.16640725003278029
                    ]
                ],
                [
                    [
                        -0.43474963554091317,
                        1.370619699745729,
                        0.06141756013653248
                    ],
                    [
                        -0.41924213744149913,
                        1.3823686788422205,
                        0.1198657151080728
                    ],
                    [
                        -0.2451770474657881,
                        1.376593563912079,
                        0.1198657151080728
                    ],
                    [
                        -0.2542459893922809,
                        1.364630967013833,
                        0.06141756013653248
                    ],
                    [
                        -0.43474963554091317,
                        1.3672260845309878,
                        0.06141756013653248
                    ],
                    [
                        -0.41924213744149913,
                        1.3790961137151403,
                        0.1198657151080728
                    ],
                    [
                        -0.2542459893922809,
                        1.361237351799092,
                        0.06141756013653248
                    ],
                    [
                        -0.2451770474657881,
                        1.373320998784999,
                        0.1198657151080728
                    ]
                ],
                [
                    [
                        -0.6346355152467439,
                        1.3596882103711128,
                        0.056829259421600185
                    ],
                    [
                        -0.6153242075544172,
                        1.3700435490229288,
                        0.106829259421601
                    ],
                    [
                        -0.49332949510015023,
                        1.356457106923873,
                        0.106829259421601
                    ],
                    [
                        -0.5088121261369547,
                        1.3456753719746293,
                        0.056829259421600185
                    ],
                    [
                        -0.6346355152467439,
                        1.3562850924748238,
                        0.056829259421600185
                    ],
                    [
                        -0.6153242075544172,
                        1.366743984513158,
                        0.106829259421601
                    ],
                    [
                        -0.5088121261369547,
                        1.3422722540783403,
                        0.056829259421600185
                    ],
                    [
                        -0.49332949510015023,
                        1.353157542414102,
                        0.106829259421601
                    ]
                ],
                [
                    [
                        -0.39221780344147644,
                        1.9519858401421082,
                        0.10893689776414901
                    ],
                    [
                        -0.37989215140133137,
                        1.9440670517613081,
                        0.1589368977641465
                    ],
                    [
                        -0.2349741644907417,
                        1.8933762025493441,
                        0.1589368977641465
                    ],
                    [
                        -0.24259793291884235,
                        1.899650319497209,
                        0.10893689776414901
                    ],
                    [
                        -0.3939965788462539,
                        1.9489114135924717,
                        0.10893689776414901
                    ],
                    [
                        -0.3816150278476615,
                        1.9410892406930222,
                        0.1589368977641465
                    ],
                    [
                        -0.2443767083236198,
                        1.8965758929475725,
                        0.10893689776414901
                    ],
                    [
                        -0.23669704093707186,
                        1.8903983914810585,
                        0.1589368977641465
                    ]
                ],
                [
                    [
                        0.05027384033510568,
                        1.5014238120321854,
                        0.03675696624955654
                    ],
                    [
                        0.04876252060266274,
                        1.5073933601961735,
                        0.08675696624955687
                    ],
                    [
                        -0.029257512361597713,
                        1.5604584548360034,
                        0.08675696624955687
                    ],
                    [
                        -0.030164304201063478,
                        1.556133578104951,
                        0.03675696624955654
                    ],
                    [
                        0.053374060489103876,
                        1.5041795632121473,
                        0.03675696624955654
                    ],
                    [
                        0.05176954270649362,
                        1.5100662686669206,
                        0.08675696624955687
                    ],
                    [
                        -0.027064084047065295,
                        1.5588893292849124,
                        0.03675696624955654
                    ],
                    [
                        -0.026250490257766844,
                        1.5631313633067503,
                        0.08675696624955687
                    ]
                ],
                [
                    [
                        0.5975765361022394,
                        1.4214713442503593,
                        0.043294110203180795
