{
    "Pruning Time": 164.87818837165833,
    "Cut Data": [
        {
            "Rule": [
                "Canopy",
                "Canopy",
                "Canopy",
                "Canopy",
                "Vigor",
                "Vigor",
                "Vigor"
            ],
            "Sequence": [
                1,
                2,
                3,
                4,
                5,
                6,
                7
            ],
            "Vertices": [
                [
                    [
                        0.11987558504203352,
                        1.5692318852349907,
                        0.04119740542756561
                    ],
                    [
                        0.07933361583536523,
                        1.5737227249671895,
                        0.0762078045975714
                    ],
                    [
                        0.05079390566418431,
                        1.6816989456474187,
                        0.04766809442639048
                    ],
                    [
                        0.09032090789164847,
                        1.681048099309419,
                        0.011642728277180561
                    ],
                    [
                        0.12311195495869715,
                        1.570266217012618,
                        0.04443377534422923
                    ],
                    [
                        0.08245884230826228,
                        1.5747215357139326,
                        0.07933303107046845
                    ],
                    [
                        0.09355727780831193,
                        1.6820824310870466,
                        0.014879098193844016
                    ],
                    [
                        0.05391913213708119,
                        1.682697756394162,
                        0.05079332089928736
                    ]
                ],
                [
                    [
                        0.06013124078151083,
                        1.8199562108237082,
                        0.03915793940568315
                    ],
                    [
                        0.023137282927443856,
                        1.815996816633308,
                        0.07287465967027233
                    ],
                    [
                        0.05374978636439691,
                        1.7499678594728096,
                        0.10348716310722539
                    ],
                    [
                        0.09178866055134087,
                        1.7516734446625204,
                        0.07081535917551318
                    ],
                    [
                        0.05727102637432543,
                        1.8183528056717524,
                        0.03629772499849774
                    ],
                    [
                        0.02037147560622211,
                        1.8144463350690507,
                        0.0701088523490506
                    ],
                    [
                        0.08892844614415546,
                        1.7500700395105644,
                        0.06795514476832777
                    ],
                    [
                        0.05098397904317517,
                        1.7484173779085523,
                        0.10072135578600365
                    ]
                ],
                [
                    [
                        -0.200977297859494,
                        1.3868966021477238,
                        -0.07669348841956584
                    ],
                    [
                        -0.23141678053460452,
                        1.397982905880844,
                        -0.03642229297602219
                    ],
                    [
                        -0.16672135215039513,
                        1.3598159104701817,
                        0.02827313540818721
                    ],
                    [
                        -0.133907059627837,
                        1.3473285903312273,
                        -0.009623250187908826
                    ],
                    [
                        -0.20227364043698348,
                        1.3842396380762676,
                        -0.07798983099705531
                    ],
                    [
                        -0.23266722246823382,
                        1.3954200190723822,
                        -0.0376727349096515
                    ],
                    [
                        -0.13520340220532645,
                        1.344671626259771,
                        -0.010919592765398294
                    ],
                    [
                        -0.16797179408402443,
                        1.3572530236617197,
                        0.027022693474557904
                    ]
                ],
                [
                    [
                        -0.2818513914061607,
                        1.5716335277256472,
                        0.004853237369867318
                    ],
                    [
                        -0.25618850916143554,
                        1.575653835672823,
                        0.04855942952261714
                    ],
                    [
                        -0.09326718500174155,
                        1.579421901258495,
                        -0.01398020736263607
                    ],
                    [
                        -0.11366256343701951,
                        1.57552342082487,
                        -0.05970840478224472
                    ],
                    [
                        -0.2818513914061607,
                        1.568327118591308,
                        0.004853237369867318
                    ],
                    [
                        -0.25618850916143554,
                        1.5724509799250015,
                        0.04855942952261714
                    ],
                    [
                        -0.11366256343701951,
                        1.5722170116905305,
                        -0.05970840478224472
                    ],
                    [
                        -0.09326718500174155,
                        1.5762190455106735,
                        -0.01398020736263607
                    ]
                ],
                [
                    [
                        -0.28766914321838627,
                        1.9897523122469465,
                        0.18244965051483017
                    ],
                    [
                        -0.2588708420394651,
                        1.9796406286222323,
                        0.22495226810397537
                    ],
                    [
                        -0.23979450204064906,
                        1.9661639718211608,
                        0.21762954725832245
                    ],
                    [
                        -0.26790301105404735,
                        1.9757883453916718,
                        0.17486214326518382
                    ],
                    [
                        -0.28766914321838627,
                        1.9867849692902004,
                        0.18244965051483017
                    ],
                    [
                        -0.2588708420394651,
                        1.9767768390520046,
                        0.22495226810397537
                    ],
                    [
                        -0.26790301105404735,
                        1.9728210024349258,
                        0.17486214326518382
                    ],
                    [
                        -0.23979450204064906,
                        1.963300182250933,
                        0.21762954725832245
                    ]
                ],
                [
                    [
                        0.5319044865778674,
                        1.3480066543447295,
                        -0.08536239036509168
                    ],
