{
    "Pruning Time": 188.2004611492157,
    "Cut Data": [
        {
            "Rule": [
                "Spacing",
                "Canopy",
                "Canopy",
                "Canopy",
                "Vigor",
                "Canopy",
                "Spacing",
                "Vigor",
                "Canopy"
            ],
            "Sequence": [
                1,
                2,
                3,
                4,
                5,
                6,
                7,
                8,
                9
            ],
            "Vertices": [
                [
                    [
                        0.22433499490344963,
                        2.3761369580067098,
                        0.09471244985984957
                    ],
                    [
                        0.2598565706520984,
                        2.365537964327792,
                        0.12990155222985558
                    ],
                    [
                        0.2598565706520984,
                        2.2310872188279145,
                        0.12990155222985558
                    ],
                    [
                        0.22433499490344963,
                        2.2377877320732074,
                        0.09471244985984957
                    ],
                    [
                        0.22043717334838506,
                        2.3761369580067098,
                        0.09861027141491416
                    ],
                    [
                        0.2560685840524783,
                        2.365537964327792,
                        0.13368953882947573
                    ],
                    [
                        0.22043717334838506,
                        2.2377877320732074,
                        0.09861027141491416
                    ],
                    [
                        0.2560685840524783,
                        2.2310872188279145,
                        0.13368953882947573
                    ]
                ],
                [
                    [
                        0.16420002500904407,
                        1.68493652414714,
                        0.019163964690881972
                    ],
                    [
                        0.12834597588175403,
                        1.6924289162305122,
                        0.05402059368224404
                    ],
                    [
                        0.22583457904053655,
                        1.6599214033117862,
                        0.15150919684102657
                    ],
                    [
                        0.26406343801527415,
                        1.6516371323903338,
                        0.11902737769711204
                    ],
                    [
                        0.16420002500904407,
                        1.680581988302019,
                        0.019163964690881972
                    ],
                    [
                        0.12834597588175403,
                        1.6881779337719096,
                        0.05402059368224404
                    ],
                    [
                        0.26406343801527415,
                        1.647282596545213,
                        0.11902737769711204
                    ],
                    [
                        0.22583457904053655,
                        1.6556704208531834,
                        0.15150919684102657
                    ]
                ],
                [
                    [
                        -0.4820758258112768,
                        1.708495147433386,
                        -0.05181377926061652
                    ],
                    [
                        -0.5057367117193521,
                        1.7170230733819398,
                        -0.005511539266350865
                    ],
                    [
                        -0.37370023645939876,
                        1.7817035137517823,
                        0.11761446583399773
                    ],
                    [
                        -0.34606023714097545,
                        1.7751248280200407,
                        0.07502280912433422
                    ],
                    [
                        -0.48064904390315594,
                        1.7117872541188102,
                        -0.050483283606665534
                    ],
                    [
                        -0.5043516700785032,
                        1.7202188700341663,
                        -0.004219967041330366
                    ],
                    [
                        -0.34463345523285466,
                        1.778416934705465,
                        0.0763533047782852
                    ],
                    [
                        -0.37231519481854985,
                        1.7848993104040087,
                        0.11890603805901824
                    ]
                ],
                [
                    [
                        0.00208111083924723,
                        1.563646908652111,
                        -0.04601571347072738
                    ],
                    [
                        -0.02968537646027947,
                        1.5743677298445795,
                        -0.007272069056204423
                    ],
                    [
                        -0.072592606037574,
                        1.5018167747044506,
                        -0.047283707941403894
                    ],
                    [
                        -0.04190686559024063,
                        1.4892685408087205,
                        -0.08703516509989292
                    ],
                    [
                        -0.0016474930987128383,
                        1.561154444352969,
                        -0.049492692893107544
                    ],
                    [
                        -0.03332237179752372,
                        1.57193650325547,
                        -0.010663622076397115
                    ],
                    [
                        -0.045635469528200696,
                        1.4867760765095788,
                        -0.09051214452227287
                    ],
                    [
                        -0.07622960137481824,
                        1.4993855481153413,
                        -0.050675260961596365
                    ]
                ],
                [
                    [
                        -0.867584588409713,
                        1.6392850587675352,
                        -0.02076222458517819
                    ],
                    [
                        -0.8824521249294895,
                        1.6519551201768161,
                        0.033739946371359436
                    ],
                    [
                        -0.7663991496659337,
                        1.725579998600951,
                        0.1419610965957858
                    ],
                    [
                        -0.7473068754512197,
                        1.7155901424897873,
                        0.09139855727475185
                    ],
                    [
                        -0.8661114832077651,
                        1.641909644745632,
                        -0.019388531760894105
                    ],
                    [
                        -0.881030762339886,
                        1.6544875179427951,
                        0.03506538842903624
                    ],
                    [
                        -0.7458337702492718,
                        1.718214728467884,
                        0.09277225009903625
                    ],
                    [
                        -0.7649777870763301,
                        1.72811239636693,
                        0.14328653865346289
                    ]
                ],
                [
                    [
                        -0.07386657496475396,
