{
    "Pruning Time": 170.29004335403442,
    "Cut Data": [
        {
            "Rule": [
                "Spacing",
                "Vigor",
                "Vigor",
                "Vigor",
                "Vigor"
            ],
            "Sequence": [
                1,
                2,
                3,
                4,
                5
            ],
            "Vertices": [
                [
                    [
                        0.4201594227005722,
                        1.3614857195785102,
                        -0.04368650924382443
                    ],
                    [
                        0.42310299225678,
                        1.3739660943941046,
                        0.013226263266544245
                    ],
                    [
                        0.4650468146621728,
                        1.366720896491751,
                        0.013226263266544245
                    ],
                    [
                        0.46370882850026013,
                        1.353963180013588,
                        -0.04368650924382443
                    ],
                    [
                        0.4201594227005722,
                        1.3582886402634182,
                        -0.04368650924382443
                    ],
                    [
                        0.42310299225678,
                        1.3708868852856042,
                        0.013226263266544245
                    ],
                    [
                        0.46370882850026013,
                        1.3507661006984961,
                        -0.04368650924382443
                    ],
                    [
                        0.4650468146621728,
                        1.3636416873832509,
                        0.013226263266544245
                    ]
                ],
                [
                    [
                        0.7333807737429189,
                        1.5134074532108936,
                        0.0818402459262761
                    ],
                    [
                        0.7251524774218406,
                        1.5199861389426357,
                        0.1318402459262766
                    ],
                    [
                        0.8556490153561321,
                        1.5333204990209588,
                        0.1318402459262766
                    ],
                    [
                        0.8686463650551415,
                        1.5272291233434199,
                        0.0818402459262761
                    ],
                    [
                        0.7333807737429189,
                        1.5104703483077317,
                        0.0818402459262761
                    ],
                    [
                        0.7251524774218406,
                        1.5171525874259921,
                        0.1318402459262766
                    ],
                    [
                        0.8686463650551415,
                        1.5242920184402582,
                        0.0818402459262761
                    ],
                    [
                        0.8556490153561321,
                        1.5304869475043155,
                        0.1318402459262766
                    ]
                ],
                [
                    [
                        1.0416784133713932,
                        1.4719604929003265,
                        0.09261450047297613
                    ],
                    [
                        1.0187543887565074,
                        1.4816112065800227,
                        0.15217555928089005
                    ],
                    [
                        1.1455006617511165,
                        1.4783271645737073,
                        0.15217555928089005
                    ],
                    [
                        1.1740256696925016,
                        1.4685313273800304,
                        0.09261450047297613
                    ],
                    [
                        1.0416784133713932,
                        1.4690457022080747,
                        0.09261450047297613
                    ],
                    [
                        1.0187543887565074,
                        1.4788197708746544,
                        0.15217555928089005
                    ],
                    [
                        1.1740256696925016,
                        1.465616536687779,
                        0.09261450047297613
                    ],
                    [
                        1.1455006617511165,
                        1.475535728868339,
                        0.15217555928089005
                    ]
                ],
                [
                    [
                        0.5913174973975022,
                        2.060370593308189,
                        0.006040672989719257
                    ],
                    [
                        0.588261273049673,
                        2.048309669466662,
                        0.05604067298972082
                    ],
                    [
                        0.6891312993921562,
                        2.0588645079353487,
                        0.05604067298972082
                    ],
                    [
                        0.6956803515660758,
                        2.071290914317528,
                        0.006040672989719257
                    ],
                    [
                        0.5913174973975022,
                        2.057276502355543,
                        0.006040672989719257
                    ],
                    [
                        0.588261273049673,
                        2.0453191319005337,
                        0.05604067298972082
                    ],
                    [
                        0.6956803515660758,
                        2.068196823364882,
                        0.006040672989719257
                    ],
                    [
                        0.6891312993921562,
                        2.0558739703692206,
                        0.05604067298972082
                    ]
                ],
                [
                    [
                        0.8608961548651816,
                        2.100299222155066,
                        0.08979112139011194
                    ],
                    [
                        0.8463188390996026,
                        2.084130337883495,
                        0.14675227168720714
                    ],
                    [
                        1.03356734527944,
                        2.0907248501218385,
                        0.14675227168720714
                    ],
                    [
                        1.05602635933297,
                        2.107171311805797,
                        0.08979112139011194
                    ],
                    [
                        0.8608961548651816,
                        2.0973785840535055,
                        0.08979112139011194
                    ],
                    [
                        0.8463188390996026,
                        2.081327670182199,
                        0.14675227168720714
                    ],
                    [
                        1.05602635933297,
                        2.1042506737042364,
                        0.08979112139011194
                    ],
                    [
                        1.03356734527944,
                        2.0879221824205425,
                        0.14675227168720714
                    ]
                ]
            ],
            "Cut Time": [
                0.1356058120727539,
                0.0003352165222167969,
                0.0003077983856201172,
                0.0001609325408935547,
                0.0005781650543212891
            ],