{
    "Pruning Time": 164.06138849258423,
    "Cut Data": [
        {
            "Rule": [
                "Canopy",
                "Canopy",
                "Spacing",
                "Spacing",
                "Spacing",
                "Spacing",
                "Vigor",
                "Vigor",
                "Vigor",
                "Canopy",
                "Canopy"
            ],
            "Sequence": [
                1,
                2,
                3,
                4,
                5,
                6,
                7,
                8,
                9,
                10,
                11
            ],
            "Vertices": [
                [
                    [
                        -0.8434957670926927,
                        2.1839258904683034,
                        0.06755043825177232
                    ],
                    [
                        -0.8315059638819787,
                        2.1705248639777177,
                        0.11755043825177283
                    ],
                    [
                        -0.725646916591935,
                        2.140209193288632,
                        0.11755043825177283
                    ],
                    [
                        -0.733808043147127,
                        2.1525137721572607,
                        0.06755043825177232
                    ],
                    [
                        -0.8434957670926927,
                        2.180959190405594,
                        0.06755043825177232
                    ],
                    [
                        -0.8315059638819787,
                        2.1676617173015265,
                        0.11755043825177283
                    ],
                    [
                        -0.733808043147127,
                        2.149547072094551,
                        0.06755043825177232
                    ],
                    [
                        -0.725646916591935,
                        2.1373460466124405,
                        0.11755043825177283
                    ]
                ],
                [
                    [
                        -0.7532622265726064,
                        2.138107556320226,
                        0.09833475128955005
                    ],
                    [
                        -0.7442278930608918,
                        2.126046632478699,
                        0.1483347512895517
                    ],
                    [
                        -0.6625159585795525,
                        2.111226331002394,
                        0.1483347512895517
                    ],
                    [
                        -0.6685276526263811,
                        2.122739031032943,
                        0.09833475128955005
                    ],
                    [
                        -0.7532622265726064,
                        2.1352046126548503,
                        0.09833475128955005
                    ],
                    [
                        -0.7442278930608918,
                        2.123247242199841,
                        0.1483347512895517
                    ],
                    [
                        -0.6685276526263811,
                        2.1198360873675677,
                        0.09833475128955005
                    ],
                    [
                        -0.6625159585795525,
                        2.108426940723537,
                        0.1483347512895517
                    ]
                ],
                [
                    [
                        -0.22354396668524198,
                        2.0572316625217715,
                        -0.030030040158968794
                    ],
                    [
                        -0.2325783001969562,
                        2.0488255640867683,
                        0.019969959841030154
                    ],
                    [
                        -0.1331650288947094,
                        2.052431731682229,
                        0.019969959841030154
                    ],
                    [
                        -0.12077220708867764,
                        2.0609596576307823,
                        -0.030030040158968794
                    ],
                    [
                        -0.22354396668524198,
                        2.0540628666791116,
                        -0.030030040158968794
                    ],
                    [
                        -0.2325783001969562,
                        2.045760321630627,
                        0.019969959841030154
                    ],
                    [
                        -0.12077220708867764,
                        2.057790861788123,
                        -0.030030040158968794
                    ],
                    [
                        -0.1331650288947094,
                        2.049366489226087,
                        0.019969959841030154
                    ]
                ],
                [
                    [
                        -0.45037308457900666,
                        2.0351271164776725,
                        -0.0078125982734019
                    ],
                    [
                        -0.45201874384322227,
                        2.027330155610423,
                        0.04218740172659814
                    ],
                    [
                        -0.3913077666652584,
                        2.002465919840533,
                        0.04218740172659814
                    ],
                    [
                        -0.3875798446585658,
                        2.009410088112927,
                        -0.0078125982734019
                    ],
                    [
                        -0.45037308457900666,
                        2.0320043344619534,
                        -0.0078125982734019
                    ],
                    [
                        -0.45201874384322227,
                        2.024310926981222,
                        0.04218740172659814
                    ],
                    [
                        -0.3875798446585658,
                        2.006287306097208,
                        -0.0078125982734019
                    ],
                    [
                        -0.3913077666652584,
                        1.999446691211332,
                        0.04218740172659814
                    ]
                ],
                [
                    [
                        -0.50187645055246,
                        2.105783043262335,
                        -0.06588166077577819
                    ],
                    [
                        -0.5138747835272816,
                        2.0951840495834175,
                        -0.017342499706343443
                    ],
                    [
                        -0.4721269404409204,
                        2.093487589528341,
                        -0.006933593366610403
                    ],
                    [
                        -0.4586295931202856,
                        2.104025669450482,
                        -0.05509900818297027
                    ],
                    [
                        -0.50187645055246,
                        2.1027955077821856,
                        -0.06588166077577819
                    ],
                    [
                        -0.5138747835272816,
                        2.0923000674897865,
                        -0.017342499706343443
                    ],
                    [
                        -0.4586295931202856,
                        2.101038133970333,
                        -0.05509900818297027
                    ],
                    [
                        -0.4721269404409204,
                        2.0906036074347094,
                        -0.006933593366610403
                    ]
                ],
                [
