{
    "Pruning Time": 245.75045490264893,
    "Cut Data": [
        {
            "Rule": [
                "Vigor",
                "Vigor"
            ],
            "Sequence": [
                1,
                2
            ],
            "Vertices": [
                [
                    [
                        0.3311182236577406,
                        2.7975535985900457,
                        0.0632840769631965
                    ],
                    [
                        0.33699557817279646,
                        2.7871982599382297,
                        0.11328407696319671
                    ],
                    [
                        0.6089800991644733,
                        2.8513955180420694,
                        0.11328407696319671
                    ],
                    [
                        0.6129095304688249,
                        2.8640655794513497,
                        0.0632840769631965
                    ],
                    [
                        0.33224245048475043,
                        2.8004331970583096,
                        0.0632840769631965
                    ],
                    [
                        0.33808068011753195,
                        2.78997764379823,
                        0.11328407696319671
                    ],
                    [
                        0.6140337572958349,
                        2.866945177919614,
                        0.0632840769631965
                    ],
                    [
                        0.6100652011092088,
                        2.8541749019020695,
                        0.11328407696319671
                    ]
                ],
                [
                    [
                        0.6584782061287717,
                        2.1332105604910776,
                        0.052534878638170225
                    ],
                    [
                        0.6530038702090342,
                        2.145880621900358,
                        0.10253487863816814
                    ],
                    [
                        0.8726535979937828,
                        2.111830681698469,
                        0.10253487863816814
                    ],
                    [
                        0.8859867965222232,
                        2.0979423451536814,
                        0.052534878638170225
                    ],
                    [
                        0.6577205300248677,
                        2.1302556237588064,
                        0.052534878638170225
                    ],
                    [
                        0.6522723666219226,
                        2.1430277579810566,
                        0.10253487863816814
                    ],
                    [
                        0.8852291204183192,
                        2.09498740842141,
                        0.052534878638170225
                    ],
                    [
                        0.8719220944066712,
                        2.108977817779168,
                        0.10253487863816814
                    ]
                ]
            ],
            "Cut Time": [
                0.4937736988067627,
                0.544431209564209
            ],
            "Rule Time": [
                5.012105941772461,
                1.2822399139404297
            ],
            "Between Time": [
                3.46944260597229,
                5.602117300033569
            ]
        },
        {
            "Rule": [
                "Vigor",
                "Vigor"
            ],
            "Sequence": [
                1,
                2
            ],
            "Vertices": [
                [
                    [
                        0.3311182236577406,
                        2.7975535985900457,
                        0.0632840769631965
                    ],
                    [
                        0.33699557817279646,
                        2.7871982599382297,
                        0.11328407696319671
                    ],
                    [
                        0.6089800991644733,
                        2.8513955180420694,
                        0.11328407696319671
                    ],
                    [
                        0.6129095304688249,
                        2.8640655794513497,
                        0.0632840769631965
                    ],
                    [
                        0.33224245048475043,
                        2.8004331970583096,
                        0.0632840769631965
                    ],
                    [
                        0.33808068011753195,
                        2.78997764379823,
                        0.11328407696319671
                    ],
                    [
                        0.6140337572958349,
                        2.866945177919614,
                        0.0632840769631965
                    ],
                    [
                        0.6100652011092088,
                        2.8541749019020695,
                        0.11328407696319671
                    ]
                ],
                [
                    [
                        0.6584782061287717,
                        2.1332105604910776,
                        0.052534878638170225
                    ],
                    [
                        0.6530038702090342,
                        2.145880621900358,
                        0.10253487863816814
                    ],
                    [
                        0.8726535979937828,
                        2.111830681698469,
                        0.10253487863816814
                    ],
                    [
                        0.8859867965222232,
                        2.0979423451536814,
                        0.052534878638170225
                    ],
                    [
                        0.6577205300248677,
                        2.1302556237588064,
                        0.052534878638170225
                    ],
                    [
                        0.6522723666219226,
                        2.1430277579810566,
                        0.10253487863816814
                    ],
                    [
                        0.8852291204183192,
                        2.09498740842141,
                        0.052534878638170225
                    ],
                    [
                        0.8719220944066712,
                        2.108977817779168,
                        0.10253487863816814
                    ]
                ]
            ],
            "Cut Time": [
                0.4937736988067627,
                0.544431209564209
            ],
            "Rule Time": [
                5.012105941772461,
                1.2822399139404297
            ],
            "Between Time": [
                3.46944260597229,
                5.602117300033569
            ]
        }
    ],
    "Explanations": [
        {
            "Branch Num": 1,
            "Decision": "Branch Vigor",
            "Explanation": "Branch is vigorous and removed due to placement and shading."
        },
        {
            "Branch Num": 1,
            "Decision": "Branch Vigor",
            "Explanation": "Branch is vigorous and removed due to placement and shading."
        },
        {
            "Branch Num": 1,
            "Decision": "Branch Vigor",
            "Explanation": "Branch is vigorous and removed due to placement and shading."
        },
        {
            "Branch Num": 2,
            "Decision": "Branch Vigor",
            "Explanation": "Branch is strong vigor and removed to prevent shading."
        },
        {
            "Branch Num": 3,
            "Decision": "Branch Vigor",
            "Explanation": "Branch is vigorous and removed to prevent shading"
        }
    ],