{
    "Pruning Time": 192.47662663459778,
    "Cut Data": [
        {
            "Rule": [
                "Vigor",
                "Vigor",
                "Canopy",
                "Vigor",
                "Vigor",
                "Vigor",
                "Vigor"
            ],
            "Sequence": [
                1,
                2,
                3,
                4,
                5,
                6,
                7
            ],
            "Vertices": [
                [
                    [
                        0.6634175319040158,
                        1.3362002014647325,
                        -0.12328715987831323
                    ],
                    [
                        0.645005466986399,
                        1.3476519877385056,
                        -0.07225360714406835
                    ],
                    [
                        0.5335578998523097,
                        1.3214133059743516,
                        -0.06641288764407285
                    ],
                    [
                        0.5483477683188667,
                        1.3091087271057233,
                        -0.11725660910619078
                    ],
                    [
                        0.6634175319040158,
                        1.3329105224354243,
                        -0.12328715987831323
                    ],
                    [
                        0.645005466986399,
                        1.3444658620957155,
                        -0.07225360714406835
                    ],
                    [
                        0.5483477683188667,
                        1.3058190480764151,
                        -0.11725660910619078
                    ],
                    [
                        0.5335578998523097,
                        1.3182271803315615,
                        -0.06641288764407285
                    ]
                ],
                [
                    [
                        0.1124546105144844,
                        1.6924912527283673,
                        0.028865333134920894
                    ],
                    [
                        0.0808871205173209,
                        1.6927349077554692,
                        0.06780026811461966
                    ],
                    [
                        0.06448106749784754,
                        1.5764934318429753,
                        0.0563126261181163
                    ],
                    [
                        0.09549833498460884,
                        1.5723512963822488,
                        0.016992421188941252
                    ],
                    [
                        0.10853347179820065,
                        1.6924912527283673,
                        0.026119722247413005
                    ],
                    [
                        0.07709322075656767,
                        1.6927349077554692,
                        0.06514375090292816
                    ],
                    [
                        0.09157719626832511,
                        1.5723512963822488,
                        0.014246810301433363
                    ],
                    [
                        0.06068716773709431,
                        1.5764934318429753,
                        0.053656108906424804
                    ]
                ],
                [
                    [
                        -0.2569612396234032,
                        1.5304868359848856,
                        -0.05791305574359488
                    ],
                    [
                        -0.25707731335217987,
                        1.5360909016082216,
                        -0.007162192079441281
                    ],
                    [
                        -0.11390571859725801,
                        1.4968952476449704,
                        0.018082822946909907
                    ],
                    [
                        -0.10889459620872705,
                        1.4899510793725756,
                        -0.03180491156664819
                    ],
                    [
                        -0.258279820594279,
                        1.5274844044416263,
                        -0.05814555714500923
                    ],
                    [
                        -0.2583523023440291,
                        1.533187729750756,
                        -0.0073870070388107716
                    ],
                    [
                        -0.11021317717960281,
                        1.4869486478293166,
                        -0.03203741296806238
                    ],
                    [
                        -0.11518070758910724,
                        1.4939920757875045,
                        0.01785800798754058
                    ]
                ],
                [
                    [
                        -0.3414219739440706,
                        1.9790444239451626,
                        0.1830398188097502
                    ],
                    [
                        -0.3437548808000757,
                        1.973305641230012,
                        0.2352672040130872
                    ],
                    [
                        -0.2472791782657735,
                        1.977608617233465,
                        0.2607835849704682
                    ],
                    [
                        -0.23988555250376573,
                        1.9835731163874772,
                        0.2098946842573361
                    ],
                    [
                        -0.3414219739440706,
                        1.976982253047039,
                        0.1832930215579831
                    ],
                    [
                        -0.3437548808000757,
                        1.9713462518471663,
                        0.23550778677809778
                    ],
                    [
                        -0.23988555250376573,
                        1.9815109454893536,
                        0.21014788700556902
                    ],
                    [
                        -0.2472791782657735,
                        1.9756492278506195,
                        0.26102416773547876
                    ]
                ],
                [
                    [
                        0.0794857737087949,
                        1.8511239621804292,
                        -0.006341025745388363
                    ],
                    [
                        0.1003599133569674,
                        1.846679919498401,
                        0.03922387974420085
                    ],
                    [
                        0.0670654141740638,
                        1.7165309004015625,
                        0.05846261813779562
                    ],
                    [
                        0.044994300533232404,
                        1.7162959422019983,
                        0.013589366527190906
                    ],
                    [
                        0.07562577937527898,
                        1.850408241427561,
                        -0.004361467851827734
                    ],
                    [
                        0.09663387424205033,
                        1.8459890367431107,
                        0.04113474009899606
                    ],
                    [
                        0.04113430619971648,
                        1.715580221449131,
                        0.015568924420751534
                    ],
                    [
                        0.06333937505914673,
                        1.7158400176462727,
                        0.06037347849259083
                    ]
                ],
                [
                    [
                        -0.1779157654740107,
                        1.3223507616350685,
                        -0.031640867476299184
                    ],
