{
    "Pruning Time": 227.60380125045776,
    "Cut Data": [
        {
            "Rule": [
                "Vigor",
                "Spacing",
                "Spacing",
                "Vigor"
            ],
            "Sequence": [
                1,
                2,
                3,
                4
            ],
            "Vertices": [
                [
                    [
                        0.7488497332212215,
                        2.3865493518247463,
                        0.25367206768890316
                    ],
                    [
                        0.7351564745938669,
                        2.392379538502331,
                        0.304872815500374
                    ],
                    [
                        0.8951195023856399,
                        2.3983355058348756,
                        0.3131534377705973
                    ],
                    [
                        0.9157809349611071,
                        2.3927647679622766,
                        0.26231340341381704
                    ],
                    [
                        0.7488497332212215,
                        2.383972689929179,
                        0.2537170434895885
                    ],
                    [
                        0.7351564745938669,
                        2.389910433660847,
                        0.3049159138856968
                    ],
                    [
                        0.9157809349611071,
                        2.390188106066709,
                        0.26235837921450234
                    ],
                    [
                        0.8951195023856399,
                        2.3958664009933917,
                        0.3131965361559201
                    ]
                ],
                [
                    [
                        0.3572666299594378,
                        2.9069080006444077,
                        0.059186985254938866
                    ],
                    [
                        0.355739995634825,
                        2.8936540635880426,
                        0.10961402278114006
                    ],
                    [
                        0.5108038807980201,
                        2.8838680533266228,
                        0.12882718951963837
                    ],
                    [
                        0.5179307189041533,
                        2.8967685641057193,
                        0.07909404437792553
                    ],
                    [
                        0.3572666299594378,
                        2.903937612921376,
                        0.05923883356550618
                    ],
                    [
                        0.355739995634825,
                        2.8907872134798462,
                        0.10966406383591791
                    ],
                    [
                        0.5179307189041533,
                        2.8937981763826874,
                        0.07914589268849316
                    ],
                    [
                        0.5108038807980201,
                        2.881001203218427,
                        0.12887723057441652
                    ]
                ],
                [
                    [
                        0.3419324120102827,
                        2.0419126076959153,
                        0.012384898644568801
                    ],
                    [
                        0.32671935983861133,
                        2.05598368551103,
                        0.06034342535194863
                    ],
                    [
                        0.24345790105898776,
                        1.9464212182994662,
                        0.023273035522625937
                    ],
                    [
                        0.2560323599464541,
                        1.9288780563481542,
                        -0.02586026860374441
                    ],
                    [
                        0.3382444906395547,
                        2.0398823375874313,
                        0.01074293026115837
                    ],
                    [
                        0.3231447204080881,
                        2.0540157792422025,
                        0.05875189333784475
                    ],
                    [
                        0.25234443857572614,
                        1.9268477862396705,
                        -0.027502236987154843
                    ],
                    [
                        0.23988326162846446,
                        1.9444533120306384,
                        0.021681503508522063
                    ]
                ],
                [
                    [
                        0.6858769208345517,
                        2.1093576480089498,
                        0.0358356417746461
                    ],
                    [
                        0.6795293779582915,
                        2.122697760742759,
                        0.08583564177464535
                    ],
                    [
                        0.8201132294811866,
                        2.1175292369173175,
                        0.08583564177464535
                    ],
                    [
                        0.8314313350330368,
                        2.1040063829131816,
                        0.0358356417746461
                    ],
                    [
                        0.6858769208345517,
                        2.1063252644546813,
                        0.0358356417746461
                    ],
                    [
                        0.6795293779582915,
                        2.119768930575009,
                        0.08583564177464535
                    ],
                    [
                        0.8314313350330368,
                        2.100973999358913,
                        0.0358356417746461
                    ],
                    [
                        0.8201132294811866,
                        2.114600406749567,
                        0.08583564177464535
                    ]
                ]
            ],
            "Cut Time": [
                0.743096113204956,
                0.33512353897094727,
                1.6318941116333008,
                1.1175601482391357
            ],
            "Rule Time": [
                12.472849607467651,
                4.226940155029297,
                3.684335470199585,
                3.532139301300049
            ],
            "Between Time": [
                3.337725877761841,
                11.930496215820312,
                57.09840130805969,
                37.90716218948364
            ]
        }
    ],
    "Explanations": [
        {
            "Branch Num": 1,
            "Decision": "Branch Vigor",
            "Explanation": "Branch is vigorous and removed due to placement and shading."
        },
        {
            "Branch Num": 2,
            "Decision": "Branch Vigor",
            "Explanation": "Branch is strong vigor and removed to prevent shading."
        },
        {
            "Branch Num": 3,
            "Decision": "Branch Vigor",
            "Explanation": "Branch is vigorous and removed to prevent shading"
        }
    ],
    "Reset Answer": ""
}