{
    "Pruning Time": 167.5124044418335,
    "Cut Data": [
        {
            "Rule": [
                "Vigor",
                "Canopy",
                "Spacing"
            ],
            "Sequence": [
                1,
                2,
                3
            ],
            "Vertices": [
                [
                    [
                        0.6722925485625457,
                        1.415221401305761,
                        0.0764153965575329
                    ],
                    [
                        0.6542976091096838,
                        1.4285003140322021,
                        0.1453596407171723
                    ],
                    [
                        0.8063827999996614,
                        1.4091074793202167,
                        0.16673382039072243
                    ],
                    [
                        0.8318161494440978,
                        1.3948800728276012,
                        0.0988349765801575
                    ],
                    [
                        0.6722925485625457,
                        1.4120777414500454,
                        0.0764153965575329
                    ],
                    [
                        0.6542976091096838,
                        1.4255032395767135,
                        0.1453596407171723
                    ],
                    [
                        0.8318161494440978,
                        1.3917364129718854,
                        0.0988349765801575
                    ],
                    [
                        0.8063827999996614,
                        1.406110404864728,
                        0.16673382039072243
                    ]
                ],
                [
                    [
                        0.6139922055448481,
                        2.124572722608972,
                        0.05748808039397148
                    ],
                    [
                        0.6032753922965164,
                        2.110684386064184,
                        0.10647330914063091
                    ],
                    [
                        0.725223835158802,
                        2.1142868806787822,
                        0.12361204509115342
                    ],
                    [
                        0.7400646450163438,
                        2.128297044737121,
                        0.07520640627026222
                    ],
                    [
                        0.6139922055448481,
                        2.121407048800046,
                        0.05748808039397148
                    ],
                    [
                        0.6032753922965164,
                        2.107622265641776,
                        0.10647330914063091
                    ],
                    [
                        0.7400646450163438,
                        2.1251313709281945,
                        0.07520640627026222
                    ],
                    [
                        0.725223835158802,
                        2.111224760256374,
                        0.12361204509115342
                    ]
                ],
                [
                    [
                        0.4072381793594654,
                        2.045341952344523,
                        -0.06273812490185587
                    ],
                    [
                        0.4097571155856873,
                        2.038745165973237,
                        -0.011500678122046358
                    ],
                    [
                        0.5257680143235774,
                        2.058957975091142,
                        -0.011942314014742215
                    ],
                    [
                        0.5278159265185407,
                        2.066350452526044,
                        -0.0631971460937024
                    ],
                    [
                        0.4072381793594654,
                        2.0426282289145252,
                        -0.06240492156209154
                    ],
                    [
                        0.4097571155856873,
                        2.036134224058517,
                        -0.011180094765504375
                    ],
                    [
                        0.5278159265185407,
                        2.0636367290960465,
                        -0.06286394275393807
                    ],
                    [
                        0.5257680143235774,
                        2.0563470331764218,
                        -0.011621730658200375
                    ]
                ]
            ],
            "Cut Time": [
                0.8088269233703613,
                0.584486722946167,
                0.4660611152648926
            ],
            "Rule Time": [
                12.57382607460022,
                4.253097057342529,
                3.5955820083618164
            ],
            "Between Time": [
                5.585665702819824,
                7.2877585887908936,
                111.47175645828247
            ]
        }
    ],
    "Explanations": [
        {
            "Branch Num": 1,
            "Decision": "Canopy Cut",
            "Explanation": "Branch too long. Pruned back to ~6 inches"
        },
        {
            "Branch Num": 2,
            "Decision": "Canopy Cut",
            "Explanation": "Branch too long. Pruned back to ~6 inches"
        },
        {
            "Branch Num": 3,
            "Decision": "Canopy Cut",
            "Explanation": "Branch too long. Pruned back to ~6 inches"
        },
        {
            "Branch Num": 2,
            "Decision": "Canopy Cut",
            "Explanation": "Branch too long. Pruned back to ~6 inches"
        },
        {
            "Branch Num": 4,
            "Decision": "Canopy Cut",
            "Explanation": "Branch too long. Pruned back to ~6 inches"
        }
    ],
    "Reset Answer": ""
}