{
    "Pruning Time": 161.5318899154663,
    "Cut Data": [
        {
            "Rule": [
                "Vigor",
                "Vigor",
                "Spacing",
                "Vigor",
                "Vigor",
                "Vigor"
            ],
            "Sequence": [
                1,
                2,
                3,
                4,
                5,
                6
            ],
            "Vertices": [
                [
                    [
                        0.1029366117400219,
                        1.392254804432067,
                        0.015951317298712315
                    ],
                    [
                        0.09988038739219288,
                        1.401391867948375,
                        0.0659513172987118
                    ],
                    [
                        0.19866318810974606,
                        1.3854661009056217,
                        0.0659513172987118
                    ],
                    [
                        0.20474205192246092,
                        1.375841727335111,
                        0.015951317298712315
                    ],
                    [
                        0.1029366117400219,
                        1.388767025548964,
                        0.015951317298712315
                    ],
                    [
                        0.09988038739219288,
                        1.3980076424517898,
                        0.0659513172987118
                    ],
                    [
                        0.20474205192246092,
                        1.3723539484520075,
                        0.015951317298712315
                    ],
                    [
                        0.19866318810974606,
                        1.3820818754090367,
                        0.0659513172987118
                    ]
                ],
                [
                    [
                        -0.37807879529394095,
                        1.9103037947054993,
                        0.06300518036696663
                    ],
                    [
                        -0.38008729709186906,
                        1.903481453946656,
                        0.11423081295271849
                    ],
                    [
                        -0.2543041681276731,
                        1.878046272203324,
                        0.1479343007801347
                    ],
                    [
                        -0.2480784005747429,
                        1.8840158203673119,
                        0.0978386811477031
                    ],
                    [
                        -0.37807879529394095,
                        1.9071116835358621,
                        0.06300518036696663
                    ],
                    [
                        -0.38008729709186906,
                        1.900392896163537,
                        0.11423081295271849
                    ],
                    [
                        -0.2480784005747429,
                        1.8808237091976747,
                        0.0978386811477031
                    ],
                    [
                        -0.2543041681276731,
                        1.874957714420205,
                        0.1479343007801347
                    ]
                ],
                [
                    [
                        0.48825614600926925,
                        1.4543673393621244,
                        0.02833134167692932
                    ],
                    [
                        0.4725354167294484,
                        1.4618230960711245,
                        0.0790641080394927
                    ],
                    [
                        0.579763064503553,
                        1.485640786464012,
                        0.08093577359348973
                    ],
                    [
                        0.5988403881512342,
                        1.478930605425912,
                        0.030261596803555054
                    ],
                    [
                        0.48825614600926925,
                        1.450887543336421,
                        0.02833134167692932
                    ],
                    [
                        0.4725354167294484,
                        1.4584489232654654,
                        0.0790641080394927
                    ],
                    [
                        0.5988403881512342,
                        1.4754508094002088,
                        0.030261596803555054
                    ],
                    [
                        0.579763064503553,
                        1.4822666136583529,
                        0.08093577359348973
                    ]
                ],
                [
                    [
                        -0.1692592651064386,
                        1.4199115245925775,
                        0.02656016314345604
                    ],
                    [
                        -0.17756122503106217,
                        1.4285003642979073,
                        0.07609946870656137
                    ],
                    [
                        -0.1652556017185405,
                        1.1781815512392402,
                        0.07939675053551316
                    ],
                    [
                        -0.15656435572422445,
                        1.1616739231531104,
                        0.02996175386040663
                    ],
                    [
                        -0.174152094764167,
                        1.4199115245925775,
                        0.025249133387964758
                    ],
                    [
                        -0.18230401734942991,
                        1.4285003642979073,
                        0.07482864133498629
                    ],
                    [
                        -0.16145718538195283,
                        1.1616739231531104,
                        0.028650724104915166
                    ],
                    [
                        -0.16999839403690825,
                        1.1781815512392402,
                        0.0781259231639379
                    ]
                ],
                [
                    [
                        -0.03559491329894197,
                        1.5495587799597363,
                        0.02768687734324946
                    ],
                    [
                        -0.03985271032055384,
                        1.5540663979611151,
                        0.07751477882155125
                    ],
                    [
                        0.05530611179352694,
                        1.475183369831988,
                        0.08751637404863417
                    ],
                    [
                        0.06250318814189124,
                        1.4682392015595938,
                        0.0379974032762029
                    ],
                    [
                        -0.03906302862185637,
                        1.5470014863303143,
                        0.02732236373442134
                    ],
                    [
                        -0.04321691170913401,
                        1.5515857276321137,
                        0.07716118700732479
                    ],
                    [
                        0.05903507281897683,
                        1.4656819079301717,
                        0.03763288966737478
                    ],
                    [
                        0.05194191040494676,
                        1.4727026995029866,
                        0.0871627822344077
                    ]
                ],
                [
                    [
                        -0.044535005847081637,
                        2.0957089152451265,
                        0.037930448985569735
                    ],
                    [
                        -0.05046266174278233,
