{
    "Pruning Time": 159.58895564079285,
    "Cut Data": [
        {
            "Rule": [
                "Vigor",
                "Vigor",
                "Canopy",
                "Canopy",
                "Canopy",
                "Spacing",
                "Vigor",
                "Canopy",
                "Canopy"
            ],
            "Sequence": [
                1,
                2,
                3,
                4,
                5,
                6,
                7,
                8,
                9
            ],
            "Vertices": [
                [
                    [
                        -0.6643999586884729,
                        1.4200899824213602,
                        0.2575994261968454
                    ],
                    [
                        -0.6554926337213591,
                        1.4406738196183464,
                        0.3249137110572415
                    ],
                    [
                        -0.5086823298017003,
                        1.4020212026051808,
                        0.3249137110572415
                    ],
                    [
                        -0.5091796931247371,
                        1.379223167781427,
                        0.2575994261968454
                    ],
                    [
                        -0.6654760667006236,
                        1.4176189196396518,
                        0.2575994261968454
                    ],
                    [
                        -0.6565104373164018,
                        1.4383366410503957,
                        0.3249137110572415
                    ],
                    [
                        -0.5102558011368878,
                        1.3767521049997185,
                        0.2575994261968454
                    ],
                    [
                        -0.5097001333967428,
                        1.39968402403723,
                        0.3249137110572415
                    ]
                ],
                [
                    [
                        -0.6886306897694069,
                        1.4264372706599666,
                        -0.01798258732962188
                    ],
                    [
                        -0.6821154533988428,
                        1.4393399933497826,
                        0.034447986798814764
                    ],
                    [
                        -0.524610196405249,
                        1.4571944491245459,
                        0.034447986798814764
                    ],
                    [
                        -0.5254906337526225,
                        1.4449304750827405,
                        -0.01798258732962188
                    ],
                    [
                        -0.6886306897694069,
                        1.423293425908095,
                        -0.01798258732962188
                    ],
                    [
                        -0.6821154533988428,
                        1.436304735868073,
                        0.034447986798814764
                    ],
                    [
                        -0.5254906337526225,
                        1.441786630330869,
                        -0.01798258732962188
                    ],
                    [
                        -0.524610196405249,
                        1.4541591916428362,
                        0.034447986798814764
                    ]
                ],
                [
                    [
                        -0.39183106263621675,
                        1.4860979934393561,
                        -0.033696510999553494
                    ],
                    [
                        -0.3953574753452502,
                        1.4963315045776209,
                        0.01630348900044528
                    ],
                    [
                        -0.33954812886271685,
                        1.4710257966257558,
                        0.01630348900044528
                    ],
                    [
                        -0.33414096270886556,
                        1.4599394928926357,
                        -0.033696510999553494
                    ],
                    [
                        -0.39183106263621675,
                        1.4829216040872544,
                        -0.033696510999553494
                    ],
                    [
                        -0.3953574753452502,
                        1.493258668612037,
                        0.01630348900044528
                    ],
                    [
                        -0.33414096270886556,
                        1.456763103540534,
                        -0.033696510999553494
                    ],
                    [
                        -0.33954812886271685,
                        1.4679529606601722,
                        0.01630348900044528
                    ]
                ],
                [
                    [
                        -0.7525345200306333,
                        2.143426134685229,
                        0.07873962715112133
                    ],
                    [
                        -0.7593485811280241,
                        2.1291723155997886,
                        0.1289409474326727
                    ],
                    [
                        -0.832035839868565,
                        2.1629335787382282,
                        0.10671822228456518
                    ],
                    [
                        -0.8283692823333024,
                        2.178649327986278,
                        0.055554613594070795
                    ],
                    [
                        -0.7509602623689852,
                        2.145666779760722,
                        0.07922092601880848
                    ],
                    [
                        -0.7578396626518271,
                        2.1313199632405633,
                        0.1294022701066659
                    ],
                    [
                        -0.8267950246716542,
                        2.1808899730617712,
                        0.05603591246175796
                    ],
                    [
                        -0.8305269213923682,
                        2.165081226379003,
                        0.10717954495855837
                    ]
                ],
                [
                    [
                        -0.6929027707212982,
                        2.066657599615991,
                        0.05622820444258535
                    ],
                    [
                        -0.7019008138822066,
                        2.055936778423522,
                        0.10576181439956517
                    ],
                    [
                        -0.6160265902777085,
                        1.9919525838176415,
                        0.13201619930190175
                    ],
                    [
                        -0.6034314001886536,
                        1.999993199711993,
                        0.08358234752657108
                    ],
                    [
                        -0.6951854287758186,
                        2.0646323030631524,
                        0.055530325840039696
                    ],
                    [
                        -0.70409169893314,
                        2.0539929077975505,
                        0.10509199361994569
                    ],
                    [
                        -0.6057140582431739,
                        1.9979679031591548,
                        0.08288446892402543
                    ],
                    [
                        -0.6182174753286418,
                        1.9900087131916697,
                        0.13134637852228226
                    ]
                ],
                [
                    [
                        -0.4836210569040382,
                        1.9713160820587656,
