{
    "Vigor Manipulation": {
        "Total Time": 31.958037614822388,
        "Answers": [
            "Strong"
        ],
        "Submit Times": [
            31.958046436309814
        ]
    },
    "Vigor Bins": {
        "Total Time": 36.90472078323364,
        "Answers": [
            [
                "Don't Prune",
                "Heading Cut",
                "Thinning Cut"
            ]
        ],
        "Submit Times": [
            36.90472936630249
        ]
    },
    "Canopy Spacing Manipulation": {
        "Total Time": 20.103643894195557,
        "Answers": [
            "Too Close"
        ],
        "Submit Times": [
            20.103647708892822
        ]
    },
    "Canopy Rotation Manipulation": {
        "Total Time": 48.18812322616577,
        "Answers": [
            "Too Much Angle",
            "Good Angle"
        ],
        "Submit Times": [
            37.799368143081665,
            10.388755321502686
        ]
    },
    "Bud Spacing Bins": {
        "Total Time": 69.04932451248169,
        "Answers": [
            [
                "Heading Cut",
                "Heading Cut",
                "Don't Prune"
            ],
            [
                "Heading Cut",
                "Heading Cut",
                "Don't Prune"
            ]
        ],
        "Submit Times": [
            47.64111638069153,
            21.408210039138794
        ]
    },
    "Bud Spacing Manipulation": {
        "Total Time": 16.29006814956665,
        "Answers": [
            "Too Close"
        ],
        "Submit Times": [
            16.29007077217102
        ]
    }
}