{
    "Pruning Time": 164.99439024925232,
    "Cut Data": [
        {
            "Rule": [
                "Vigor",
                "Canopy",
                "Vigor"
            ],
            "Sequence": [
                1,
                2,
                3
            ],
            "Vertices": [
                [
                    [
                        0.5629854953283432,
                        1.415032881335619,
                        0.039856679338624586
                    ],
                    [
                        0.5539981000129057,
                        1.424291772365478,
                        0.08908496192512466
                    ],
                    [
                        0.6490714071219786,
                        1.4152224227722372,
                        0.10244664386415057
                    ],
                    [
                        0.6612515740058371,
                        1.4056589629585012,
                        0.05366707605889045
                    ],
                    [
                        0.5629854953283432,
                        1.411845749087399,
                        0.039856679338624586
                    ],
                    [
                        0.5539981000129057,
                        1.4212081935037761,
                        0.08908496192512466
                    ],
                    [
                        0.6612515740058371,
                        1.4024718307102813,
                        0.05366707605889045
                    ],
                    [
                        0.6490714071219786,
                        1.4121388439105353,
                        0.10244664386415057
                    ]
                ],
                [
                    [
                        0.7388097469226647,
                        1.4525375607732394,
                        0.10221456002350718
                    ],
                    [
                        0.7393227164887186,
                        1.4578739858759864,
                        0.15339235698178855
                    ],
                    [
                        0.7725302332411278,
                        1.4374107746278226,
                        0.14609175044726666
                    ],
                    [
                        0.7732741004931188,
                        1.4312998586920551,
                        0.0946376404133928
                    ],
                    [
                        0.7388097469226647,
                        1.4497048884541652,
                        0.10201648027895355
                    ],
                    [
                        0.7393227164887186,
                        1.4551446146925848,
                        0.1532015007563227
                    ],
                    [
                        0.7732741004931188,
                        1.4284671863729808,
                        0.09443956066883917
                    ],
                    [
                        0.7725302332411278,
                        1.4346814034444215,
                        0.1459008942218008
                    ]
                ],
                [
                    [
                        0.3231757224389595,
                        1.3855888322258803,
                        0.07229469075445323
                    ],
                    [
                        0.320413676461667,
                        1.388952891938038,
                        0.12336967908723745
                    ],
                    [
                        0.33524731482078574,
                        1.4157496881591527,
                        0.12929512508880375
                    ],
                    [
                        0.33847240594156847,
                        1.4132221141459775,
                        0.07840510479471736
                    ],
                    [
                        0.3231757224389595,
                        1.3821934477126645,
                        0.07187778995790144
                    ],
                    [
                        0.320413676461667,
                        1.3856602889401006,
                        0.12296539827390801
                    ],
                    [
                        0.33847240594156847,
                        1.4098267296327618,
                        0.07798820399816593
                    ],
                    [
                        0.33524731482078574,
                        1.4124570851612153,
                        0.12889084427547468
                    ]
                ]
            ],
            "Cut Time": [
                0.7303011417388916,
                0.780181884765625,
                1.1855823993682861
            ],
            "Rule Time": [
                1.4154534339904785,
                4.726541996002197,
                11.846441268920898
            ],
            "Between Time": [
                2.242340087890625,
                72.25096988677979,
                44.234174728393555
            ]
        }
    ],
    "Explanations": [
        {
            "Branch Num": 1,
            "Decision": "Canopy Cut",
            "Explanation": "Branch too long. Pruned back to ~6 inches"
        },
        {
            "Branch Num": 2,
            "Decision": "Canopy Cut",
            "Explanation": "Branch too long. Pruned back to ~6 inches"
        },
        {
            "Branch Num": 3,
            "Decision": "Canopy Cut",
            "Explanation": "Branch too long. Pruned back to ~6 inches"
        },
        {
            "Branch Num": 4,
            "Decision": "Canopy Cut",
            "Explanation": "Branch too long. Pruned back to ~6 inches"
        },
        {
            "Branch Num": 2,
            "Decision": "Canopy Cut",
            "Explanation": "Branch too long. Pruned back to ~6 inches"
        }
    ],
    "Reset Answer": ""
}