{
    "Pruning Time": 192.62133383750916,
    "Cut Data": [
        {
            "Rule": [
                "Vigor",
                "Canopy",
                "Canopy",
                "Canopy",
                "Canopy"
            ],
            "Sequence": [
                1,
                2,
                3,
                4,
                5
            ],
            "Vertices": [
                [
                    [
                        -0.010766327941651053,
                        1.513378746770653,
                        0.013902628249843903
                    ],
                    [
                        -0.026885960011098504,
                        1.518921898637213,
                        0.061233227871597504
                    ],
                    [
                        0.012533135588819456,
                        1.4691751674935905,
                        0.07480631097755439
                    ],
                    [
                        0.029859462624186785,
                        1.4621091717076455,
                        0.027891209753384633
                    ],
                    [
                        -0.01571091429341426,
                        1.513378746770653,
                        0.012200070632636567
                    ],
                    [
                        -0.03168367888345699,
                        1.518921898637213,
                        0.05958124078304347
                    ],
                    [
                        0.024914876272423673,
                        1.4621091717076455,
                        0.0261886521361773
                    ],
                    [
                        0.007735416716461063,
                        1.4691751674935905,
                        0.07315432388900035
                    ]
                ],
                [
                    [
                        0.149345970706862,
                        1.3549596043825423,
                        -0.08313556860191079
                    ],
                    [
                        0.13011433583056836,
                        1.3644012366827274,
                        -0.03687651747918881
                    ],
                    [
                        0.24298658341516113,
                        1.375227003241349,
                        0.0019885141382542065
                    ],
                    [
                        0.265393731359665,
                        1.3660899397250408,
                        -0.043177120148720806
                    ],
                    [
                        0.149345970706862,
                        1.3511752903660927,
                        -0.08313556860191079
                    ],
                    [
                        0.13011433583056836,
                        1.360720476052796,
                        -0.03687651747918881
                    ],
                    [
                        0.265393731359665,
                        1.3623056257085913,
                        -0.043177120148720806
                    ],
                    [
                        0.24298658341516113,
                        1.3715462426114178,
                        0.0019885141382542065
                    ]
                ],
                [
                    [
                        -0.3443208581417226,
                        1.8918537403647155,
                        0.09306313397304423
                    ],
                    [
                        -0.3336072804828493,
                        1.8858841922007274,
                        0.14306313397304454
                    ],
                    [
                        -0.2645850845208805,
                        1.9162326317437033,
                        0.14306313397304454
                    ],
                    [
                        -0.2730820599055041,
                        1.9231768000160976,
                        0.09306313397304423
                    ],
                    [
                        -0.3443208581417226,
                        1.888525665276756,
                        0.09306313397304423
                    ],
                    [
                        -0.3336072804828493,
                        1.882659670499286,
                        0.14306313397304454
                    ],
                    [
                        -0.2730820599055041,
                        1.9198487249281382,
                        0.09306313397304423
                    ],
                    [
                        -0.2645850845208805,
                        1.913008110042262,
                        0.14306313397304454
                    ]
                ],
                [
                    [
                        0.5383776878720138,
                        1.3624082694916437,
                        0.021364723254877652
                    ],
                    [
                        0.5474692256090117,
                        1.3742255383060686,
                        0.07315916942625962
                    ],
                    [
                        0.5818035081973519,
                        1.384301037121345,
                        0.054903307544708686
                    ],
                    [
                        0.5739574255055013,
                        1.3728492508475723,
                        0.002446641179111551
                    ],
                    [
                        0.5383776878720138,
                        1.3594499914407974,
                        0.021364723254877652
                    ],
                    [
                        0.5474692256090117,
                        1.3713708136417404,
                        0.07315916942625962
                    ],
                    [
                        0.5739574255055013,
                        1.369890972796726,
                        0.002446641179111551
                    ],
                    [
                        0.5818035081973519,
                        1.3814463124570164,
                        0.054903307544708686
                    ]
                ],
                [
                    [
                        0.6408917511696988,
                        1.5643147541722404,
                        0.03012283544768758
                    ],
                    [
                        0.6120783877070584,
                        1.5680304933355391,
                        0.07446953854784966
                    ],
                    [
                        0.6583736258129447,
                        1.5766842314774707,
                        0.08601223780593976
                    ],
                    [
                        0.6884904800110748,
                        1.5732121473412737,
                        0.041990531447581955
                    ],
                    [
                        0.6408917511696988,
                        1.5605333620754012,
                        0.03012283544768758
                    ],
                    [
                        0.6120783877070584,
                        1.564352654625218,
                        0.07446953854784966
                    ],
                    [
                        0.6884904800110748,
                        1.5694307552444344,
                        0.041990531447581955
                    ],
                    [
                        0.6583736258129447,
                        1.5730063927671498,
                        0.08601223780593976
                    ]
                ]
            ],
            "Cut Time": [
                1.090071201324463,
                0.6085677146911621,
                0.6089215278625488,
                0.5600781440734863,
                0.8854789733886719
            ],