{
    "Pruning Time": 160.68107795715332,
    "Cut Data": [
        {
            "Rule": [
                "Vigor",
                "Canopy",
                "Canopy",
                "Vigor",
                "Canopy",
                "Canopy",
                "Canopy"
            ],
            "Sequence": [
                1,
                2,
                3,
                4,
                5,
                6,
                7
            ],
            "Vertices": [
                [
                    [
                        -0.5541839295957945,
                        1.4002140518106432,
                        0.017572726738837512
                    ],
                    [
                        -0.5321144427921668,
                        1.411787665597966,
                        0.06243881583554083
                    ],
                    [
                        -0.4511127011490313,
                        1.3995283287221125,
                        0.02293162670559128
                    ],
                    [
                        -0.4707673165258607,
                        1.3875892323941372,
                        -0.023112273883158153
                    ],
                    [
                        -0.5541839295957945,
                        1.3966370196426332,
                        0.017572726738837512
                    ],
                    [
                        -0.5321144427921668,
                        1.4083141868164741,
                        0.06243881583554083
                    ],
                    [
                        -0.4707673165258607,
                        1.3840122002261273,
                        -0.023112273883158153
                    ],
                    [
                        -0.4511127011490313,
                        1.3960548499406205,
                        0.02293162670559128
                    ]
                ],
                [
                    [
                        -0.40287083393010703,
                        1.445870601635355,
                        0.024887016777360837
                    ],
                    [
                        -0.4070678512644517,
                        1.4579315254768825,
                        0.07482137396948163
                    ],
                    [
                        -0.44516304230647136,
                        1.4406553398949065,
                        0.0741564199363903
                    ],
                    [
                        -0.4423092156842401,
                        1.4279852784856255,
                        0.024198617263178592
                    ],
                    [
                        -0.40287083393010703,
                        1.4428300966999013,
                        0.024887016777360837
                    ],
                    [
                        -0.4070678512644517,
                        1.4549945739279464,
                        0.07482137396948163
                    ],
                    [
                        -0.4423092156842401,
                        1.4249447735501715,
                        0.024198617263178592
                    ],
                    [
                        -0.44516304230647136,
                        1.437718388345971,
                        0.0741564199363903
                    ]
                ],
                [
                    [
                        -0.6161533544381711,
                        1.5152448115628152,
                        -0.03717517787753877
                    ],
                    [
                        -0.6115533798901923,
                        1.5244427888358993,
                        0.01275214567025642
                    ],
                    [
                        -0.5190015596240642,
                        1.498894438131943,
                        0.011136647638286529
                    ],
                    [
                        -0.5205121955341824,
                        1.4888436682640034,
                        -0.03884460051601776
                    ],
                    [
                        -0.6161533544381711,
                        1.5120389584479592,
                        -0.03717517787753877
                    ],
                    [
                        -0.6115533798901923,
                        1.5213404891075615,
                        0.01275214567025642
                    ],
                    [
                        -0.5205121955341824,
                        1.4856378151491474,
                        -0.03884460051601776
                    ],
                    [
                        -0.5190015596240642,
                        1.4957921384036053,
                        0.011136647638286529
                    ]
                ],
                [
                    [
                        -0.8411758484176891,
                        2.1443699458929166,
                        0.11164360603877738
                    ],
                    [
                        -0.8173536996891907,
                        2.1337709522139994,
                        0.15682768660510013
                    ],
                    [
                        -0.7339887998075485,
                        2.112670489717712,
                        0.13292318622979415
                    ],
                    [
                        -0.7551636718901074,
                        2.1225994320721,
                        0.0869800113004212
                    ],
                    [
                        -0.8411758484176891,
                        2.1410054119387905,
                        0.11164360603877738
                    ],
                    [
                        -0.8173536996891907,
                        2.1305099716463913,
                        0.15682768660510013
                    ],
                    [
                        -0.7551636718901074,
                        2.119234898117974,
                        0.0869800113004212
                    ],
                    [
                        -0.7339887998075485,
                        2.109409509150104,
                        0.13292318622979415
                    ]
                ],
                [
                    [
                        -0.19896632083817245,
                        2.040800071053185,
                        -0.011011893206853543
                    ],
                    [
                        -0.19294817093565023,
                        2.0317070341885337,
                        0.04909181204502293
                    ],
                    [
                        -0.13089365146339577,
                        2.0427407024832256,
                        0.030119841519180676
                    ],
                    [
                        -0.13447655361802147,
                        2.0522667411033364,
                        -0.03072839368618089
                    ],
                    [
                        -0.19896632083817245,
                        2.0375511812056417,
                        -0.011011893206853543
                    ],
                    [
                        -0.19294817093565023,
                        2.028580828171704,
                        0.04909181204502293
                    ],
                    [
                        -0.13447655361802147,
                        2.049017851255793,
                        -0.03072839368618089
                    ],
                    [
                        -0.13089365146339577,
                        2.039614496466396,
                        0.030119841519180676
                    ]
                ],
                [
                    [
                        -0.5627229880078666,
                        2.0682247767899704,
                        -0.005035196623091743
