{
    "Pruning Time": 167.34383344650269,
    "Cut Data": [
        {
            "Rule": [
                "Canopy",
                "Canopy",
                "Canopy",
                "Canopy",
                "Canopy"
            ],
            "Sequence": [
                1,
                2,
                3,
                4,
                5
            ],
            "Vertices": [
                [
                    [
                        0.5922104979205839,
                        1.4629071008242562,
                        -0.0996180040844733
                    ],
                    [
                        0.5911050544926926,
                        1.4715568542863615,
                        -0.04524463881454795
                    ],
                    [
                        0.6634764211982316,
                        1.5101669634210613,
                        -0.07448456896311871
                    ],
                    [
                        0.6673221284136965,
                        1.5029791401215653,
                        -0.12996507266893023
                    ],
                    [
                        0.5941008281466055,
                        1.4653989513252768,
                        -0.10038174707127485
                    ],
                    [
                        0.5929264206524182,
                        1.4739577957277974,
                        -0.04598051850992571
                    ],
                    [
                        0.6692124586397181,
                        1.5054709906225854,
                        -0.1307288156557318
                    ],
                    [
                        0.6652977873579571,
                        1.512567904862497,
                        -0.07522044865849649
                    ]
                ],
                [
                    [
                        -0.34637355854952745,
                        2.0079019743390574,
                        0.19342798295608685
                    ],
                    [
                        -0.31241082996891584,
                        1.9974857219304658,
                        0.2324933504544652
                    ],
                    [
                        -0.23999426125781403,
                        2.0061841348524094,
                        0.19717342994194195
                    ],
                    [
                        -0.2714213748402872,
                        2.0169049560448777,
                        0.1568713603769151
                    ],
                    [
                        -0.34637355854952745,
                        2.0048409605590782,
                        0.19342798295608685
                    ],
                    [
                        -0.31241082996891584,
                        1.994528261537005,
                        0.2324933504544652
                    ],
                    [
                        -0.2714213748402872,
                        2.0138439422648986,
                        0.1568713603769151
                    ],
                    [
                        -0.23999426125781403,
                        2.0032266744589484,
                        0.19717342994194195
                    ]
                ],
                [
                    [
                        -0.11295749514415544,
                        1.978461287440641,
                        0.1499432928271255
                    ],
                    [
                        -0.1277022191670858,
                        1.9623999029743169,
                        0.19605773894514864
                    ],
                    [
                        -0.10463560303925182,
                        1.9907948663480104,
                        0.21046830547878245
                    ],
                    [
                        -0.08914891787027768,
                        2.0077696036637454,
                        0.16481738987607983
                    ],
                    [
                        -0.11295749514415544,
                        1.9751793030283966,
                        0.1494234775628385
                    ],
                    [
                        -0.1277022191670858,
                        1.9592201970345655,
                        0.19555412299948471
                    ],
                    [
                        -0.08914891787027768,
                        2.004487619251501,
                        0.16429757461179248
                    ],
                    [
                        -0.10463560303925182,
                        1.9876151604082593,
                        0.20996468953311817
                    ]
                ],
                [
                    [
                        0.0671953979460312,
                        1.5435208815842114,
                        0.506998617056223
                    ],
                    [
                        -0.5775518203826543,
                        1.2490888524328898,
                        -0.37346608652201396
                    ],
                    [
                        -0.4575420702149387,
                        1.2308095996531374,
                        -0.425750134910887
                    ],
                    [
                        0.12205505292594165,
                        1.535164948008928,
                        0.4830981852033275
                    ],
                    [
                        0.0671953979460312,
                        1.5416361127542886,
                        0.5071304129317501
                    ],
                    [
                        -0.5775518203826543,
                        1.2449657744353022,
                        -0.3731777728222483
                    ],
                    [
                        0.12205505292594165,
                        1.5332801791790054,
                        0.48322998107885434
                    ],
                    [
                        -0.4575420702149387,
                        1.2266865216555496,
                        -0.4254618212111213
                    ]
                ],
                [
                    [
                        -0.20424582747130965,
                        1.4881762186557839,
                        -0.025843464597681862
                    ],
                    [
                        -0.17731251210700752,
                        1.498206416692178,
                        0.01629985249331535
                    ],
                    [
                        -0.07326128073900597,
                        1.5162931410849076,
                        -0.03140461224710266
                    ],
                    [
                        -0.09663556330135727,
                        1.5068815925786272,
                        -0.07517964241423043
                    ],
                    [
                        -0.20424582747130965,
                        1.485052824431164,
                        -0.025625055597111455
                    ],
                    [
                        -0.17731251210700752,
                        1.4951863236032312,
                        0.016511037974797995
                    ],
                    [
                        -0.09663556330135727,
                        1.5037581983540074,
                        -0.07496123341366003
                    ],
                    [
                        -0.07326128073900597,
                        1.5132730479959609,
                        -0.031193426765620022
                    ]
                ]
            ],
            "Cut Time": [
                0.4933168888092041,
                1.201268196105957,
                0.99625563621521,
                0.6817018985748291,
                0.5498161315917969
            ],