{
    "Pruning Time": 151.52645778656006,
    "Cut Data": [
        {
            "Rule": [
                "Canopy",
                "Canopy",
                "Canopy",
                "Canopy",
                "Canopy",
                "Canopy",
                "Canopy"
            ],
            "Sequence": [
                1,
                2,
                3,
                4,
                5,
                6,
                7
            ],
            "Vertices": [
                [
                    [
                        0.4198780050039655,
                        2.187886117448333,
                        0.8082140997706722
                    ],
                    [
                        0.07137483822523098,
                        2.411164238504559,
                        -0.45501933216608687
                    ],
                    [
                        0.21613529069940185,
                        2.320120728549978,
                        -0.5020548544105325
                    ],
                    [
                        0.48602791987584054,
                        2.146282762870488,
                        0.7867206895246699
                    ],
                    [
                        0.41808597516896734,
                        2.185981605048433,
                        0.8087963655603
                    ],
                    [
                        0.06745321489035581,
                        2.406996461761593,
                        -0.4537451195033795
                    ],
                    [
                        0.48423589004084233,
                        2.144378250470588,
                        0.7873029553142977
                    ],
                    [
                        0.21221366736452657,
                        2.315952951807012,
                        -0.5007806417478251
                    ]
                ],
                [
                    [
                        0.9695773332230941,
                        2.43591901965407,
                        0.2571613028089184
                    ],
                    [
                        0.9387801857525092,
                        2.4209030734001273,
                        0.3080830623499058
                    ],
                    [
                        1.0677713334837289,
                        2.4059508631614626,
                        0.3231593070330288
                    ],
                    [
                        1.1022356926913814,
                        2.4205417188425504,
                        0.27266616435781316
                    ],
                    [
                        0.9695773332230941,
                        2.431803650614411,
                        0.2569456254566196
                    ],
                    [
                        0.9387801857525092,
                        2.416901469747777,
                        0.30787334718891507
                    ],
                    [
                        1.1022356926913814,
                        2.4164263498028915,
                        0.27245048700551433
                    ],
                    [
                        1.0677713334837289,
                        2.401949259509112,
                        0.3229495918720381
                    ]
                ],
                [
                    [
                        0.5230592304957679,
                        1.6105890839706998,
                        -0.04210721673411635
                    ],
                    [
                        0.5774167988985588,
                        1.6284672359773882,
                        0.04200855958168448
                    ],
                    [
                        0.5666293297329973,
                        1.5706651867795585,
                        0.04978155585091564
                    ],
                    [
                        0.5116256172148143,
                        1.5493248275235534,
                        -0.03386863620955654
                    ],
                    [
                        0.5192820546797385,
                        1.61039140186247,
                        -0.038335217406268815
                    ],
                    [
                        0.5738530814063643,
                        1.6282807254146547,
                        0.045567393122911276
                    ],
                    [
                        0.5078484413987849,
                        1.5491271454153237,
                        -0.03009663688170901
                    ],
                    [
                        0.5630656122408028,
                        1.5704786762168246,
                        0.05334038939214244
                    ]
                ],
                [
                    [
                        -0.49166125285458745,
                        1.7237830556933733,
                        0.0514968195641556
                    ],
                    [
                        -0.46162733506005194,
                        1.7278005067118714,
                        0.09355696535319578
                    ],
                    [
                        -0.3670196505820153,
                        1.7033988959596815,
                        0.05400168889428735
                    ],
                    [
                        -0.3948738130909809,
                        1.6988192333163352,
                        0.011030191945886546
                    ],
                    [
                        -0.49166125285458745,
                        1.719191287292033,
                        0.051256175179259414
                    ],
                    [
                        -0.46162733506005194,
                        1.723312149780732,
                        0.09332174053380521
                    ],
                    [
                        -0.3948738130909809,
                        1.6942274649149949,
                        0.010789547560990353
                    ],
                    [
                        -0.3670196505820153,
                        1.698910539028542,
                        0.053766464074896776
                    ]
                ],
                [
                    [
                        -0.1302356886853535,
                        1.6275366635813273,
                        0.12074710874063906
                    ],
                    [
                        -0.1350794588447083,
                        1.6344048118962449,
                        0.17126324507215215
                    ],
                    [
                        -0.2417749589559291,
                        1.5758617240822137,
                        0.14548517999840774
                    ],
                    [
                        -0.23975637244634854,
                        1.5674434169102958,
                        0.09428646785167057
                    ],
                    [
                        -0.13328324745304887,
                        1.6241400774200327,
                        0.1199204336132464
                    ],
                    [
                        -0.1380484031178027,
                        1.6310958437022458,
                        0.17045789476645876
                    ],
                    [
                        -0.2428039312140439,
                        1.5640468307490014,
                        0.09345979272427749
                    ],
                    [
                        -0.24474390322902354,
                        1.5725527558882149,
                        0.14467982969271392
                    ]
                ],
                [
                    [
                        0.15040822556194117,
                        1.7309847639296692,
                        0.15091109778970302
                    ],
                    [
