{
    "Pruning Time": 91.4053144454956,
    "Cut Data": [
        {
            "Rule": [
                "Canopy",
                "Spacing",
                "Spacing",
                "Spacing",
                "Spacing"
            ],
            "Sequence": [
                1,
                2,
                3,
                4,
                5
            ],
            "Vertices": [
                [
                    [
                        0.5167574048463327,
                        1.2827273829178842,
                        0.025132039490437255
                    ],
                    [
                        0.5161893063692141,
                        1.300263617717622,
                        0.07513203949043672
                    ],
                    [
                        0.6184375571221447,
                        1.3469543162082382,
                        0.07513203949043672
                    ],
                    [
                        0.6225936459810656,
                        1.3310565033459942,
                        0.025132039490437255
                    ],
                    [
                        0.518913558856901,
                        1.285422575364553,
                        0.025132039490437255
                    ],
                    [
                        0.5182723638698473,
                        1.3028674395291275,
                        0.07513203949043672
                    ],
                    [
                        0.6247497999916339,
                        1.3337516957926632,
                        0.025132039490437255
                    ],
                    [
                        0.6205206146227779,
                        1.349558138019744,
                        0.07513203949043672
                    ]
                ],
                [
                    [
                        0.6908699581186638,
                        1.913255980133488,
                        0.01543540657271013
                    ],
                    [
                        0.6844414753512679,
                        1.9094415290602604,
                        0.06543540657271155
                    ],
                    [
                        0.7462079229107622,
                        1.8624330870477996,
                        0.06543540657271155
                    ],
                    [
                        0.7547891999072396,
                        1.8646091161835334,
                        0.01543540657271013
                    ],
                    [
                        0.6878059447484627,
                        1.910957970162573,
                        0.01543540657271013
                    ],
                    [
                        0.6814806576717011,
                        1.9072209158554103,
                        0.06543540657271155
                    ],
                    [
                        0.7517251865370385,
                        1.8623111062126183,
                        0.01543540657271013
                    ],
                    [
                        0.7432471052311954,
                        1.8602124738429495,
                        0.06543540657271155
                    ]
                ],
                [
                    [
                        0.9880662766590991,
                        1.916459157318857,
                        0.01335786866682601
                    ],
                    [
                        0.9716512206623543,
                        1.9125423048745365,
                        0.06335786866682426
                    ],
                    [
                        0.951032588065093,
                        1.9390228471979565,
                        0.06335786866682426
                    ],
                    [
                        0.9667300459854774,
                        1.943861311982117,
                        0.01335786866682601
                    ],
                    [
                        0.9880662766590991,
                        1.9133802207740542,
                        0.01335786866682601
                    ],
                    [
                        0.9716512206623543,
                        1.9095669217162519,
                        0.06335786866682426
                    ],
                    [
                        0.9667300459854774,
                        1.940782375437315,
                        0.01335786866682601
                    ],
                    [
                        0.951032588065093,
                        1.9360474640396723,
                        0.06335786866682426
                    ]
                ],
                [
                    [
                        0.5080001411715683,
                        2.029085390109799,
                        0.013533515930672386
                    ],
                    [
                        0.5076982907869353,
                        2.0204418534976942,
                        0.06961883621915504
                    ],
                    [
                        0.6000777802301577,
                        2.035089152733421,
                        0.06961883621915504
                    ],
                    [
                        0.6040018352303875,
                        2.044307010715101,
                        0.013533515930672386
                    ],
                    [
                        0.5080001411715683,
                        2.0260068173423766,
                        0.013533515930672386
                    ],
                    [
                        0.5076982907869353,
                        2.0174794372272684,
                        0.06961883621915504
                    ],
                    [
                        0.6040018352303875,
                        2.041228437947679,
                        0.013533515930672386
                    ],
                    [
                        0.6000777802301577,
                        2.0321267364629954,
                        0.06961883621915504
                    ]
                ],
                [
                    [
                        0.2368458650152654,
                        1.4723416567989918,
                        0.00827707945904425
                    ],
                    [
                        0.2456663413705294,
                        1.4833242038487546,
                        0.05827707945904477
                    ],
                    [
                        0.25256352533336246,
                        1.51580377268478,
                        0.05827707945904477
                    ],
                    [
                        0.2439822483368853,
                        1.505947640717044,
                        0.00827707945904425
                    ],
                    [
                        0.23221167609578844,
                        1.4723416567989918,
                        0.00827707945904425
                    ],
                    [
                        0.24118748253466463,
                        1.4833242038487546,
                        0.05827707945904477
                    ],
                    [
                        0.23934805941740836,
                        1.505947640717044,
                        0.00827707945904425
                    ],
                    [
                        0.24808466649749775,
                        1.51580377268478,
                        0.05827707945904477
                    ]
                ]
            ],
            "Cut Time": [
                0.9116785526275635,
                0.792543888092041,
                0.9453334808349609,
                0.6479427814483643,
                1.087256669998169
            ],