{
    "Pruning Time": 271.0900480747223,
    "Cut Data": [
        {
            "Rule": [
                "Vigor",
                "Canopy",
                "Canopy",
                "Spacing",
                "Vigor",
                "Vigor"
            ],
            "Sequence": [
                1,
                2,
                3,
                4,
                5,
                6
            ],
            "Vertices": [
                [
                    [
                        -0.469191661121015,
                        1.949751785516428,
                        -0.1855251901247029
                    ],
                    [
                        -0.4584575898954573,
                        1.9577646928044823,
                        -0.13552519012470648
                    ],
                    [
                        -0.2311443559082947,
                        2.0058744484485804,
                        -0.13552519012470648
                    ],
                    [
                        -0.23655624140084608,
                        1.998987956242553,
                        -0.1855251901247029
                    ],
                    [
                        -0.46756238305801084,
                        1.9541458989718012,
                        -0.1855251901247029
                    ],
                    [
                        -0.45686558612401396,
                        1.962058278627522,
                        -0.13552519012470648
                    ],
                    [
                        -0.23492696333784188,
                        2.0033820696979263,
                        -0.1855251901247029
                    ],
                    [
                        -0.22955235213685132,
                        2.0101680342716204,
                        -0.13552519012470648
                    ]
                ],
                [
                    [
                        0.6854648678084296,
                        1.7341777159893994,
                        -0.05792709783548564
                    ],
                    [
                        0.6688106124528962,
                        1.7479251000586835,
                        -0.00792709783548198
                    ],
                    [
                        0.7600666385685519,
                        1.836339329844444,
                        -0.00792709783548198
                    ],
                    [
                        0.7789932878325603,
                        1.824793575253667,
                        -0.05792709783548564
                    ],
                    [
                        0.6902554483673418,
                        1.737000073458302,
                        -0.05792709783548564
                    ],
                    [
                        0.6734847996623075,
                        1.7506788847032166,
                        -0.00792709783548198
                    ],
                    [
                        0.7837838683914724,
                        1.8276159327225694,
                        -0.05792709783548564
                    ],
                    [
                        0.7647408257779631,
                        1.8390931144889768,
                        -0.00792709783548198
                    ]
                ],
                [
                    [
                        0.818932398528919,
                        2.5243147997595425,
                        0.02908859886141097
                    ],
                    [
                        0.817799165928359,
                        2.5175307089246073,
                        0.08388764643152126
                    ],
                    [
                        0.8407447108388512,
                        2.4649949905428152,
                        0.07414784047281107
                    ],
                    [
                        0.8425935419942054,
                        2.470140659440257,
                        0.019045039337674565
                    ],
                    [
                        0.814204720055759,
                        2.5243147997595425,
                        0.031095379312404015
                    ],
                    [
                        0.8132144695510513,
                        2.5175307089246073,
                        0.08583373458365617
                    ],
                    [
                        0.8378658635210453,
                        2.470140659440257,
                        0.021051819788667245
                    ],
                    [
                        0.8361600144615432,
                        2.4649949905428152,
                        0.07609392862494563
                    ]
                ],
                [
                    [
                        0.18460994059684022,
                        1.8299064361357387,
                        -0.06614648127004549
                    ],
                    [
                        0.1778244923347449,
                        1.8424445003686631,
                        -0.011071909765502328
                    ],
                    [
                        0.28873877726667563,
                        1.8300502204689428,
                        -0.007198697588052374
                    ],
                    [
                        0.29856352989719387,
                        1.8171725246992347,
                        -0.06216713424533059
                    ],
                    [
                        0.18460994059684022,
                        1.8256140468223503,
                        -0.06614648127004549
                    ],
                    [
                        0.1778244923347449,
                        1.838266595185799,
                        -0.011071909765502328
                    ],
                    [
                        0.29856352989719387,
                        1.8128801353858466,
                        -0.06216713424533059
                    ],
                    [
                        0.28873877726667563,
                        1.8258723152860787,
                        -0.007198697588052374
                    ]
                ],
                [
                    [
                        0.5748170555887469,
                        2.6548285417439237,
                        -0.04867096163138545
                    ],
                    [
                        0.5592368510492245,
                        2.646252426914856,
                        0.0008154428521949606
                    ],
                    [
                        0.6750555961019429,
                        2.5925057815429975,
                        0.004859922551004431
                    ],
                    [
                        0.69350444438147,
                        2.5997506785478524,
                        -0.04452630668577733
                    ],
                    [
                        0.5717580229558248,
                        2.651061283684536,
                        -0.04877778540482731
                    ],
                    [
                        0.5562517544503003,
                        2.642576222516341,
                        0.000711200981953473
                    ],
                    [
                        0.690445411748548,
                        2.595983420488464,
                        -0.04463313045921919
                    ],
                    [
                        0.6720704995030188,
                        2.5888295771444825,
                        0.004755680680762943
                    ]
                ],
                [
                    [
                        -0.6281660380733144,
                        2.615312509642304,
                        -0.13589396311645827
                    ],
                    [
                        -0.6140438272215377,
