{
    "Pruning Time": 67.23863339424133,
    "Cut Data": [
        {
            "Rule": [
                "Vigor",
                "Canopy",
                "Canopy",
                "Vigor",
                "Canopy",
                "Canopy",
                "Canopy"
            ],
            "Sequence": [
                1,
                2,
                3,
                4,
                5,
                6,
                7
            ],
            "Vertices": [
                [
                    [
                        -0.019089619613265576,
                        1.5098870488687386,
                        0.01986703167335403
                    ],
                    [
                        -0.01852152113614688,
                        1.5155447246216465,
                        0.06986703167335385
                    ],
                    [
                        0.028269690155171497,
                        1.478820597396997,
                        0.06986703167335385
                    ],
                    [
                        0.029136787830773715,
                        1.4720365065620622,
                        0.01986703167335403
                    ],
                    [
                        -0.022616566939701904,
                        1.5073219963310227,
                        0.01986703167335403
                    ],
                    [
                        -0.021943508099536792,
                        1.5130560068915342,
                        0.06986703167335385
                    ],
                    [
                        0.02560984050433739,
                        1.469471454024346,
                        0.01986703167335403
                    ],
                    [
                        0.02484770319178159,
                        1.4763318796668845,
                        0.06986703167335385
                    ]
                ],
                [
                    [
                        0.5167207725530811,
                        1.4664786204896822,
                        0.04148968183128116
                    ],
                    [
                        0.501142914312089,
                        1.4735187147523507,
                        0.09148968183128302
                    ],
                    [
                        0.5299995120651843,
                        1.521285676731855,
                        0.09148968183128302
                    ],
                    [
                        0.546474367901627,
                        1.5157304023500402,
                        0.04148968183128116
                    ],
                    [
                        0.5115684416252245,
                        1.4664786204896822,
                        0.04148968183128116
                    ],
                    [
                        0.49614591346784465,
                        1.4735187147523507,
                        0.09148968183128302
                    ],
                    [
                        0.5413220369737705,
                        1.5157304023500402,
                        0.04148968183128116
                    ],
                    [
                        0.5250025112209399,
                        1.521285676731855,
                        0.09148968183128302
                    ]
                ],
                [
                    [
                        0.6053365457421431,
                        1.5442577489881673,
                        0.03781414664587615
                    ],
                    [
                        0.5871274945544966,
                        1.5489426117156881,
                        0.08781414664587604
                    ],
                    [
                        0.6893204574818803,
                        1.557197113807727,
                        0.08781414664587604
                    ],
                    [
                        0.7106989001734523,
                        1.5527682545079393,
                        0.03781414664587615
                    ],
                    [
                        0.6053365457421431,
                        1.5408152495054193,
                        0.03781414664587615
                    ],
                    [
                        0.5871274945544966,
                        1.5456036656194585,
                        0.08781414664587604
                    ],
                    [
                        0.7106989001734523,
                        1.5493257550251915,
                        0.03781414664587615
                    ],
                    [
                        0.6893204574818803,
                        1.5538581677114973,
                        0.08781414664587604
                    ]
                ],
                [
                    [
                        0.13800440844698983,
                        1.3490751114476192,
                        -0.03516707811100723
                    ],
                    [
                        0.134027719107159,
                        1.3591872468430883,
                        0.014832921888992644
                    ],
                    [
                        0.2005377150550724,
                        1.3626385152294875,
                        0.014832921888992644
                    ],
                    [
                        0.20648779910489448,
                        1.3526287812051119,
                        -0.03516707811100723
                    ],
                    [
                        0.13800440844698983,
                        1.345481462905355,
                        -0.03516707811100723
                    ],
                    [
                        0.134027719107159,
                        1.3556971516873422,
                        0.014832921888992644
                    ],
                    [
                        0.20648779910489448,
                        1.3490351326628476,
                        -0.03516707811100723
                    ],
                    [
                        0.2005377150550724,
                        1.3591484200737416,
                        0.014832921888992644
                    ]
                ],
                [
                    [
                        -0.29638978269962946,
                        2.003436618014667,
                        0.18429230349309497
                    ],
                    [
                        -0.28633847639585086,
                        1.9931463361983774,
                        0.23569367835096275
                    ],
                    [
                        -0.23730191774702017,
                        1.9301686066826134,
                        0.23569367835096275
                    ],
                    [
                        -0.24563189942385202,
                        1.938248188569061,
                        0.18429230349309497
                    ],
                    [
                        -0.3003076579743295,
                        2.001695340157791,
                        0.18429230349309497
                    ],
                    [
                        -0.29012348688659195,
                        1.9914641093551362,
                        0.23569367835096275
                    ],
                    [
                        -0.24954977469855202,
                        1.9365069107121848,
                        0.18429230349309497
                    ],
                    [
                        -0.2410869282377613,
                        1.9284863798393723,
                        0.23569367835096275
                    ]
                ],
                [
                    [
                        -0.37203662382280667,
                        1.4957657784535865,
                        0.0584789177288285
                    ],
                    [
