{
    "Pruning Time": 143.14480090141296,
    "Cut Data": [
        {
            "Rule": [
                "Vigor",
                "Vigor",
                "Canopy",
                "Spacing",
                "Vigor",
                "Canopy"
            ],
            "Sequence": [
                1,
                2,
                3,
                4,
                5,
                6
            ],
            "Vertices": [
                [
                    [
                        -0.381071581908536,
                        2.038357424279445,
                        0.19725794695925736
                    ],
                    [
                        -0.34944742028846115,
                        2.0267092683175756,
                        0.23867581835701424
                    ],
                    [
                        -0.27585147404997645,
                        2.038197945884787,
                        0.21042498147165997
                    ],
                    [
                        -0.30485172155717116,
                        2.0502557073310297,
                        0.16799988381494657
                    ],
                    [
                        -0.381071581908536,
                        2.035349389595466,
                        0.19725794695925736
                    ],
                    [
                        -0.34944742028846115,
                        2.023804787020115,
                        0.23867581835701424
                    ],
                    [
                        -0.30485172155717116,
                        2.047247672647051,
                        0.16799988381494657
                    ],
                    [
                        -0.27585147404997645,
                        2.035293464587326,
                        0.21042498147165997
                    ]
                ],
                [
                    [
                        0.5745829987891101,
                        1.318454592159815,
                        -0.1206161091941552
                    ],
                    [
                        0.5561617986570994,
                        1.330153948807231,
                        -0.07093003603632053
                    ],
                    [
                        0.6090855849065224,
                        1.3350096956500246,
                        -0.07000624791108977
                    ],
                    [
                        0.6291809255314944,
                        1.3234639410592484,
                        -0.11966309883792085
                    ],
                    [
                        0.5745829987891101,
                        1.3150774561101135,
                        -0.1206161091941552
                    ],
                    [
                        0.5561617986570994,
                        1.3268803661440478,
                        -0.07093003603632053
                    ],
                    [
                        0.6291809255314944,
                        1.320086805009547,
                        -0.11966309883792085
                    ],
                    [
                        0.6090855849065224,
                        1.331736112986841,
                        -0.07000624791108977
                    ]
                ],
                [
                    [
                        -0.24396268673525437,
                        1.5328538240043859,
                        -0.03248667360990587
                    ],
                    [
                        -0.23030157171813104,
                        1.5382042956440138,
                        0.016211443654215566
                    ],
                    [
                        -0.13338023168963647,
                        1.558331990922749,
                        0.004310999476695674
                    ],
                    [
                        -0.14383622526573425,
                        1.5536471281952278,
                        -0.04478065721620257
                    ],
                    [
                        -0.24396268673525437,
                        1.529618865717772,
                        -0.03248667360990587
                    ],
                    [
                        -0.23030157171813104,
                        1.5350728907439182,
                        0.016211443654215566
                    ],
                    [
                        -0.14383622526573425,
                        1.5504121699086142,
                        -0.04478065721620257
                    ],
                    [
                        -0.13338023168963647,
                        1.5552005860226534,
                        0.004310999476695674
                    ]
                ],
                [
                    [
                        -0.28122062872550196,
                        1.3799177254920363,
                        0.05401353470631798
                    ],
                    [
                        -0.2503613433001372,
                        1.393769193059394,
                        0.0939234986680674
                    ],
                    [
                        -0.22706567263561356,
                        1.3783753513650463,
                        0.08411046509272813
                    ],
                    [
                        -0.2571120021552683,
                        1.3639866803534433,
                        0.043858052797428396
                    ],
                    [
                        -0.28122062872550196,
                        1.3768542770482362,
                        0.05422775188954637
                    ],
                    [
                        -0.2503613433001372,
                        1.390809045751267,
                        0.09413049233220802
                    ],
                    [
                        -0.2571120021552683,
                        1.360923231909643,
                        0.044072269980656796
                    ],
                    [
                        -0.22706567263561356,
                        1.3754152040569192,
                        0.08431745875686875
                    ]
                ],
                [
                    [
                        0.09343762667308188,
                        1.6971588650529503,
                        0.028532811382733676
                    ],
                    [
                        0.0938532605902124,
                        1.7009851720122537,
                        0.07848060296100372
                    ],
                    [
                        0.12325415921166193,
                        1.6796433755136437,
                        0.07791203531703468
                    ],
                    [
                        0.12397195453009328,
                        1.6749943244470127,
                        0.02794232498048563
                    ],
                    [
                        0.09343762667308188,
                        1.6943759557669704,
                        0.028727411357030355
                    ],
                    [
                        0.0938532605902124,
                        1.698305563861947,
                        0.07866797941621262
                    ],
                    [
                        0.12397195453009328,
                        1.6722114151610326,
                        0.02813692495478231
                    ],
                    [
                        0.12325415921166193,
                        1.6769637673633369,
                        0.07809941177224358
                    ]
                ],
                [
                    [
                        0.7953437864623577,
                        1.3862287379036506,
                        -0.04761803977363841
                    ],
                    [
