{
    "Pruning Time": 113.40778946876526,
    "Cut Data": [
        {
            "Rule": [
                "Canopy",
                "Canopy",
                "Canopy",
                "Vigor",
                "Spacing"
            ],
            "Sequence": [
                1,
                2,
                3,
                4,
                5
            ],
            "Vertices": [
                [
                    [
                        0.6729364601698964,
                        2.1942765688625157,
                        0.10293632757750049
                    ],
                    [
                        0.6667471767612875,
                        2.176586732006138,
                        0.15293632757750103
                    ],
                    [
                        0.7279683624320983,
                        2.160033791965404,
                        0.15293632757750103
                    ],
                    [
                        0.7364300397491821,
                        2.1771092205952214,
                        0.10293632757750049
                    ],
                    [
                        0.6729364601698964,
                        2.1913831553732988,
                        0.10293632757750049
                    ],
                    [
                        0.6667471767612875,
                        2.173796871903439,
                        0.15293632757750103
                    ],
                    [
                        0.7364300397491821,
                        2.1742158071060045,
                        0.10293632757750049
                    ],
                    [
                        0.7279683624320983,
                        2.157243931862705,
                        0.15293632757750103
                    ]
                ],
                [
                    [
                        0.927314346979011,
                        2.0993260018902924,
                        0.07937494609158947
                    ],
                    [
                        0.9119121889916784,
                        2.0849326584113146,
                        0.13058008740208038
                    ],
                    [
                        0.956133378267127,
                        2.0582888678473257,
                        0.13058008740208038
                    ],
                    [
                        0.9731890482451475,
                        2.0716859507576313,
                        0.07937494609158947
                    ],
                    [
                        0.927314346979011,
                        2.096383791184197,
                        0.07937494609158947
                    ],
                    [
                        0.9119121889916784,
                        2.0820964970210163,
                        0.13058008740208038
                    ],
                    [
                        0.9731890482451475,
                        2.068743740051536,
                        0.07937494609158947
                    ],
                    [
                        0.956133378267127,
                        2.055452706457027,
                        0.13058008740208038
                    ]
                ],
                [
                    [
                        1.0697097764200858,
                        1.4673412467458922,
                        0.08440640763728186
                    ],
                    [
                        1.0482944678790609,
                        1.4760868558119948,
                        0.13761836713644915
                    ],
                    [
                        1.1004353979596848,
                        1.457950588681502,
                        0.13761836713644915
                    ],
                    [
                        1.1238872291554283,
                        1.448496612525933,
                        0.08440640763728186
                    ],
                    [
                        1.0697097764200858,
                        1.4644094565374406,
                        0.08440640763728186
                    ],
                    [
                        1.0482944678790609,
                        1.4732652711757315,
                        0.13761836713644915
                    ],
                    [
                        1.1238872291554283,
                        1.4455648223174817,
                        0.08440640763728186
                    ],
                    [
                        1.1004353979596848,
                        1.455129004045239,
                        0.13761836713644915
                    ]
                ],
                [
                    [
                        0.7187893896068808,
                        1.4114140758631326,
                        0.08737635033259625
                    ],
                    [
                        0.7110453103661576,
                        1.421628612629695,
                        0.13737635033259604
                    ],
                    [
                        0.7566767288237051,
                        1.404884469028474,
                        0.13737635033259604
                    ],
                    [
                        0.766095203575936,
                        1.3940555240353514,
                        0.08737635033259625
                    ],
                    [
                        0.7187893896068808,
                        1.4084884366071586,
                        0.08737635033259625
                    ],
                    [
                        0.7110453103661576,
                        1.4188065267602394,
                        0.13737635033259604
                    ],
                    [
                        0.766095203575936,
                        1.3911298847793774,
                        0.08737635033259625
                    ],
                    [
                        0.7566767288237051,
                        1.402062383159018,
                        0.13737635033259604
                    ]
                ],
                [
                    [
                        0.4445063079497703,
                        1.404791572815154,
                        -0.021296145901336043
                    ],
                    [
                        0.4463302030605198,
                        1.41449410272625,
                        0.02870385409866501
                    ],
                    [
                        0.49032183989615935,
                        1.4069609655950166,
                        0.02870385409866501
                    ],
                    [
                        0.48999294077782746,
                        1.3970024322561871,
                        -0.021296145901336043
                    ],
                    [
                        0.4445063079497703,
                        1.401640865459052,
                        -0.021296145901336043
                    ],
                    [
                        0.4463302030605198,
                        1.411446948756666,
                        0.02870385409866501
                    ],
                    [
                        0.48999294077782746,
                        1.393851724900085,
                        -0.021296145901336043
                    ],
                    [
                        0.49032183989615935,
                        1.4039138116254326,
                        0.02870385409866501
                    ]
                ]
            ],
            "Cut Time": [
                0.8162705898284912,
                0.5143866539001465,
                1.4331543445587158,
                0.8236937522888184,
                0.91975998878479
            ],