{
    "Pruning Time": 105.76691770553589,
    "Cut Data": [
        {
            "Rule": [
                "Vigor",
                "Spacing",
                "Canopy",
                "Spacing",
                "Vigor",
                "Spacing"
            ],
            "Sequence": [
                1,
                2,
                3,
                4,
                5,
                6
            ],
            "Vertices": [
                [
                    [
                        0.24677775792682363,
                        1.9003743607382821,
                        -0.05055131046050072
                    ],
                    [
                        0.2401100758006408,
                        1.9098208872216447,
                        -0.0005513104604986465
                    ],
                    [
                        0.377931105856614,
                        1.9098208872216447,
                        -0.0005513104604986465
                    ],
                    [
                        0.38842597772338605,
                        1.9003743607382821,
                        -0.05055131046050072
                    ],
                    [
                        0.24677775792682363,
                        1.8965417436358059,
                        -0.05055131046050072
                    ],
                    [
                        0.2401100758006408,
                        1.9060918235056867,
                        -0.0005513104604986465
                    ],
                    [
                        0.38842597772338605,
                        1.8965417436358059,
                        -0.05055131046050072
                    ],
                    [
                        0.377931105856614,
                        1.9060918235056867,
                        -0.0005513104604986465
                    ]
                ],
                [
                    [
                        0.6002736708255917,
                        2.0240123886491275,
                        -0.06234659737092715
                    ],
                    [
                        0.5841576140273308,
                        2.0300796698864088,
                        -0.012346597370930338
                    ],
                    [
                        0.5798224925874248,
                        1.9781153724756024,
                        -0.012346597370930338
                    ],
                    [
                        0.5958189497062923,
                        1.9706144720430143,
                        -0.06234659737092715
                    ],
                    [
                        0.5944881017719016,
                        2.0240123886491275,
                        -0.06234659737092715
                    ],
                    [
                        0.5785273750572529,
                        2.0300796698864088,
                        -0.012346597370930338
                    ],
                    [
                        0.5900333806526022,
                        1.9706144720430143,
                        -0.06234659737092715
                    ],
                    [
                        0.5741922536173469,
                        1.9781153724756024,
                        -0.012346597370930338
                    ]
                ],
                [
                    [
                        -0.5517273472586998,
                        2.053143223970862,
                        0.3231568925184199
                    ],
                    [
                        -0.5657223589407879,
                        2.0610537298878238,
                        0.37281189567541534
                    ],
                    [
                        -0.45810459415179566,
                        2.0231421805449274,
                        0.43494504114592597
                    ],
                    [
                        -0.43960401078190386,
                        2.0136444533760187,
                        0.3878913310157371
                    ],
                    [
                        -0.5528509673457828,
                        2.0507157468136867,
                        0.3225081701586756
                    ],
                    [
                        -0.5668008274027831,
                        2.058723798635862,
                        0.37218924161857
                    ],
                    [
                        -0.44072763086898686,
                        2.0112169762188437,
                        0.38724260865599275
                    ],
                    [
                        -0.45918306261379077,
                        2.020812249292965,
                        0.4343223870890805
                    ]
                ],
                [
                    [
                        -0.933040834096314,
                        1.8207951997884095,
                        0.03463483330760165
                    ],
                    [
                        -0.9092965290448878,
                        1.8334161687756658,
                        0.0864172917657202
                    ],
                    [
                        -0.8246285925442624,
                        1.8232761972245661,
                        0.09233785063904462
                    ],
                    [
                        -0.845807768273101,
                        1.8103480241240297,
                        0.040734763496677436
                    ],
                    [
                        -0.933040834096314,
                        1.8172736309915414,
                        0.03463483330760165
                    ],
                    [
                        -0.9092965290448878,
                        1.8299981533653158,
                        0.0864172917657202
                    ],
                    [
                        -0.845807768273101,
                        1.806826455327162,
                        0.040734763496677436
                    ],
                    [
                        -0.8246285925442624,
                        1.8198581818142163,
                        0.09233785063904462
                    ]
                ],
                [
                    [
                        -0.5083789847430734,
                        2.598768688227287,
                        0.18774020804860403
                    ],
                    [
                        -0.5122168625212543,
                        2.5873330689582996,
                        0.24013150491815308
                    ],
                    [
                        -0.4862948276049191,
                        2.5583259279830473,
                        0.2500741127605242
                    ],
                    [
                        -0.48149498711826016,
                        2.5686850967346344,
                        0.19805178453098557
                    ],
                    [
                        -0.5124867014389825,
                        2.5987425953681433,
                        0.18624534914942661
                    ],
                    [
                        -0.516177596973912,
                        2.587307909753362,
                        0.238690135032608
                    ],
                    [
                        -0.4856027038141692,
                        2.568659003875491,
                        0.1965569256318085
                    ],
                    [
                        -0.4902555620575769,
                        2.5583007687781096,
                        0.24863274287497944
                    ]
                ],
                [
                    [
                        -0.6312418054470247,
                        2.5120324273076724,
                        0.031610075333149065
                    ],
                    [
