{
    "Pruning Time": 271.7556629180908,
    "Cut Data": [
        {
            "Rule": [
                "Vigor",
                "Vigor",
                "Vigor",
                "Canopy",
                "Spacing",
                "Spacing",
                "Vigor"
            ],
            "Sequence": [
                1,
                2,
                3,
                4,
                5,
                6,
                7
            ],
            "Vertices": [
                [
                    [
                        0.14924215120213916,
                        1.61138733655458,
                        0.02337993370165996
                    ],
                    [
                        0.14976197610663716,
                        1.6212434685223156,
                        0.07339225823093354
                    ],
                    [
                        0.2783726538039119,
                        1.6192759021250291,
                        0.0689010744008895
                    ],
                    [
                        0.28119957992941935,
                        1.609368569471747,
                        0.018771878750350822
                    ],
                    [
                        0.14924215120213916,
                        1.6073043801295497,
                        0.02337993370165996
                    ],
                    [
                        0.14976197610663716,
                        1.6172640654838033,
                        0.07339225823093354
                    ],
                    [
                        0.28119957992941935,
                        1.6052856130467166,
                        0.018771878750350822
                    ],
                    [
                        0.2783726538039119,
                        1.6152964990865168,
                        0.0689010744008895
                    ]
                ],
                [
                    [
                        -0.5622797153958629,
                        1.6091354394628186,
                        0.08090356929785483
                    ],
                    [
                        -0.5545913781644393,
                        1.6199131837703946,
                        0.1333338654134152
                    ],
                    [
                        -0.4407332039219744,
                        1.5982455267881845,
                        0.15546565252052177
                    ],
                    [
                        -0.4451929780017325,
                        1.5868533742540483,
                        0.10366292550845281
                    ],
                    [
                        -0.5622797153958629,
                        1.6053799830557571,
                        0.08090356929785483
                    ],
                    [
                        -0.5545913781644393,
                        1.6162612807498513,
                        0.1333338654134152
                    ],
                    [
                        -0.4451929780017325,
                        1.5830979178469866,
                        0.10366292550845281
                    ],
                    [
                        -0.4407332039219744,
                        1.594593623767641,
                        0.15546565252052177
                    ]
                ],
                [
                    [
                        0.541937465537395,
                        1.6391866236439376,
                        -0.03683423204922044
                    ],
                    [
                        0.5556735363178853,
                        1.6410291288862804,
                        0.013882914260285763
                    ],
                    [
                        0.5156390207150139,
                        1.5396806704930466,
                        0.021232951909228873
                    ],
                    [
                        0.5008671863281319,
                        1.5352161016841328,
                        -0.029294035948557798
                    ],
                    [
                        0.5369849685355981,
                        1.637233127997333,
                        -0.03424866803499473
                    ],
                    [
                        0.5508459378133469,
                        1.6391248990283422,
                        0.016403272165386052
                    ],
                    [
                        0.49591468932633515,
                        1.5332626060375278,
                        -0.02670847193433208
                    ],
                    [
                        0.5108114222104757,
                        1.5377764406351082,
                        0.023753309814329163
                    ]
                ],
                [
                    [
                        -0.09942710359381252,
                        1.6202267671059976,
                        0.13870736707874265
                    ],
                    [
                        -0.08864952174590829,
                        1.6213600057806623,
                        0.1904192787684262
                    ],
                    [
                        -0.16257659706313507,
                        1.4939667374728558,
                        0.17943241798473192
                    ],
                    [
                        -0.1752000455888178,
                        1.4896526481026426,
                        0.12744617811248485
                    ],
                    [
                        -0.10529514871624794,
                        1.6181676135547076,
                        0.13911071572943623
                    ],
                    [
                        -0.0943746183610003,
                        1.6193510142374015,
                        0.19081280164471745
                    ],
                    [
                        -0.1810680907112533,
                        1.4875934945513525,
                        0.1278495267631789
                    ],
                    [
                        -0.16830169367822714,
                        1.491957745929595,
                        0.17982594086102366
                    ]
                ],
                [
                    [
                        0.9035836825766921,
                        2.391890564385172,
                        0.09175793717649404
                    ],
                    [
                        0.8949912626560416,
                        2.3745765442351017,
                        0.14297896538442573
                    ],
                    [
                        1.121312135181868,
                        2.2374777689038883,
                        0.06836305568744627
                    ],
                    [
                        1.1354982037757435,
                        2.251403315095841,
                        0.015297852969139575
                    ],
                    [
                        0.8998524137506381,
                        2.3883464367399188,
                        0.09206877163675471
                    ],
                    [
                        0.891349989949292,
                        2.3711178989684343,
                        0.14328230269117812
                    ],
                    [
                        1.1317669349496893,
                        2.247859187450588,
                        0.01560868742940024
                    ],
                    [
                        1.1176708624751186,
                        2.2340191236372204,
                        0.06866639299419866
                    ]
                ],
                [
                    [
                        0.30585863848138484,
                        2.3515394600331456,
                        0.6011769659875871
                    ],
                    [
