{
    "Pruning Time": 183.37313866615295,
    "Cut Data": [
        {
            "Rule": [
                "Vigor",
                "Vigor",
                "Spacing",
                "Vigor",
                "Spacing",
                "Vigor"
            ],
            "Sequence": [
                1,
                2,
                3,
                4,
                5,
                6
            ],
            "Vertices": [
                [
                    [
                        0.5844720637047857,
                        2.061154980213609,
                        -0.0169694059320403
                    ],
                    [
                        0.5807593836180766,
                        2.049919484577359,
                        0.03317712939477204
                    ],
                    [
                        0.6824403210333715,
                        2.029292314926074,
                        0.03531229570389388
                    ],
                    [
                        0.6896806543016772,
                        2.039812184777419,
                        -0.014760163533387225
                    ],
                    [
                        0.5844720637047857,
                        2.058067078435887,
                        -0.01691550640601823
                    ],
                    [
                        0.5807593836180766,
                        2.0469351204144726,
                        0.033229221665004804
                    ],
                    [
                        0.6896806543016772,
                        2.036724282999697,
                        -0.014706264007365154
                    ],
                    [
                        0.6824403210333715,
                        2.026307950763188,
                        0.035364387974126645
                    ]
                ],
                [
                    [
                        0.8981733261393714,
                        2.1213175728131595,
                        0.09276162079190596
                    ],
                    [
                        0.8807875715188657,
                        2.1051270512139415,
                        0.14952936922783774
                    ],
                    [
                        0.9984047943133803,
                        2.080667316232908,
                        0.15200964448256477
                    ],
                    [
                        1.0208142626999275,
                        2.0958131038686942,
                        0.09534783455329635
                    ],
                    [
                        0.8981733261393714,
                        2.118447664481167,
                        0.09281171522817905
                    ],
                    [
                        0.8807875715188657,
                        2.1023747023070407,
                        0.14957741165671293
                    ],
                    [
                        1.0208142626999275,
                        2.092943195536702,
                        0.09539792898956942
                    ],
                    [
                        0.9984047943133803,
                        2.077914967326007,
                        0.15205768691143995
                    ]
                ],
                [
                    [
                        0.40608369697858554,
                        1.3883222588202722,
                        -0.03009457193683669
                    ],
                    [
                        0.40310632009821395,
                        1.3992032616824304,
                        0.019733032724347992
                    ],
                    [
                        0.5031739271873438,
                        1.3994176951628294,
                        0.03201791858875765
                    ],
                    [
                        0.5094751337102605,
                        1.3885438148888816,
                        -0.017401633267136715
                    ],
                    [
                        0.40608369697858554,
                        1.38510160556638,
                        -0.030038355225178753
                    ],
                    [
                        0.40310632009821395,
                        1.3960861460433742,
                        0.019787442180216625
                    ],
                    [
                        0.5094751337102605,
                        1.3853231616349895,
                        -0.01734541655547878
                    ],
                    [
                        0.5031739271873438,
                        1.396300579523773,
                        0.03207232804462628
                    ]
                ],
                [
                    [
                        0.5620649387681094,
                        1.5491602448655848,
                        0.11528471199730211
                    ],
                    [
                        0.5587707938046406,
                        1.5567112165413282,
                        0.16500158995292405
                    ],
                    [
                        0.6745157049742349,
                        1.4999898297947272,
                        0.1690039108479746
                    ],
                    [
                        0.682294154829564,
                        1.490241301531047,
                        0.1194420948038191
                    ],
                    [
                        0.5599938619049271,
                        1.5467518547809251,
                        0.1153326420156742
                    ],
                    [
                        0.5567769638903548,
                        1.5543926545017306,
                        0.16504773227922848
                    ],
                    [
                        0.6802230779663816,
                        1.4878329114463877,
                        0.11949002482219089
                    ],
                    [
                        0.6725218750599491,
                        1.4976712677551298,
                        0.16905005317427874
                    ]
                ],
                [
                    [
                        0.697959958463776,
                        1.3011581590653871,
                        -0.013633463264119912
                    ],
                    [
                        0.6714161411899158,
                        1.327046355045057,
                        0.024327706959323122
                    ],
                    [
                        0.8056601213290617,
                        1.3763368689752118,
                        0.06446962168208761
                    ],
                    [
                        0.837005143149894,
                        1.3522115366960874,
                        0.02794411764860213
                    ],
                    [
                        0.699175292972514,
                        1.3040517243204266,
                        -0.013925811372146
                    ],
                    [
                        0.672589510422527,
                        1.3298400060262523,
                        0.024045453577473435
                    ],
                    [
                        0.8382204776586321,
                        1.3551051019511269,
                        0.027651769540576045
                    ],
                    [
                        0.8068334905616731,
                        1.379130519956407,
                        0.06418736830023793
                    ]
                ],
                [
                    [
                        1.0564111430769725,
                        1.5079159079659907,
                        0.09367649608833915
                    ],
                    [
                        1.038679428445458,
