{
    "Pruning Time": 141.46196150779724,
    "Cut Data": [
        {
            "Rule": [
                "Vigor",
                "Vigor",
                "Vigor"
            ],
            "Sequence": [
                1,
                2,
                3
            ],
            "Vertices": [
                [
                    [
                        0.7657497896931962,
                        2.351151292434056,
                        0.21931172072532654
                    ],
                    [
                        0.7553745175058181,
                        2.3569625702436037,
                        0.26931172072532567
                    ],
                    [
                        0.8716545571770552,
                        2.316634836744003,
                        0.26931172072532567
                    ],
                    [
                        0.8867540167004728,
                        2.309185136996961,
                        0.21931172072532654
                    ],
                    [
                        0.764256097278307,
                        2.3486929237285787,
                        0.21931172072532654
                    ],
                    [
                        0.7539391410933107,
                        2.354600179956344,
                        0.26931172072532567
                    ],
                    [
                        0.8852603242855837,
                        2.306726768291484,
                        0.21931172072532654
                    ],
                    [
                        0.8702191807645479,
                        2.314272446456743,
                        0.26931172072532567
                    ]
                ],
                [
                    [
                        0.3672109256123174,
                        2.8616207319647295,
                        0.06738126712035905
                    ],
                    [
                        0.371845413188812,
                        2.8489997629774737,
                        0.11738126712035882
                    ],
                    [
                        0.5223237022187232,
                        2.85891050675371,
                        0.11738126712035882
                    ],
                    [
                        0.5231310000546286,
                        2.871889880539793,
                        0.06738126712035905
                    ],
                    [
                        0.3672109256123174,
                        2.858653681537149,
                        0.06738126712035905
                    ],
                    [
                        0.371845413188812,
                        2.8461362659364107,
                        0.11738126712035882
                    ],
                    [
                        0.5231310000546286,
                        2.8689228301122123,
                        0.06738126712035905
                    ],
                    [
                        0.5223237022187232,
                        2.8560470097126474,
                        0.11738126712035882
                    ]
                ],
                [
                    [
                        0.09229548484688424,
                        2.3831317588504066,
                        0.008135769589167084
                    ],
                    [
                        0.10595974821758163,
                        2.387048611294728,
                        0.058135769589168544
                    ],
                    [
                        0.07147044828038966,
                        2.1138981941643316,
                        0.058135769589168544
                    ],
                    [
                        0.056610188115758166,
                        2.1005092148938744,
                        0.008135769589167084
                    ],
                    [
                        0.08768770511297895,
                        2.3827996666255316,
                        0.008135769589167084
                    ],
                    [
                        0.10150639874750257,
                        2.3867276491786824,
                        0.058135769589168544
                    ],
                    [
                        0.05200240838185287,
                        2.100177122668999,
                        0.008135769589167084
                    ],
                    [
                        0.06701709881031061,
                        2.1135772320482857,
                        0.058135769589168544
                    ]
                ]
            ],
            "Cut Time": [
                0.4618206024169922,
                0.44966697692871094,
                0.9872629642486572
            ],
            "Rule Time": [
                16.569843292236328,
                20.7531898021698,
                8.74126410484314
            ],
            "Between Time": [
                24.158337593078613,
                14.121037006378174,
                41.47876834869385
            ]
        }
    ],
    "Reset Answer": "",
    "Explanations": [
        {
            "Branch Num": 1,
            "Decision": "Branch Vigor",
            "Explanation": "Branch is vigorous and removed due to placement and shading."
        },
        {
            "Branch Num": 2,
            "Decision": "Branch Vigor",
            "Explanation": "Branch is strong vigor and removed to prevent shading."
        },
        {
            "Branch Num": 3,
            "Decision": "Branch Vigor",
            "Explanation": "Branch is vigorous and removed to prevent shading"
        }
    ]
}