{
    "Pruning Time": 71.16237735748291,
    "Cut Data": [
        {
            "Rule": [
                "Vigor",
                "Vigor",
                "Vigor"
            ],
            "Sequence": [
                1,
                2,
                3
            ],
            "Vertices": [
                [
                    [
                        0.06979317295633634,
                        2.345780532244475,
                        -0.0070044452179137484
                    ],
                    [
                        0.08406674820718596,
                        2.3508972878136074,
                        0.042995554782085284
                    ],
                    [
                        0.07036541755989313,
                        2.0952926383512205,
                        0.042995554782085284
                    ],
                    [
                        0.055621653947839064,
                        2.0814043018064323,
                        -0.0070044452179137484
                    ],
                    [
                        0.06511151042674353,
                        2.345780532244475,
                        -0.0070044452179137484
                    ],
                    [
                        0.07954041576120532,
                        2.3508972878136074,
                        0.042995554782085284
                    ],
                    [
                        0.05093999141824625,
                        2.0814043018064323,
                        -0.0070044452179137484
                    ],
                    [
                        0.06583908511391251,
                        2.0952926383512205,
                        0.042995554782085284
                    ]
                ],
                [
                    [
                        0.7178105854086603,
                        2.1122334008255885,
                        0.005673790306138424
                    ],
                    [
                        0.7105226658099915,
                        2.125208031018745,
                        0.05567379030613573
                    ],
                    [
                        0.7764929021006799,
                        2.0407478689948007,
                        0.05567379030613573
                    ],
                    [
                        0.7860645937394846,
                        2.0248493784764254,
                        0.005673790306138424
                    ],
                    [
                        0.7140223742982615,
                        2.110444523400955,
                        0.005673790306138424
                    ],
                    [
                        0.7068612078504718,
                        2.1234790092472156,
                        0.05567379030613573
                    ],
                    [
                        0.7822763826290858,
                        2.0230605010517917,
                        0.005673790306138424
                    ],
                    [
                        0.7728314441411602,
                        2.039018847223271,
                        0.05567379030613573
                    ]
                ],
                [
                    [
                        0.481753519544355,
                        2.895387475653536,
                        0.0702777671761802
                    ],
                    [
                        0.4823916323202754,
                        2.8815600528655234,
                        0.12027776717617987
                    ],
                    [
                        0.4601494836722023,
                        2.8714747651245838,
                        0.12027776717617987
                    ],
                    [
                        0.45870533370564576,
                        2.884936705371944,
                        0.0702777671761802
                    ],
                    [
                        0.481753519544355,
                        2.892426424073752,
                        0.0702777671761802
                    ],
                    [
                        0.4823916323202754,
                        2.8787025546722576,
                        0.12027776717617987
                    ],
                    [
                        0.45870533370564576,
                        2.88197565379216,
                        0.0702777671761802
                    ],
                    [
                        0.4601494836722023,
                        2.868617266931318,
                        0.12027776717617987
                    ]
                ]
            ],
            "Cut Time": [
                1.1442959308624268,
                0.9279513359069824,
                0.6043503284454346
            ],
            "Rule Time": [
                4.450040340423584,
                1.2146127223968506,
                6.423204660415649
            ],
            "Between Time": [
                28.58035135269165,
                4.081059694290161,
                15.472891092300415
            ]
        }
    ],
    "Explanations": [
        {
            "Branch Num": 1,
            "Decision": "Branch Vigor",
            "Explanation": "Branch is vigorous and removed due to placement and shading."
        },
        {
            "Branch Num": 2,
            "Decision": "Branch Vigor",
            "Explanation": "Branch is strong vigor and removed to prevent shading."
        },
        {
            "Branch Num": 3,
            "Decision": "Branch Vigor",
            "Explanation": "Branch is vigorous and removed to prevent shading"
        }
    ],
    "Reset Answer": ""
}