{
    "Pruning Time": 13.325139284133911,
    "Cut Data": [
        {
            "Rule": [
                "Vigor"
            ],
            "Sequence": [
                1
            ],
            "Vertices": [
                [
                    [
                        0.14494945645534005,
                        1.6244864277130946,
                        -0.02785393561667922
                    ],
                    [
                        0.1438411553182152,
                        1.6337453187429536,
                        0.02214606438332202
                    ],
                    [
                        0.41751624609252763,
                        1.5349529376144082,
                        0.02214606438332202
                    ],
                    [
                        0.42554303311594693,
                        1.5231965825567582,
                        -0.02785393561667922
                    ],
                    [
                        0.14261959467619956,
                        1.620584382878514,
                        -0.02785393561667922
                    ],
                    [
                        0.14156874002814915,
                        1.6299394850990818,
                        0.02214606438332202
                    ],
                    [
                        0.4232131713368064,
                        1.5192945377221778,
                        -0.02785393561667922
                    ],
                    [
                        0.4152438308024616,
                        1.5311471039705367,
                        0.02214606438332202
                    ]
                ]
            ],
            "Cut Time": [
                0.8324856758117676
            ],
            "Rule Time": [
                1.290480613708496
            ],
            "Between Time": [
                5.706921339035034
            ]
        }
    ],
    "Explanations": [],
    "Reset Answer": ""
}