{
    "Pruning Time": 24.960795640945435,
    "Cut Data": [
        {
            "Rule": [
                "Vigor"
            ],
            "Sequence": [
                1
            ],
            "Vertices": [
                [
                    [
                        0.09393428815550957,
                        1.3550512911794725,
                        -0.02649488131792126
                    ],
                    [
                        0.09121391263711236,
                        1.3650411472906359,
                        0.02350511868207767
                    ],
                    [
                        0.23985880730499926,
                        1.3670835793193514,
                        0.02350511868207767
                    ],
                    [
                        0.24701238737189565,
                        1.3571546369649636,
                        -0.02649488131792126
                    ],
                    [
                        0.09393428815550957,
                        1.3514756033441377,
                        -0.02649488131792126
                    ],
                    [
                        0.09121391263711236,
                        1.3615690128418192,
                        0.02350511868207767
                    ],
                    [
                        0.24701238737189565,
                        1.3535789491296288,
                        -0.02649488131792126
                    ],
                    [
                        0.23985880730499926,
                        1.363611444870535,
                        0.02350511868207767
                    ]
                ]
            ],
            "Cut Time": [
                1.2211215496063232
            ],
            "Rule Time": [
                1.7164883613586426
            ],
            "Between Time": [
                2.6096346378326416
            ]
        }
    ],
    "Explanations": [],
    "Reset Answer": ""
}