{
    "Pruning Time": 68.75974035263062,
    "Cut Data": [
        {
            "Rule": [
                "Canopy",
                "Canopy",
                "Canopy"
            ],
            "Sequence": [
                1,
                2,
                3
            ],
            "Vertices": [
                [
                    [
                        0.6193599260483812,
                        2.1468273827164306,
                        0.07840890795621729
                    ],
                    [
                        0.6151618156804841,
                        2.131111633468381,
                        0.12840890795621734
                    ],
                    [
                        0.7367726930390754,
                        2.1210857815272557,
                        0.12840890795621734
                    ],
                    [
                        0.7454040079554718,
                        2.1364360482346534,
                        0.07840890795621729
                    ],
                    [
                        0.6193599260483812,
                        2.143883171279927,
                        0.07840890795621729
                    ],
                    [
                        0.6151618156804841,
                        2.1282709754183955,
                        0.12840890795621734
                    ],
                    [
                        0.7454040079554718,
                        2.1334918367981497,
                        0.07840890795621729
                    ],
                    [
                        0.7367726930390754,
                        2.11824512347727,
                        0.12840890795621734
                    ]
                ],
                [
                    [
                        0.7608236600701934,
                        1.5380641436157356,
                        0.1248924012329101
                    ],
                    [
                        0.7911071271056999,
                        1.5344024969550003,
                        0.17115315955687396
                    ],
                    [
                        0.8446167469521038,
                        1.4585686035152354,
                        0.09543629420100064
                    ],
                    [
                        0.8169338898878387,
                        1.4585446627992784,
                        0.04549563615805459
                    ],
                    [
                        0.7587776639916063,
                        1.5361574123613013,
                        0.12649966513847483
                    ],
                    [
                        0.7891559593288393,
                        1.5325841393238586,
                        0.1726859296214259
                    ],
                    [
                        0.8148878938092516,
                        1.4566379315448443,
                        0.04710290006361933
                    ],
                    [
                        0.8426655791752432,
                        1.4567502458840937,
                        0.09696906426555256
                    ]
                ],
                [
                    [
                        0.5833306616619893,
                        1.4047379222757053,
                        -0.07095192973185657
                    ],
                    [
                        0.6131526937767641,
                        1.4066876923515665,
                        -0.02809844915756502
                    ],
                    [
                        0.5315006434826304,
                        1.2907261268267785,
                        0.02536216575818215
                    ],
                    [
                        0.49863885476312264,
                        1.2844593195983978,
                        -0.015501073827697786
                    ],
                    [
                        0.5812376970422196,
                        1.4021631260910343,
                        -0.06947504787292513
                    ],
                    [
                        0.6111348498004117,
                        1.4042053106990067,
                        -0.026674575512172557
                    ],
                    [
                        0.49654589014335293,
                        1.2818845234137268,
                        -0.014024191968766652
                    ],
                    [
                        0.529482799506278,
                        1.2882437451742186,
                        0.026786039403574317
                    ]
                ]
            ],
            "Cut Time": [
                0.9164960384368896,
                1.006436824798584,
                0.8142397403717041
            ],
            "Rule Time": [
                2.159456968307495,
                2.0224177837371826,
                1.6937930583953857
            ],
            "Between Time": [
                1.2198691368103027,
                26.58196258544922,
                6.614021062850952
            ]
        }
    ],
    "Explanations": [
        {
            "Branch Num": 4,
            "Decision": "Canopy Cut",
            "Explanation": "Branch too long. Pruned back to ~6 inches"
        }
    ],
    "Reset Answer": ""
}