{
    "Pruning Time": 26.63577151298523,
    "Cut Data": [
        {
            "Rule": [
                "Vigor"
            ],
            "Sequence": [
                1
            ],
            "Vertices": [
                [
                    [
                        -0.5353451105195249,
                        1.3897195115498522,
                        -0.0034447228333132503
                    ],
                    [
                        -0.5341696396165138,
                        1.4033641930675385,
                        0.04655527716668621
                    ],
                    [
                        -0.45411505537211005,
                        1.4015934975008757,
                        0.04655527716668621
                    ],
                    [
                        -0.45253656587378077,
                        1.387887902226414,
                        -0.0034447228333132503
                    ],
                    [
                        -0.5353451105195249,
                        1.3866057757000074,
                        -0.0034447228333132503
                    ],
                    [
                        -0.5341696396165138,
                        1.4003540106042118,
                        0.04655527716668621
                    ],
                    [
                        -0.45253656587378077,
                        1.3847741663765691,
                        -0.0034447228333132503
                    ],
                    [
                        -0.45411505537211005,
                        1.398583315037549,
                        0.04655527716668621
                    ]
                ]
            ],
            "Cut Time": [
                0.5332319736480713
            ],
            "Rule Time": [
                1.0701885223388672
            ],
            "Between Time": [
                0.0005550384521484375
            ]
        }
    ],
    "Explanations": [],
    "Reset Answer": ""
}