{
    "Pruning Time": 16.725132942199707,
    "Cut Data": [
        {
            "Rule": [
                "Vigor"
            ],
            "Sequence": [
                1
            ],
            "Vertices": [
                [
                    [
                        0.07812354609677186,
                        1.661356000879477,
                        -0.010488378754984201
                    ],
                    [
                        0.0741577271323013,
                        1.6633177027252346,
                        0.06618918847498584
                    ],
                    [
                        0.1704664636677575,
                        1.490386872715627,
                        0.06618918847498584
                    ],
                    [
                        0.17958269687180017,
                        1.4791771478827274,
                        -0.010488378754984201
                    ],
                    [
                        0.07393495519226204,
                        1.6599457009464476,
                        -0.010488378754984201
                    ],
                    [
                        0.07018176345829301,
                        1.661978994450539,
                        0.06618918847498584
                    ],
                    [
                        0.17539410596729035,
                        1.4777668479496977,
                        -0.010488378754984201
                    ],
                    [
                        0.16649049999374918,
                        1.4890481644409315,
                        0.06618918847498584
                    ]
                ]
            ],
            "Cut Time": [
                0.8575425148010254
            ],
            "Rule Time": [
                1.235959529876709
            ],
            "Between Time": [
                9.03640627861023
            ]
        }
    ],
    "Explanations": [],
    "Reset Answer": ""
}