{
    "Pruning Time": 59.84895443916321,
    "Cut Data": [
        {
            "Rule": [
                "Vigor",
                "Canopy",
                "Vigor"
            ],
            "Sequence": [
                1,
                2,
                3
            ],
            "Vertices": [
                [
                    [
                        0.602983237158173,
                        2.0550732375797547,
                        -0.017998459593008113
                    ],
                    [
                        0.5995911639809123,
                        2.04337779627888,
                        0.03200154040699153
                    ],
                    [
                        0.6548100271782499,
                        2.0308588141228796,
                        0.03200154040699153
                    ],
                    [
                        0.6600828538003285,
                        2.0421278591263263,
                        -0.017998459593008113
                    ],
                    [
                        0.602983237158173,
                        2.0519293599553503,
                        -0.017998459593008113
                    ],
                    [
                        0.5995911639809123,
                        2.0403374720409944,
                        0.03200154040699153
                    ],
                    [
                        0.6600828538003285,
                        2.038983981501922,
                        -0.017998459593008113
                    ],
                    [
                        0.6548100271782499,
                        2.0278184898849934,
                        0.03200154040699153
                    ]
                ],
                [
                    [
                        0.8976515053856711,
                        2.0615057350776436,
                        0.03824774301766253
                    ],
                    [
                        0.8840496277936846,
                        2.04914024245224,
                        0.08824774301766282
                    ],
                    [
                        0.9618078240383319,
                        2.03710092374699,
                        0.08824774301766282
                    ],
                    [
                        0.9781636620316588,
                        2.0490400200749663,
                        0.03824774301766253
                    ],
                    [
                        0.8976515053856711,
                        2.058478347148422,
                        0.03824774301766253
                    ],
                    [
                        0.8840496277936846,
                        2.0462164079095366,
                        0.08824774301766282
                    ],
                    [
                        0.9781636620316588,
                        2.046012632145745,
                        0.03824774301766253
                    ],
                    [
                        0.9618078240383319,
                        2.034177089204287,
                        0.08824774301766282
                    ]
                ],
                [
                    [
                        0.8451460313802207,
                        1.4939077996086965,
                        0.4959878308872969
                    ],
                    [
                        0.5610686443212276,
                        1.2519168841420674,
                        -0.2697759245442835
                    ],
                    [
                        0.6528327674296244,
                        1.2831357897551199,
                        -0.312566237893607
                    ],
                    [
                        0.8873521966631457,
                        1.5082666824228446,
                        0.4763067727945134
                    ],
                    [
                        0.8451460313802207,
                        1.4924719113272817,
                        0.4959878308872969
                    ],
                    [
                        0.5610686443212276,
                        1.248794993580762,
                        -0.2697759245442835
                    ],
                    [
                        0.8873521966631457,
                        1.5068307941414298,
                        0.4763067727945134
                    ],
                    [
                        0.6528327674296244,
                        1.2800138991938148,
                        -0.312566237893607
                    ]
                ]
            ],
            "Cut Time": [
                0.6108214855194092,
                0.7945616245269775,
                0.8822131156921387
            ],
            "Rule Time": [
                1.975222110748291,
                1.409822940826416,
                6.019076108932495
            ],
            "Between Time": [
                7.916809320449829,
                5.261215925216675,
                5.914061784744263
            ]
        }
    ],
    "Explanations": [
        {
            "Branch Num": 1,
            "Decision": "Canopy Cut",
            "Explanation": "Branch too long. Pruned back to ~6 inches"
        },
        {
            "Branch Num": 2,
            "Decision": "Canopy Cut",
            "Explanation": "Branch too long. Pruned back to ~6 inches"
        },
        {
            "Branch Num": 3,
            "Decision": "Canopy Cut",
            "Explanation": "Branch too long. Pruned back to ~6 inches"
        },
        {
            "Branch Num": 4,
            "Decision": "Canopy Cut",
            "Explanation": "Branch too long. Pruned back to ~6 inches"
        }
    ],
    "Reset Answer": ""
}