{
    "Pruning Time": 104.01607275009155,
    "Cut Data": [
        {
            "Rule": [
                "Spacing",
                "Canopy",
                "Vigor",
                "Vigor",
                "Canopy",
                "Vigor",
                "Spacing",
                "Canopy",
                "Canopy"
            ],
            "Sequence": [
                1,
                2,
                3,
                4,
                5,
                6,
                7,
                8,
                9
            ],
            "Vertices": [
                [
                    [
                        -0.858547435539076,
                        2.2886295200168263,
                        0.149089594452188
                    ],
                    [
                        -0.8326534907898865,
                        2.2808325591495766,
                        0.1990895944521892
                    ],
                    [
                        -0.745557444957368,
                        2.2764445504128648,
                        0.1990895944521892
                    ],
                    [
                        -0.7690332781346487,
                        2.284119683766564,
                        0.149089594452188
                    ],
                    [
                        -0.858547435539076,
                        2.2847961592041033,
                        0.149089594452188
                    ],
                    [
                        -0.8326534907898865,
                        2.2771027517233717,
                        0.1990895944521892
                    ],
                    [
                        -0.7690332781346487,
                        2.2802863229538404,
                        0.149089594452188
                    ],
                    [
                        -0.745557444957368,
                        2.2727147429866594,
                        0.1990895944521892
                    ]
                ],
                [
                    [
                        -0.6419841367443692,
                        2.341704877044712,
                        0.07888686627056014
                    ],
                    [
                        -0.6226728290520441,
                        2.332811468555506,
                        0.1288868662705568
                    ],
                    [
                        -0.5422362011227732,
                        2.3214138155227833,
                        0.1288868662705568
                    ],
                    [
                        -0.5593980763067351,
                        2.330002655228112,
                        0.07888686627056014
                    ],
                    [
                        -0.6419841367443692,
                        2.337726121627068,
                        0.07888686627056014
                    ],
                    [
                        -0.6226728290520441,
                        2.3289362665243805,
                        0.1288868662705568
                    ],
                    [
                        -0.5593980763067351,
                        2.326023899810468,
                        0.07888686627056014
                    ],
                    [
                        -0.5422362011227732,
                        2.3175386134916574,
                        0.1288868662705568
                    ]
                ],
                [
                    [
                        -0.5506107731192985,
                        1.5950195252805148,
                        0.08953336992247894
                    ],
                    [
                        -0.5335832374671087,
                        1.605618518959432,
                        0.1395333699224774
                    ],
                    [
                        -0.4336095510817661,
                        1.6101516394311628,
                        0.1395333699224774
                    ],
                    [
                        -0.44795029609850184,
                        1.5996744732657964,
                        0.08953336992247894
                    ],
                    [
                        -0.5506107731192985,
                        1.5910628194930259,
                        0.08953336992247894
                    ],
                    [
                        -0.5335832374671087,
                        1.601765366558461,
                        0.1395333699224774
                    ],
                    [
                        -0.44795029609850184,
                        1.595717767478307,
                        0.08953336992247894
                    ],
                    [
                        -0.4336095510817661,
                        1.6062984870301915,
                        0.1395333699224774
                    ]
                ],
                [
                    [
                        0.1547256250214301,
                        1.6078127830226967,
                        0.012839073692082042
                    ],
                    [
                        0.1533486448207599,
                        1.6176808116203094,
                        0.0628390736920821
                    ],
                    [
                        0.25223881570802226,
                        1.624760796590304,
                        0.0628390736920821
                    ],
                    [
                        0.2561682470123739,
                        1.6150755092630174,
                        0.012839073692082042
                    ],
                    [
                        0.1547256250214301,
                        1.6036972381531818,
                        0.012839073692082042
                    ],
                    [
                        0.1533486448207599,
                        1.6136688201373128,
                        0.0628390736920821
                    ],
                    [
                        0.2561682470123739,
                        1.6109599643935024,
                        0.012839073692082042
                    ],
                    [
                        0.25223881570802226,
                        1.6207488051073071,
                        0.0628390736920821
                    ]
                ],
                [
                    [
                        0.5432255042818956,
                        1.6174251137838758,
                        -0.02179309170419595
                    ],
                    [
                        0.5569430179008698,
                        1.628267762489895,
                        0.027541679460102934
                    ],
                    [
                        0.6260755584685499,
                        1.6261793791330965,
                        -0.009216744394452279
                    ],
                    [
                        0.6143744958750524,
                        1.615275816670302,
                        -0.05962368158748053
                    ],
                    [
                        0.5432255042818956,
                        1.6137713086908005,
                        -0.02179309170419595
                    ],
                    [
                        0.5569430179008698,
                        1.6247175107833376,
                        0.027541679460102934
                    ],
                    [
                        0.6143744958750524,
                        1.6116220115772268,
                        -0.05962368158748053
                    ],
                    [
                        0.6260755584685499,
                        1.6226291274265392,
                        -0.009216744394452279
                    ]
                ],
                [
                    [
                        0.9467680230284253,
                        2.363266249904758,
