{
    "Pruning Time": 202.0491623878479,
    "Cut Data": [
        {
            "Rule": [
                "Vigor",
                "Canopy",
                "Vigor",
                "Spacing",
                "Canopy",
                "Canopy",
                "Vigor",
                "Spacing"
            ],
            "Sequence": [
                1,
                2,
                3,
                4,
                5,
                6,
                7,
                8
            ],
            "Vertices": [
                [
                    [
                        0.44791038676382394,
                        2.703719560365902,
                        0.026618000902929085
                    ],
                    [
                        0.44962321579392595,
                        2.696147447319367,
                        0.07649344558025424
                    ],
                    [
                        0.5385234232164096,
                        2.692564869306357,
                        0.07643091144842692
                    ],
                    [
                        0.5398332336511935,
                        2.7000151733942617,
                        0.026553340587820048
                    ],
                    [
                        0.44791038676382394,
                        2.700570831440008,
                        0.02656303963508644
                    ],
                    [
                        0.44962321579392595,
                        2.6931022560083084,
                        0.07644029156820106
                    ],
                    [
                        0.5398332336511935,
                        2.696866444468367,
                        0.026498379319977065
                    ],
                    [
                        0.5385234232164096,
                        2.6895196779952983,
                        0.07637775743637341
                    ]
                ],
                [
                    [
                        0.711428556612059,
                        2.7716414841635206,
                        -0.01763806706398105
                    ],
                    [
                        0.7046779951404807,
                        2.7621204277788998,
                        0.032203358680834515
                    ],
                    [
                        0.7494831284050635,
                        2.7621204277788998,
                        0.032203358680834515
                    ],
                    [
                        0.7577114247261414,
                        2.7716414841635206,
                        -0.01763806706398105
                    ],
                    [
                        0.711428556612059,
                        2.768398671169082,
                        -0.017694670575349018
                    ],
                    [
                        0.7046779951404807,
                        2.758981152399297,
                        0.03214856242525585
                    ],
                    [
                        0.7577114247261414,
                        2.768398671169082,
                        -0.017694670575349018
                    ],
                    [
                        0.7494831284050635,
                        2.758981152399297,
                        0.03214856242525585
                    ]
                ],
                [
                    [
                        0.7168129114912843,
                        2.0961352908284825,
                        0.018587428503096932
                    ],
                    [
                        0.702456422970537,
                        2.108805352237763,
                        0.06693684039311243
                    ],
                    [
                        0.7761976647730819,
                        2.105043865240049,
                        0.07861630570484479
                    ],
                    [
                        0.7929424938996614,
                        2.092251976317218,
                        0.03064516980498842
                    ],
                    [
                        0.7168129114912843,
                        2.0928344734939075,
                        0.018587428503096932
                    ],
                    [
                        0.702456422970537,
                        2.1056080882897064,
                        0.06693684039311243
                    ],
                    [
                        0.7929424938996614,
                        2.088951158982643,
                        0.03064516980498842
                    ],
                    [
                        0.7761976647730819,
                        2.1018466012919923,
                        0.07861630570484479
                    ]
                ],
                [
                    [
                        0.2986258051859826,
                        2.0221908501074024,
                        0.014861827784360663
                    ],
                    [
                        0.2973388472027068,
                        2.0377847718419018,
                        0.06528124995385955
                    ],
                    [
                        0.2757079095113816,
                        1.9926465659670878,
                        0.06185524599392402
                    ],
                    [
                        0.2762650967539863,
                        1.9755298003132034,
                        0.011320239494098739
                    ],
                    [
                        0.2939249744360743,
                        2.0221908501074024,
                        0.014117289336975931
                    ],
                    [
                        0.29279143416532594,
                        2.0377847718419018,
                        0.06456101048500934
                    ],
                    [
                        0.27156426600407796,
                        1.9755298003132034,
                        0.01057570104671401
                    ],
                    [
                        0.27116049647400065,
                        1.9926465659670878,
                        0.06113500652507382
                    ]
                ],
                [
                    [
                        0.6100519198273877,
                        2.126040843332803,
                        -0.003347036491556757
                    ],
                    [
                        0.5990789138315694,
                        2.1377362846336774,
                        0.045538266384517904
                    ],
                    [
                        0.650452749678453,
                        2.1377362846336774,
                        0.053675082622451124
                    ],
                    [
                        0.6630843255394326,
                        2.126040843332803,
                        0.00505247140620919
                    ],
                    [
                        0.6100519198273877,
                        2.1227297466331456,
                        -0.003347036491556757
                    ],
                    [
                        0.5990789138315694,
                        2.1345287413205383,
                        0.045538266384517904
                    ],
                    [
                        0.6630843255394326,
                        2.1227297466331456,
                        0.00505247140620919
                    ],
                    [
                        0.650452749678453,
                        2.1345287413205383,
                        0.053675082622451124
                    ]
                ],
                [
                    [
                        0.9886720230546651,
                        2.0303204590323625,
                        0.03522930683123036
                    ],
