{
    "Pruning Time": 131.96576118469238,
    "Cut Data": [
        {
            "Rule": [
                "Vigor",
                "Vigor",
                "Vigor",
                "Vigor",
                "Vigor",
                "Canopy",
                "Vigor",
                "Canopy",
                "Spacing"
            ],
            "Sequence": [
                1,
                2,
                3,
                4,
                5,
                6,
                7,
                8,
                9
            ],
            "Vertices": [
                [
                    [
                        -0.3571081536902357,
                        1.8928875667266905,
                        0.03338514424977759
                    ],
                    [
                        -0.34639457603136237,
                        1.8871007598330287,
                        0.08338514424977835
                    ],
                    [
                        -0.2530092044367004,
                        1.8890702415154819,
                        0.08338514424977835
                    ],
                    [
                        -0.2608344821624605,
                        1.8949179621659191,
                        0.03338514424977759
                    ],
                    [
                        -0.3571081536902357,
                        1.8894358944800027,
                        0.03338514424977759
                    ],
                    [
                        -0.34639457603136237,
                        1.883752640972859,
                        0.08338514424977835
                    ],
                    [
                        -0.2608344821624605,
                        1.8914662899192307,
                        0.03338514424977759
                    ],
                    [
                        -0.2530092044367004,
                        1.8857221226553118,
                        0.08338514424977835
                    ]
                ],
                [
                    [
                        0.1786533667851933,
                        1.3759718427522936,
                        0.005905166337859673
                    ],
                    [
                        0.17338054016311455,
                        1.3855353025660295,
                        0.05590516633786056
                    ],
                    [
                        0.10712046111988607,
                        1.3855353025660295,
                        0.05590516633786056
                    ],
                    [
                        0.11037819476537422,
                        1.3759718427522936,
                        0.005905166337859673
                    ],
                    [
                        0.1786533667851933,
                        1.372463257610121,
                        0.005905166337859673
                    ],
                    [
                        0.17338054016311455,
                        1.382130270810375,
                        0.05590516633786056
                    ],
                    [
                        0.11037819476537422,
                        1.372463257610121,
                        0.005905166337859673
                    ],
                    [
                        0.10712046111988607,
                        1.382130270810375,
                        0.05590516633786056
                    ]
                ],
                [
                    [
                        -0.025876224477865545,
                        1.5285948344168132,
                        0.025060057419885585
                    ],
                    [
                        -0.025103772170172487,
                        1.5337115899859457,
                        0.0750600574198858
                    ],
                    [
                        0.03165258230152178,
                        1.4862006156962162,
                        0.0750600574198858
                    ],
                    [
                        0.03262654390687389,
                        1.4796219299644744,
                        0.025060057419885585
                    ],
                    [
                        -0.029405567647952775,
                        1.5260458644124597,
                        0.025060057419885585
                    ],
                    [
                        -0.028527758035189706,
                        1.5312387113667085,
                        0.0750600574198858
                    ],
                    [
                        0.02909720073678666,
                        1.477072959960121,
                        0.025060057419885585
                    ],
                    [
                        0.02822859643650456,
                        1.483727737076979,
                        0.0750600574198858
                    ]
                ],
                [
                    [
                        -0.41124830427861847,
                        1.305944105888089,
                        0.04972478951965485
                    ],
                    [
                        -0.3987883127067003,
                        1.3178832022160645,
                        0.09972478951965406
                    ],
                    [
                        -0.27839938811599835,
                        1.319832777714962,
                        0.09972478951965406
                    ],
                    [
                        -0.28709787279828086,
                        1.3079545951437617,
                        0.04972478951965485
                    ],
                    [
                        -0.41124830427861847,
                        1.3025262741534447,
                        0.04972478951965485
                    ],
                    [
                        -0.3987883127067003,
                        1.3145689238679386,
                        0.09972478951965406
                    ],
                    [
                        -0.28709787279828086,
                        1.3045367634091176,
                        0.04972478951965485
                    ],
                    [
                        -0.27839938811599835,
                        1.3165184993668362,
                        0.09972478951965406
                    ]
                ],
                [
                    [
                        -0.5692704290831306,
                        1.2950193144943707,
                        0.054349670031501755
                    ],
                    [
                        -0.5519742143673949,
                        1.307323893362999,
                        0.10434967003150185
                    ],
                    [
                        -0.47266141463305084,
                        1.3131557167288952,
                        0.10434967003150185
                    ],
                    [
                        -0.48747234801099154,
                        1.3010338791305929,
                        0.054349670031501755
                    ],
                    [
                        -0.5692704290831306,
                        1.2916110612005114,
                        0.054349670031501755
                    ],
                    [
                        -0.5519742143673949,
                        1.304019193455658,
                        0.10434967003150185
                    ],
                    [
                        -0.48747234801099154,
                        1.2976256258367338,
                        0.054349670031501755
                    ],
                    [
                        -0.47266141463305084,
                        1.309851016821554,
                        0.10434967003150185
                    ]
                ],
                [
                    [
                        -0.60676401210668,
