{
    "Pruning Time": 117.81199622154236,
    "Cut Data": [
        {
            "Rule": [
                "Canopy",
                "Canopy",
                "Canopy",
                "Canopy",
                "Vigor",
                "Canopy",
                "Spacing"
            ],
            "Sequence": [
                1,
                2,
                3,
                4,
                5,
                6,
                7
            ],
            "Vertices": [
                [
                    [
                        -0.35196059947395125,
                        2.0119441300748586,
                        0.18013440764724803
                    ],
                    [
                        -0.3386274009455105,
                        2.0001268612604335,
                        0.2301344076472473
                    ],
                    [
                        -0.2652723468364075,
                        2.012503226673235,
                        0.2301344076472473
                    ],
                    [
                        -0.27571724543173515,
                        2.024807805541863,
                        0.18013440764724803
                    ],
                    [
                        -0.35196059947395125,
                        2.0092105990381204,
                        0.18013440764724803
                    ],
                    [
                        -0.3386274009455105,
                        1.9974968836102136,
                        0.2301344076472473
                    ],
                    [
                        -0.27571724543173515,
                        2.022074274505125,
                        0.18013440764724803
                    ],
                    [
                        -0.2652723468364075,
                        2.009873249023015,
                        0.2301344076472473
                    ]
                ],
                [
                    [
                        -0.24647863176606746,
                        1.490624696849753,
                        -0.04830705919186499
                    ],
                    [
                        -0.23851901450853455,
                        1.497386123851821,
                        0.0016929408081360231
                    ],
                    [
                        -0.11573707455055467,
                        1.5065128750296668,
                        0.0016929408081360231
                    ],
                    [
                        -0.11959933608902,
                        1.5000560168114758,
                        -0.04830705919186499
                    ],
                    [
                        -0.24647863176606746,
                        1.487418048062767,
                        -0.04830705919186499
                    ],
                    [
                        -0.23851901450853455,
                        1.494283028451353,
                        0.0016929408081360231
                    ],
                    [
                        -0.11959933608902,
                        1.49684936802449,
                        -0.04830705919186499
                    ],
                    [
                        -0.11573707455055467,
                        1.503409779629199,
                        0.0016929408081360231
                    ]
                ],
                [
                    [
                        -0.2701848730861845,
                        1.3976764195240707,
                        0.05807595527797119
                    ],
                    [
                        -0.2372380195392747,
                        1.4169308839344728,
                        0.09536183860538039
                    ],
                    [
                        -0.28616078331548733,
                        1.3728861809092483,
                        0.12524594555309435
                    ],
                    [
                        -0.3210098785324054,
                        1.3519191462560662,
                        0.08912203242358646
                    ],
                    [
                        -0.27286578462283784,
                        1.3959569962805796,
                        0.059591168198664585
                    ],
                    [
                        -0.2398185918512914,
                        1.4152758140248063,
                        0.09682034122901877
                    ],
                    [
                        -0.32369079006905876,
                        1.350199723012575,
                        0.09063724534427971
                    ],
                    [
                        -0.288741355627504,
                        1.3712311109995823,
                        0.12670444817673257
                    ]
                ],
                [
                    [
                        0.5019929671005677,
                        1.3544023045688265,
                        -0.12599974630499236
                    ],
                    [
                        0.4831942395750338,
                        1.3666982009001514,
                        -0.07759181827704256
                    ],
                    [
                        0.6927198633782193,
                        1.3748238867582296,
                        -0.06321518387358505
                    ],
                    [
                        0.7182192052750126,
                        1.3627878492759022,
                        -0.11116334816788936
                    ],
                    [
                        0.5019929671005677,
                        1.351062712404613,
                        -0.12588312517682934
                    ],
                    [
                        0.4831942395750338,
                        1.363462099040531,
                        -0.07747881110995089
                    ],
                    [
                        0.7182192052750126,
                        1.3594482571116888,
                        -0.11104672703972637
                    ],
                    [
                        0.6927198633782193,
                        1.3715877848986093,
                        -0.06310217670649337
                    ]
                ],
                [
                    [
                        0.08716797341044248,
                        1.68329648201418,
                        0.020709255542484845
                    ],
                    [
                        0.06330230252110773,
                        1.6773828421468144,
                        0.06427672166402715
                    ],
                    [
                        0.08709063867069831,
                        1.5583682474017786,
                        0.059332062523434884
                    ],
                    [
                        0.11165435824351908,
                        1.5607895042518973,
                        0.015619499545110653
                    ],
                    [
                        0.0824492429999017,
                        1.683722665856026,
                        0.018018436665500223
                    ],
                    [
                        0.05871809190894706,
                        1.6777968764993931,
                        0.06166261164330624
                    ],
                    [
                        0.10693562783297829,
                        1.5612156880937431,
                        0.012928680668126032
                    ],
                    [
                        0.08250642805853764,
                        1.558782281754357,
                        0.05671795250271398
                    ]
                ],
                [
                    [
                        0.06103837846696907,
                        1.9231569521554173,
                        0.08786683775199877
                    ],
