{
    "Pruning Time": 103.63182806968689,
    "Cut Data": [
        {
            "Rule": [
                "Vigor",
                "Canopy",
                "Canopy",
                "Spacing",
                "Canopy",
                "Canopy",
                "Canopy",
                "Vigor",
                "Vigor",
                "Canopy",
                "Canopy"
            ],
            "Sequence": [
                1,
                2,
                3,
                4,
                5,
                6,
                7,
                8,
                9,
                10,
                11
            ],
            "Vertices": [
                [
                    [
                        -0.8454002548499789,
                        2.151637639240949,
                        0.09885605351756795
                    ],
                    [
                        -0.8330746028098331,
                        2.139089405345219,
                        0.1488560535175687
                    ],
                    [
                        -0.740503459794566,
                        2.1193366244513228,
                        0.1488560535175687
                    ],
                    [
                        -0.7494034537745079,
                        2.131153893265748,
                        0.09885605351756795
                    ],
                    [
                        -0.8454002548499789,
                        2.1487357752277956,
                        0.09885605351756795
                    ],
                    [
                        -0.8330746028098331,
                        2.1362910947185836,
                        0.1488560535175687
                    ],
                    [
                        -0.7494034537745079,
                        2.128252029252595,
                        0.09885605351756795
                    ],
                    [
                        -0.740503459794566,
                        2.1165383138246874,
                        0.1488560535175687
                    ]
                ],
                [
                    [
                        -0.7527261357745798,
                        2.191919848812404,
                        0.1013017150247914
                    ],
                    [
                        -0.7436918022628651,
                        2.177909684754064,
                        0.15130171502479298
                    ],
                    [
                        -0.6929604233531237,
                        2.191054369441162,
                        0.15130171502479298
                    ],
                    [
                        -0.7001140034200205,
                        2.2055518435537045,
                        0.1013017150247914
                    ],
                    [
                        -0.7527261357745798,
                        2.1890230499298773,
                        0.1013017150247914
                    ],
                    [
                        -0.7436918022628651,
                        2.1751164392580558,
                        0.15130171502479298
                    ],
                    [
                        -0.7001140034200205,
                        2.202655044671178,
                        0.1013017150247914
                    ],
                    [
                        -0.6929604233531237,
                        2.1882611239451535,
                        0.15130171502479298
                    ]
                ],
                [
                    [
                        -0.42452617978306884,
                        2.145113987127581,
                        -0.08257444897113173
                    ],
                    [
                        -0.4269107064720344,
                        2.1342104246647864,
                        -0.03257444897113116
                    ],
                    [
                        -0.36308625296874064,
                        2.1491472034207546,
                        -0.03257444897113116
                    ],
                    [
                        -0.3586194635372981,
                        2.160538075937752,
                        -0.08257444897113173
                    ],
                    [
                        -0.42452617978306884,
                        2.1418363682554196,
                        -0.08257444897113173
                    ],
                    [
                        -0.4269107064720344,
                        2.1310363591791432,
                        -0.03257444897113116
                    ],
                    [
                        -0.3586194635372981,
                        2.1572604570655907,
                        -0.08257444897113173
                    ],
                    [
                        -0.36308625296874064,
                        2.1459731379351115,
                        -0.03257444897113116
                    ]
                ],
                [
                    [
                        -0.4179545831637517,
                        1.994325558608556,
                        0.0629841263602983
                    ],
                    [
                        -0.42080929821392166,
                        1.9875641316064883,
                        0.11298412636029713
                    ],
                    [
                        -0.44689564703757095,
                        1.9284222883071451,
                        0.11298412636029713
                    ],
                    [
                        -0.44498130870980995,
                        1.9330517338220743,
                        0.0629841263602983
                    ],
                    [
                        -0.42241881907984175,
                        1.994325558608556,
                        0.0629841263602983
                    ],
                    [
                        -0.42511820404639944,
                        1.9875641316064883,
                        0.11298412636029713
                    ],
                    [
                        -0.4494455446258999,
                        1.9330517338220743,
                        0.0629841263602983
                    ],
                    [
                        -0.45120455287004874,
                        1.9284222883071451,
                        0.11298412636029713
                    ]
                ],
                [
                    [
                        -0.7294336948578058,
                        2.0500203318450407,
                        0.09435034301821829
                    ],
                    [
                        -0.7212725683026139,
                        2.0411269233558342,
                        0.1443503430182194
                    ],
                    [
                        -0.6684585396542534,
                        1.991580295269019,
                        0.1443503430182194
                    ],
                    [
                        -0.6746717429987411,
                        1.9986462910549638,
                        0.09435034301821829
                    ],
                    [
                        -0.7325733686788141,
                        2.0479969865436787,
                        0.09435034301821829
                    ],
                    [
                        -0.7243005615990542,
                        2.0391755499463056,
                        0.1443503430182194
                    ],
                    [
                        -0.6778114168197493,
                        1.996622945753602,
                        0.09435034301821829
                    ],
                    [
                        -0.6714865329506937,
                        1.9896289218594905,
                        0.1443503430182194
                    ]
                ],
                [
                    [
