{
    "Pruning Time": 94.8130316734314,
    "Cut Data": [
        {
            "Rule": [
                "Spacing"
            ],
            "Sequence": [
                1
            ],
            "Vertices": [
                [
                    [
                        -0.9094247146061684,
                        2.4814106499901136,
                        0.004254664420565402
                    ],
                    [
                        -0.8841352977499566,
                        2.469349726148587,
                        0.05425466442056561
                    ],
                    [
                        0.9220731770049436,
                        1.3291617550502524,
                        0.05425466442056561
                    ],
                    [
                        0.9431980683762016,
                        1.3119231618828175,
                        0.004254664420565402
                    ],
                    [
                        -0.9129668164974082,
                        2.4780182836056115,
                        0.004254664420565402
                    ],
                    [
                        -0.8875886583116267,
                        2.46604234972558,
                        0.05425466442056561
                    ],
                    [
                        0.9396559664849616,
                        1.3085307954983159,
                        0.004254664420565402
                    ],
                    [
                        0.9186198164432734,
                        1.3258543786272456,
                        0.05425466442056561
                    ]
                ]
            ],
            "Cut Time": [
                0.9511802196502686
            ],
            "Rule Time": [
                10.011008977890015
            ],
            "Between Time": [
                9.321956872940063
            ]
        }
    ],
    "Explanations": [],
    "Reset Answer": ""
}