{
    "Pruning Time": 9.97817349433899,
    "Cut Data": [
        {
            "Rule": [
                "Vigor"
            ],
            "Sequence": [
                1
            ],
            "Vertices": [
                [
                    [
                        -0.025900626554947057,
                        1.5120934982602054,
                        0.023480537439267753
                    ],
                    [
                        -0.025128174247253974,
                        1.5176975638835413,
                        0.0734805374392696
                    ],
                    [
                        0.01857299835666604,
                        1.4859927923850265,
                        0.0734805374392696
                    ],
                    [
                        0.01914394136670006,
                        1.4794141066532844,
                        0.023480537439267753
                    ],
                    [
                        -0.025900626554947057,
                        1.50862131290197,
                        0.023480537439267753
                    ],
                    [
                        -0.025128174247253974,
                        1.514328931911824,
                        0.0734805374392696
                    ],
                    [
                        0.01914394136670006,
                        1.4759419212950493,
                        0.023480537439267753
                    ],
                    [
                        0.01857299835666604,
                        1.4826241604133095,
                        0.0734805374392696
                    ]
                ]
            ],
            "Cut Time": [
                0.6856770515441895
            ],
            "Rule Time": [
                0.8888423442840576
            ],
            "Between Time": [
                3.0042264461517334
            ]
        }
    ],
    "Explanations": [],
    "Reset Answer": ""
}