{
    "Pruning Time": 36.5470404624939,
    "Cut Data": [
        {
            "Rule": [
                "Canopy"
            ],
            "Sequence": [
                1
            ],
            "Vertices": [
                [
                    [
                        -0.05189361404651749,
                        2.0838650940425336,
                        -0.014850961027546227
                    ],
                    [
                        -0.04953077595348877,
                        2.066386815000825,
                        0.054123760077222194
                    ],
                    [
                        0.1835552285335172,
                        1.40054923773971,
                        0.054123760077222194
                    ],
                    [
                        0.1923116285253295,
                        1.3862641058306218,
                        -0.014850961027546227
                    ],
                    [
                        -0.056379053570365635,
                        2.082915794695844,
                        -0.014850961027546227
                    ],
                    [
                        -0.05381198288406592,
                        2.0654807394823322,
                        0.054123760077222194
                    ],
                    [
                        0.18782618900148132,
                        1.3853148064839325,
                        -0.014850961027546227
                    ],
                    [
                        0.17927402160294004,
                        1.3996431622212173,
                        0.054123760077222194
                    ]
                ]
            ],
            "Cut Time": [
                0.7406280040740967
            ],
            "Rule Time": [
                6.895784139633179
            ],
            "Between Time": [
                3.8597424030303955
            ]
        }
    ],
    "Explanations": [],
    "Reset Answer": ""
}