{
    "Pruning Time": 15.01203203201294,
    "Cut Data": [
        {
            "Rule": [
                "Vigor"
            ],
            "Sequence": [
                1
            ],
            "Vertices": [
                [
                    [
                        0.5614216747944186,
                        1.3822302052687174,
                        0.0009435595599849469
                    ],
                    [
                        0.5593729969348848,
                        1.392829198947635,
                        0.05094355955998494
                    ],
                    [
                        0.6177726660511651,
                        1.3857678012222934,
                        0.05094355955998494
                    ],
                    [
                        0.6218364368872894,
                        1.3749251525162742,
                        0.0009435595599849469
                    ],
                    [
                        0.5614216747944186,
                        1.379125557848929,
                        0.0009435595599849469
                    ],
                    [
                        0.5593729969348848,
                        1.3898281049143648,
                        0.05094355955998494
                    ],
                    [
                        0.6218364368872894,
                        1.3718205050964858,
                        0.0009435595599849469
                    ],
                    [
                        0.6177726660511651,
                        1.382766707189023,
                        0.05094355955998494
                    ]
                ]
            ],
            "Cut Time": [
                0.6160404682159424
            ],
            "Rule Time": [
                1.0220119953155518
            ],
            "Between Time": [
                9.11171817779541
            ]
        }
    ],
    "Explanations": [],
    "Reset Answer": ""
}