{
    "Pruning Time": 9.34649395942688,
    "Cut Data": [
        {
            "Rule": [
                "Vigor"
            ],
            "Sequence": [
                1
            ],
            "Vertices": [
                [
                    [
                        0.08606705057222983,
                        2.388184573159248,
                        0.04314678732108371
                    ],
                    [
                        0.10027345605719369,
                        2.3920221398360972,
                        0.09314678732108488
                    ],
                    [
                        0.07381401579620409,
                        2.222342645292822,
                        0.09314678732108488
                    ],
                    [
                        0.05866723358883125,
                        2.212474616695209,
                        0.04314678732108371
                    ],
                    [
                        0.08154118794550774,
                        2.388184573159248,
                        0.04314678732108371
                    ],
                    [
                        0.0959029235140838,
                        2.3920221398360972,
                        0.09314678732108488
                    ],
                    [
                        0.05414137096210917,
                        2.212474616695209,
                        0.04314678732108371
                    ],
                    [
                        0.0694434832530942,
                        2.222342645292822,
                        0.09314678732108488
                    ]
                ]
            ],
            "Cut Time": [
                0.4115574359893799
            ],
            "Rule Time": [
                0.6518054008483887
            ],
            "Between Time": [
                3.4576053619384766
            ]
        }
    ],
    "Explanations": [],
    "Reset Answer": ""
}