{
    "Pruning Time": 10.016279935836792,
    "Cut Data": [
        {
            "Rule": [
                "Canopy"
            ],
            "Sequence": [
                1
            ],
            "Vertices": [
                [
                    [
                        -0.6885582049906714,
                        2.1127773477825977,
                        0.08935243291156084
                    ],
                    [
                        -0.6818748132849793,
                        2.1016910440494776,
                        0.13935243291155983
                    ],
                    [
                        -0.7275720025525623,
                        2.0635652527685,
                        0.13935243291155983
                    ],
                    [
                        -0.735934638405413,
                        2.0732505400957866,
                        0.08935243291156084
                    ],
                    [
                        -0.6915252834283382,
                        2.110627290996792,
                        0.08935243291156084
                    ],
                    [
                        -0.6847367244751037,
                        2.099617195412183,
                        0.13935243291155983
                    ],
                    [
                        -0.7389017168430797,
                        2.07110048330998,
                        0.08935243291156084
                    ],
                    [
                        -0.7304339137426864,
                        2.061491404131205,
                        0.13935243291155983
                    ]
                ]
            ],
            "Cut Time": [
                0.2481987476348877
            ],
            "Rule Time": [
                0.8663363456726074
            ],
            "Between Time": [
                5.041886329650879
            ]
        }
    ],
    "Explanations": [],
    "Reset Answer": ""
}