{
    "Vigor Manipulation": {
        "Total Time": 25.651416063308716,
        "Answers": [
            "Strong"
        ],
        "Submit Times": [
            25.65142059326172
        ]
    },
    "Vigor Bins": {
        "Total Time": 23.60226607322693,
        "Answers": [
            [
                "Heading Cut",
                "Heading Cut",
                "Don't Prune"
            ],
            [
                "Don't Prune",
                "Heading Cut",
                "Thinning Cut"
            ]
        ],
        "Submit Times": [
            15.298991203308105,
            8.303273439407349
        ]
    },
    "Canopy Spacing Manipulation": {
        "Total Time": 15.18359899520874,
        "Answers": [
            "Too Close"
        ],
        "Submit Times": [
            15.183602333068848
        ]
    },
    "Canopy Rotation Manipulation": {
        "Total Time": 18.457326412200928,
        "Answers": [
            "Too Much Angle",
            "Good Angle"
        ],
        "Submit Times": [
            14.556591272354126,
            3.9007349014282227
        ]
    },
    "Bud Spacing Bins": {
        "Total Time": 58.32436442375183,
        "Answers": [
            [
                "Heading Cut",
                "Heading Cut",
                "Don't Prune"
            ],
            [
                "Heading Cut",
                "Heading Cut",
                "Don't Prune"
            ],
            [
                "Heading Cut",
                "Heading Cut",
                "Don't Prune"
            ]
        ],
        "Submit Times": [
            41.240236043930054,
            3.8147635459899902,
            13.269362211227417
        ]
    },
    "Bud Spacing Manipulation": {
        "Total Time": 12.520108461380005,
        "Answers": [
            "Too Close"
        ],
        "Submit Times": [
            12.520111560821533
        ]
    }
}