{
    "Pruning Time": 186.39191198349,
    "Cut Data": [
        {
            "Rule": [
                "Vigor",
                "Vigor",
                "Vigor",
                "Vigor",
                "Vigor",
                "Vigor",
                "Vigor",
                "Canopy"
            ],
            "Sequence": [
                1,
                2,
                3,
                4,
                5,
                6,
                7,
                8
            ],
            "Vertices": [
                [
                    [
                        -0.37280341868136585,
                        1.2885379697506596,
                        0.04391811478817379
                    ],
                    [
                        -0.3658861690755528,
                        1.3012080311599399,
                        0.09471428758862772
                    ],
                    [
                        -0.3090205844319852,
                        1.310794376564749,
                        0.09968938158971344
                    ],
                    [
                        -0.31413115159230093,
                        1.2984288839393456,
                        0.04905127302183181
                    ],
                    [
                        -0.37280341868136585,
                        1.2851750589265063,
                        0.04391811478817379
                    ],
                    [
                        -0.3658861690755528,
                        1.297948673722305,
                        0.09471428758862772
                    ],
                    [
                        -0.31413115159230093,
                        1.2950659731151923,
                        0.04905127302183181
                    ],
                    [
                        -0.3090205844319852,
                        1.307535019127114,
                        0.09968938158971344
                    ]
                ],
                [
                    [
                        -0.4811943723229932,
                        1.307811207500699,
                        0.056678001584921686
                    ],
                    [
                        -0.4707975861554814,
                        1.3200548726125518,
                        0.10777859438884994
                    ],
                    [
                        -0.5642391313181044,
                        1.2973715814252416,
                        0.0996035184847746
                    ],
                    [
                        -0.5776470548947784,
                        1.2843969512320836,
                        0.048239485293225824
                    ],
                    [
                        -0.4811943723229932,
                        1.3044941878626448,
                        0.056678001584921686
                    ],
                    [
                        -0.4707975861554814,
                        1.316841406361016,
                        0.10777859438884994
                    ],
                    [
                        -0.5776470548947784,
                        1.28107993159403,
                        0.048239485293225824
                    ],
                    [
                        -0.5642391313181044,
                        1.2941581151737058,
                        0.0996035184847746
                    ]
                ],
                [
                    [
                        0.19087622917618488,
                        1.363084233336554,
                        -0.011056178683971315
                    ],
                    [
                        0.18359312439097286,
                        1.3728913481773917,
                        0.03871996690758183
                    ],
                    [
                        0.10746609542460636,
                        1.3708596174207295,
                        0.036061552476955736
                    ],
                    [
                        0.11246681938190377,
                        1.3609915888231165,
                        -0.0137942956093814
                    ],
                    [
                        0.19087622917618488,
                        1.3595267376637103,
                        -0.011056178683971315
                    ],
                    [
                        0.18359312439097286,
                        1.369437405891066,
                        0.03871996690758183
                    ],
                    [
                        0.11246681938190377,
                        1.3574340931502726,
                        -0.0137942956093814
                    ],
                    [
                        0.10746609542460636,
                        1.3674056751344037,
                        0.036061552476955736
                    ]
                ],
                [
                    [
                        -0.02489948219059303,
                        1.5245760384226654,
                        0.048753150968399786
                    ],
                    [
                        0.004962318024324287,
                        1.5298146215053485,
                        0.08888242279147582
                    ],
                    [
                        0.06216241184273681,
                        1.504088924756157,
                        0.04883048591352069
                    ],
                    [
                        0.03406132366110651,
                        1.498058462835394,
                        0.007468350252120546
                    ],
                    [
                        -0.02489948219059303,
                        1.521108355461253,
                        0.048753150968399786
                    ],
                    [
                        0.004962318024324287,
                        1.5264504919304545,
                        0.08888242279147582
                    ],
                    [
                        0.03406132366110651,
                        1.4945907798739813,
                        0.007468350252120546
                    ],
                    [
                        0.06216241184273681,
                        1.5007247951812628,
                        0.04883048591352069
                    ]
                ],
                [
                    [
                        -0.2873937273718952,
                        1.8985927994194665,
                        0.06836576835082313
                    ],
                    [
                        -0.26767063157129345,
                        1.8927450787690294,
                        0.11512753828961
                    ],
                    [
                        -0.34101611322321174,
                        1.8847140338203199,
                        0.13206067696582147
                    ],
                    [
                        -0.36296444813451545,
                        1.8903180994436553,
                        0.08581264395534421
                    ],
                    [
                        -0.2873937273718952,
                        1.8950760519297467,
                        0.06836576835082313
                    ],
                    [
                        -0.26767063157129345,
                        1.8893318846658278,
                        0.11512753828961
                    ],
                    [
                        -0.36296444813451545,
                        1.8868013519539357,
                        0.08581264395534421
                    ],
                    [
                        -0.34101611322321174,
                        1.8813008397171185,
                        0.13206067696582147
                    ]
                ],
                [
                    [
                        0.532458850136771,
                        1.3520893187340417,
