{
    "Pruning Time": 154.47194385528564,
    "Cut Data": [
        {
            "Rule": [
                "Vigor",
                "Vigor",
                "Canopy",
                "Spacing",
                "Canopy",
                "Canopy",
                "Canopy",
                "Canopy",
                "Canopy"
            ],
            "Sequence": [
                1,
                2,
                3,
                4,
                5,
                6,
                7,
                8,
                9
            ],
            "Vertices": [
                [
                    [
                        -0.23723299003658768,
                        2.0005903644730867,
                        0.06887695949922994
                    ],
                    [
                        -0.20822074788091277,
                        1.9908441633890248,
                        0.1103568405563032
                    ],
                    [
                        -0.26046722412094,
                        1.9617597470501222,
                        0.13583914965629637
                    ],
                    [
                        -0.2912302480610438,
                        1.9705313280257781,
                        0.0952131819309566
                    ],
                    [
                        -0.23723299003658768,
                        1.9973965918505603,
                        0.06887695949922994
                    ],
                    [
                        -0.20822074788091277,
                        1.9877539441530163,
                        0.1103568405563032
                    ],
                    [
                        -0.2912302480610438,
                        1.9673375554032517,
                        0.0952131819309566
                    ],
                    [
                        -0.26046722412094,
                        1.9586695278141142,
                        0.13583914965629637
                    ]
                ],
                [
                    [
                        0.5699975134950142,
                        1.3061641927427505,
                        -0.11636643389717012
                    ],
                    [
                        0.5523654499498466,
                        1.318346944097828,
                        -0.06636643389717017
                    ],
                    [
                        0.6218056779435416,
                        1.3259800052158714,
                        -0.06636643389717017
                    ],
                    [
                        0.6416543437629587,
                        1.3140409088878955,
                        -0.11636643389717012
                    ],
                    [
                        0.5699975134950142,
                        1.3028165883810638,
                        -0.11636643389717012
                    ],
                    [
                        0.5523654499498466,
                        1.3151028931226596,
                        -0.06636643389717017
                    ],
                    [
                        0.6416543437629587,
                        1.3106933045262088,
                        -0.11636643389717012
                    ],
                    [
                        0.6218056779435416,
                        1.322735954240703,
                        -0.06636643389717017
                    ]
                ],
                [
                    [
                        -0.15940353050628503,
                        1.4932174842960315,
                        -0.032010412621173115
                    ],
                    [
                        -0.17897354544163463,
                        1.500344393838752,
                        0.014309454356763104
                    ],
                    [
                        -0.23493026846546755,
                        1.5020508520110705,
                        -0.016707863704982985
                    ],
                    [
                        -0.21735768556303484,
                        1.4949848562251256,
                        -0.06413492533842674
                    ],
                    [
                        -0.15940353050628503,
                        1.4902129520165721,
                        -0.032010412621173115
                    ],
                    [
                        -0.17897354544163463,
                        1.4974434149458105,
                        0.014309454356763104
                    ],
                    [
                        -0.21735768556303484,
                        1.491980323945666,
                        -0.06413492533842674
                    ],
                    [
                        -0.23493026846546755,
                        1.4991498731181292,
                        -0.016707863704982985
                    ]
                ],
                [
                    [
                        -0.4690186574681741,
                        1.3793844151104016,
                        -0.036958172116803946
                    ],
                    [
                        -0.4817739042912191,
                        1.4084079084570702,
                        0.007436474723612488
                    ],
                    [
                        -0.5066437551221407,
                        1.4050728739832223,
                        -0.005939617956780043
                    ],
                    [
                        -0.495180964320395,
                        1.375876062934881,
                        -0.05102940413051062
                    ],
                    [
                        -0.4690186574681741,
                        1.3773505193751248,
                        -0.03645106495513626
                    ],
                    [
                        -0.4817739042912191,
                        1.4064744901301733,
                        0.00791853005371804
                    ],
                    [
                        -0.495180964320395,
                        1.3738421671996042,
                        -0.05052229696884293
                    ],
                    [
                        -0.5066437551221407,
                        1.4031394556563257,
                        -0.00545756262667449
                    ]
                ],
                [
                    [
                        -0.2938459769240248,
                        1.374869864119979,
                        0.04127163740844927
                    ],
                    [
                        -0.28877237107756,
                        1.4038749351568265,
                        0.0865995604124585
                    ],
                    [
                        -0.24282105485391103,
                        1.3780816435212526,
                        0.0988453880193344
                    ],
                    [
                        -0.24569458064334998,
                        1.3478416283914811,
                        0.0541037768625971
                    ],
                    [
                        -0.2957176716053129,
                        1.3729845309097493,
                        0.04150485308521832
                    ],
                    [
                        -0.29055854636669715,
                        1.402075744495247,
                        0.08682212025784825
                    ],
                    [
                        -0.24756627532463818,
                        1.3459562951812514,
                        0.05433699253936627
                    ],
                    [
                        -0.24460723014304825,
                        1.376282452859673,
                        0.09906794786472425
                    ]
                ],
                [
                    [
                        0.07591943023749188,
