{
    "Pruning Time": 189.21797275543213,
    "Cut Data": [
        {
            "Rule": [
                "Vigor",
                "Canopy",
                "Vigor",
                "Canopy"
            ],
            "Sequence": [
                1,
                2,
                3,
                4
            ],
            "Vertices": [
                [
                    [
                        0.4462058257454362,
                        2.7000716915426874,
                        0.02674491478686768
                    ],
                    [
                        0.4395451013990377,
                        2.695731244453772,
                        0.07660871403129697
                    ],
                    [
                        0.5149924648788988,
                        2.691415333270176,
                        0.08880098889783679
                    ],
                    [
                        0.5244395865987684,
                        2.695596386537606,
                        0.03938747076460673
                    ],
                    [
                        0.4462058257454362,
                        2.6971682046580767,
                        0.02689708008666768
                    ],
                    [
                        0.4395451013990377,
                        2.6929311690393622,
                        0.07675545976559135
                    ],
                    [
                        0.5244395865987684,
                        2.6926928996529944,
                        0.03953963606440673
                    ],
                    [
                        0.5149924648788988,
                        2.6886152578557665,
                        0.08894773463213117
                    ]
                ],
                [
                    [
                        1.0021205472688368,
                        2.667981968920972,
                        0.08763671243353124
                    ],
                    [
                        1.0050009420774164,
                        2.6751658347693645,
                        0.14033605994657142
                    ],
                    [
                        0.9748591553298518,
                        2.6674296318892594,
                        0.15501663747722239
                    ],
                    [
                        0.9677438073950221,
                        2.6591588213004376,
                        0.10437992673582659
                    ],
                    [
                        1.001703031454728,
                        2.667267233973484,
                        0.08800286306910324
                    ],
                    [
                        1.004634861038935,
                        2.674539149736191,
                        0.14065710360619146
                    ],
                    [
                        0.9673262915809132,
                        2.65844408635295,
                        0.10474607737139854
                    ],
                    [
                        0.9744930742913706,
                        2.666802946856086,
                        0.1553376811368424
                    ]
                ],
                [
                    [
                        0.7313389807786587,
                        2.0901708904921183,
                        0.013609293024143855
                    ],
                    [
                        0.7147268372412912,
                        2.1090387167716567,
                        0.060134045573016895
                    ],
                    [
                        0.7620269939323833,
                        2.0980436063353562,
                        0.06861621866391586
                    ],
                    [
                        0.7803640501295187,
                        2.07877481721523,
                        0.022400788721358457
                    ],
                    [
                        0.7313389807786587,
                        2.087238919702039,
                        0.0138658072300648
                    ],
                    [
                        0.7147268372412912,
                        2.1062099053161965,
                        0.06038153450662213
                    ],
                    [
                        0.7803640501295187,
                        2.0758428464251506,
                        0.022657302927279403
                    ],
                    [
                        0.7620269939323833,
                        2.0952147948798956,
                        0.06886370759752078
                    ]
                ],
                [
                    [
                        0.24176737726028885,
                        2.0133518023545816,
                        -0.012908512111427201
                    ],
                    [
                        0.23847178195339824,
                        2.0353556737576675,
                        0.035913865281459144
                    ],
                    [
                        0.32127565225118865,
                        2.041922259928676,
                        0.054529166180288184
                    ],
                    [
                        0.32764731338757913,
                        2.0201623294339615,
                        0.006398325194997455
                    ],
                    [
                        0.24176737726028885,
                        2.0104717219014794,
                        -0.012656537721738083
                    ],
                    [
                        0.23847178195339824,
                        2.0325787526391834,
                        0.03615681439883209
                    ],
                    [
                        0.32764731338757913,
                        2.017282248980859,
                        0.006650299584686574
                    ],
                    [
                        0.32127565225118865,
                        2.039145338810192,
                        0.05477211529766113
                    ]
                ]
            ],
            "Cut Time": [
                0.9932098388671875,
                1.220869779586792,
                0.7872805595397949,
                0.7519400119781494
            ],
            "Rule Time": [
                2.283815383911133,
                6.166067361831665,
                1.221484899520874,
                1.6192116737365723
            ],
            "Between Time": [
                2.2042951583862305,
                26.061540365219116,
                21.429853916168213,
                7.175336599349976
            ]
        },
        {
            "Rule": [
                "Vigor",
                "Canopy",
                "Vigor",
                "Canopy"
            ],
            "Sequence": [
                1,
                2,
                3,
                4
            ],