{
    "Pruning Time": 153.9261622428894,
    "Cut Data": [
        {
            "Rule": [
                "Vigor",
                "Canopy",
                "Canopy",
                "Canopy",
                "Canopy",
                "Vigor"
            ],
            "Sequence": [
                1,
                2,
                3,
                4,
                5,
                6
            ],
            "Vertices": [
                [
                    [
                        0.7372585354423342,
                        1.3674721027258778,
                        0.07518788139351168
                    ],
                    [
                        0.7725426302062383,
                        1.3834638246791562,
                        0.11119450205627976
                    ],
                    [
                        0.7354010242076875,
                        1.3799534151941522,
                        0.1482361613085685
                    ],
                    [
                        0.6980745929749785,
                        1.3637686634264943,
                        0.11426638125950327
                    ],
                    [
                        0.7372585354423342,
                        1.3654865542116927,
                        0.0751185445115331
                    ],
                    [
                        0.7725426302062383,
                        1.381581766469564,
                        0.11112877913537252
                    ],
                    [
                        0.6980745929749785,
                        1.361783114912309,
                        0.11419704437752469
                    ],
                    [
                        0.7354010242076875,
                        1.3780713569845602,
                        0.14817043838766128
                    ]
                ],
                [
                    [
                        1.0544881102351384,
                        1.4728495772613914,
                        0.08519691191488424
                    ],
                    [
                        1.0329264916577678,
                        1.4796065611654143,
                        0.14248393793004044
                    ],
                    [
                        1.1237985044448828,
                        1.462448594511559,
                        0.14188476853157397
                    ],
                    [
                        1.1490367045203487,
                        1.4549974181844822,
                        0.08457350078282938
                    ],
                    [
                        1.0544881102351384,
                        1.4698147102183172,
                        0.08509093202243488
                    ],
                    [
                        1.0329264916577678,
                        1.4766897068342588,
                        0.1423820791323011
                    ],
                    [
                        1.1490367045203487,
                        1.4519625511414076,
                        0.08446752089038002
                    ],
                    [
                        1.1237985044448828,
                        1.4595317401804035,
                        0.14178290973383464
                    ]
                ],
                [
                    [
                        0.5752033083688917,
                        1.4793518604748228,
                        0.08391284589147988
                    ],
                    [
                        0.5626724106043368,
                        1.4845399189528259,
                        0.13257705664333264
                    ],
                    [
                        0.6515996807134776,
                        1.4745170352022239,
                        0.15114064625524953
                    ],
                    [
                        0.6670214640731503,
                        1.469003148547773,
                        0.10307990858580343
                    ],
                    [
                        0.5752033083688917,
                        1.4760648784797379,
                        0.0837980619509063
                    ],
                    [
                        0.5626724106043368,
                        1.481356427262334,
                        0.13246588666383036
                    ],
                    [
                        0.6670214640731503,
                        1.465716166552688,
                        0.1029651246452295
                    ],
                    [
                        0.6515996807134776,
                        1.471333543511732,
                        0.15102947627574695
                    ]
                ],
                [
                    [
                        0.43689648680597043,
                        2.1071419890409033,
                        -0.09650238321404744
                    ],
                    [
                        0.43491630135229753,
                        2.103957044800817,
                        -0.043902121690503094
                    ],
                    [
                        0.48595979613408513,
                        2.1097264013390205,
                        -0.04175279567191233
                    ],
                    [
                        0.4904192089051241,
                        2.1131915682870988,
                        -0.09424866254532553
                    ],
                    [
                        0.43689648680597043,
                        2.1049826047938884,
                        -0.09592377794891135
                    ],
                    [
                        0.43491630135229753,
                        2.10189768544424,
                        -0.043350318013982765
                    ],
                    [
                        0.4904192089051241,
                        2.111032184040084,
                        -0.09367005728018944
                    ],
                    [
                        0.48595979613408513,
                        2.1076670419824435,
                        -0.041200991995392
                    ]
                ],
                [
                    [
                        0.9465555592897158,
                        2.111619416744205,
                        0.07271427101954016
                    ],
                    [
                        0.9175048917761548,
                        2.1077680258309797,
                        0.12353337774854067
                    ],
                    [
                        0.9307834129394383,
                        2.049708923172192,
                        0.14005154687466032
                    ],
                    [
                        0.960571148033838,
                        2.050337554425953,
                        0.09014933494199717
                    ],
                    [
                        0.9436091002923719,
                        2.1115660905781066,
                        0.07251525505828721
                    ],
                    [
                        0.9147133844861461,
                        2.107717504041419,
                        0.12334482786301149
                    ],
                    [
                        0.9576246890364942,
                        2.0502842282598546,
                        0.08995031898074433
                    ],
                    [
                        0.9279919056494299,
                        2.0496584013826316,
                        0.1398629969891312
                    ]
                ],
                [
                    [
                        0.6650350328242296,
                        2.054748229574771,
                        -0.027936239938178974
                    ],
                    [
                        0.6781291381137654,
                        2.0394892705638017,
