{
    "Pruning Time": 196.45972514152527,
    "Cut Data": [
        {
            "Rule": [
                "Vigor",
                "Spacing",
                "Canopy",
                "Canopy",
                "Spacing",
                "Canopy",
                "Vigor",
                "Vigor",
                "Spacing",
                "Spacing"
            ],
            "Sequence": [
                1,
                2,
                3,
                4,
                5,
                6,
                7,
                8,
                9,
                10
            ],
            "Vertices": [
                [
                    [
                        0.23517927518944048,
                        1.6215447157934781,
                        0.01750793236181879
                    ],
                    [
                        0.23528328861916076,
                        1.6311690893639896,
                        0.06762275393833873
                    ],
                    [
                        0.15567997298490147,
                        1.6288347165118628,
                        0.07318916002077572
                    ],
                    [
                        0.15349876910009075,
                        1.6191494291845763,
                        0.023219589750579743
                    ],
                    [
                        0.23517927518944048,
                        1.6174727285583448,
                        0.01750793236181879
                    ],
                    [
                        0.23528328861916076,
                        1.6272006555153744,
                        0.06762275393833873
                    ],
                    [
                        0.15349876910009075,
                        1.6150774419494427,
                        0.023219589750579743
                    ],
                    [
                        0.15567997298490147,
                        1.6248662826632476,
                        0.07318916002077572
                    ]
                ],
                [
                    [
                        0.9278278624475863,
                        1.7759463328199168,
                        0.5317107688336108
                    ],
                    [
                        0.2654870938511562,
                        1.5095653546345935,
                        -0.43344182389376357
                    ],
                    [
                        0.2252338403127006,
                        1.4166408955127272,
                        -0.39318857035530796
                    ],
                    [
                        0.9094382785214732,
                        1.7334940590384276,
                        0.5501003527597238
                    ],
                    [
                        0.9259691456414213,
                        1.7749727689491794,
                        0.5335694856397757
                    ],
                    [
                        0.26141851899077,
                        1.5074343051512484,
                        -0.42937324903337737
                    ],
                    [
                        0.9075795617153083,
                        1.73252049516769,
                        0.5519590695658888
                    ],
                    [
                        0.2211652654523144,
                        1.414509846029382,
                        -0.38911999549492177
                    ]
                ],
                [
                    [
                        -0.47129592097643,
                        1.707093202340846,
                        0.016959063313505284
                    ],
                    [
                        -0.4764183497930243,
                        1.7151947319919723,
                        0.06881620486550515
                    ],
                    [
                        -0.4129263969116914,
                        1.7151947319919723,
                        0.09446861895905359
                    ],
                    [
                        -0.4059978851441964,
                        1.707093202340846,
                        0.043341182285251405
                    ],
                    [
                        -0.47129592097643,
                        1.7033492808670072,
                        0.016959063313505284
                    ],
                    [
                        -0.4764183497930243,
                        1.7115543639046518,
                        0.06881620486550515
                    ],
                    [
                        -0.4059978851441964,
                        1.7033492808670072,
                        0.043341182285251405
                    ],
                    [
                        -0.4129263969116914,
                        1.7115543639046518,
                        0.09446861895905359
                    ]
                ],
                [
                    [
                        -0.07461752382024182,
                        1.554848084090809,
                        0.1597165312612988
                    ],
                    [
                        -0.08316160634601584,
                        1.5670308354458866,
                        0.2091169336965162
                    ],
                    [
                        -0.11790568498021965,
                        1.515074535699393,
                        0.2004542619600239
                    ],
                    [
                        -0.11033922050606296,
                        1.501429854181706,
                        0.1508101119684533
                    ],
                    [
                        -0.08012461872597254,
                        1.554848084090809,
                        0.15834345828698526
                    ],
                    [
                        -0.08851798513545554,
                        1.5670308354458866,
                        0.20778143847047376
                    ],
                    [
                        -0.11584631541179367,
                        1.501429854181706,
                        0.14943703899413954
                    ],
                    [
                        -0.12326206376965936,
                        1.515074535699393,
                        0.19911876673398124
                    ]
                ],
                [
                    [
                        -0.2818756220685939,
                        2.256289397111206,
                        0.019939463053403845
                    ],
                    [
                        -0.2846191708214384,
                        2.2495888838659135,
                        0.07078610098964802
                    ],
                    [
                        -0.21178815342982155,
                        2.263202822985872,
                        0.08894491310093647
                    ],
                    [
                        -0.2070893685737425,
                        2.270268818771817,
                        0.03858577027739865
                    ],
                    [
                        -0.2818756220685939,
                        2.2523285609740324,
                        0.019939463053403845
                    ],
                    [
                        -0.2846191708214384,
                        2.245731601115258,
                        0.07078610098964802
                    ],
                    [
                        -0.2070893685737425,
                        2.266307982634644,
                        0.03858577027739865
                    ],
                    [
                        -0.21178815342982155,
                        2.2593455402352176,
                        0.08894491310093647
                    ]
                ],
                [
                    [
                        -0.6233540257579335,
